"p_val","avg_log2FC","pct.1","pct.2","p_val_adj","cluster","gene"
1.6270259290383e-89,1.50801123632049,1,0.999,3.9297557264062e-85,"0","ACTB"
8.35458067303891e-65,1.12643243197217,1,0.936,2.01788186995909e-60,"0","FRZB"
3.91791485539191e-58,1.06660298690071,1,0.998,9.46293975022809e-54,"0","ACTG1"
8.80567802612096e-51,1.72576940463017,0.931,0.702,2.126835413649e-46,"0","RARRES2"
7.32424115999288e-47,1.50553690559863,0.907,0.607,1.76902396737308e-42,"0","GOT1"
9.05241478723033e-47,0.964246284707742,0.994,0.951,2.18642974355974e-42,"0","PNP"
2.67936986048866e-45,0.649734306730156,1,1,6.47148202403826e-41,"0","EIF1"
1.04507628043921e-44,1.09897560366653,0.994,0.94,2.52417274014482e-40,"0","RHOC"
1.73773792358591e-44,1.25232800519948,0.991,0.837,4.19715840683706e-40,"0","TF"
3.76170519024466e-43,0.650227015814064,1,0.989,9.08564654599792e-39,"0","ANXA2"
6.08913437932106e-43,0.946544392187463,0.997,0.94,1.47070862663741e-38,"0","GPRC5A"
1.00857326885231e-42,1.42959169997114,0.964,0.857,2.43600701625898e-38,"0","TPM4"
6.46356485264159e-42,1.20684644397306,0.967,0.837,1.56114481885852e-37,"0","TUBB6"
4.41410716931583e-40,1.18641706095474,0.982,0.786,1.06613930460485e-35,"0","FHL2"
5.81593976702215e-39,1.12514545425726,0.964,0.853,1.40472393192886e-34,"0","PDLIM4"
6.01986846870732e-39,0.773593950287888,1,0.982,1.45397883124688e-34,"0","C2orf82"
6.49100866824918e-39,1.30880751845808,0.865,0.556,1.56777332364223e-34,"0","WIF1"
3.33097905686816e-38,1.06821288075336,0.976,0.82,8.04531371605367e-34,"0","BLOC1S2"
1.28022690360573e-37,1.69158238389812,0.826,0.574,3.09213204027891e-33,"0","ZNF365"
8.84146359070775e-37,0.981522931296895,0.997,0.936,2.13547870106364e-32,"0","CLEC3A"
1.83715977472113e-36,0.805047607902452,0.997,0.969,4.43729200388396e-32,"0","TNFRSF12A"
6.21737786257705e-36,1.06114936363371,0.994,0.954,1.50168327514824e-31,"0","CYTL1"
1.9542026091075e-35,0.97607894042652,0.976,0.912,4.71998556177735e-31,"0","SARS"
2.43827448257183e-34,1.44821920376297,0.823,0.539,5.88916435775575e-30,"0","ITGA2"
3.03764478969617e-33,1.42351152070117,0.961,0.855,7.33682346055317e-29,"0","ERCC1"
4.88032525845913e-33,0.552763874120054,1,1,1.17874495967563e-28,"0","SCRG1"
8.45977498121815e-33,0.693098789055456,0.997,0.989,2.04328945121362e-28,"0","GPX3"
1.38466633320509e-32,0.820830778818705,1,0.993,3.34438459459026e-28,"0","INHBA"
2.23149436087141e-32,0.7255323436345,0.991,0.927,5.38972832981273e-28,"0","SPINT2"
1.95298667648314e-31,1.31428739985128,0.844,0.548,4.71704871970973e-27,"0","ATP6V0A1"
3.71936770148529e-31,0.675297107275636,1,0.998,8.98338880939741e-27,"0","S100A10"
1.7459488333424e-30,1.0553297647447,0.94,0.757,4.2169902171719e-26,"0","CLCF1"
5.47751141589828e-30,0.698030687684192,1,0.981,1.32298333228191e-25,"0","CFH"
1.28954838476106e-29,0.947961983277162,0.919,0.721,3.11464621371338e-25,"0","WDR1"
1.49227472594711e-29,0.755102870307853,0.994,0.974,3.60429114558005e-25,"0","CD9"
1.8097258633937e-29,0.816907949947147,0.988,0.889,4.37103087785479e-25,"0","MYL12A"
2.01879479284567e-29,0.495634057397021,1,0.968,4.87599506316013e-25,"0","MIA"
3.33175630698456e-29,0.669207054889646,1,0.999,8.04719100825981e-25,"0","SERPINA1"
9.51758895353463e-29,0.970747908250394,0.889,0.639,2.29878325994722e-24,"0","TRAF3IP2"
1.41471958863832e-28,0.843487631571971,0.997,0.953,3.41697222243814e-24,"0","PGAM1"
1.4851592963715e-28,0.86255631281797,0.943,0.739,3.58710524852609e-24,"0","PGM3"
1.75874517378452e-28,0.611418538385645,0.994,0.977,4.24789721824175e-24,"0","PRDX1"
6.53691021366808e-28,1.40066366445552,0.602,0.283,1.57885992390725e-23,"0","ST8SIA1"
1.2670404046958e-27,0.717350246520225,0.994,0.933,3.06028268946176e-23,"0","SERPINA5"
1.59662115082614e-27,0.526979098406355,1,0.994,3.85631906559038e-23,"0","MYL6"
2.61513483092769e-27,1.47043933639096,0.575,0.262,6.31633515713964e-23,"0","BEX2"
4.12644540391913e-27,0.468598363238172,1,0.988,9.96660358408587e-23,"0","CHAD"
5.19948869598026e-27,2.01308695671067,0.707,0.41,1.25583250474011e-22,"0","CAMTA2"
5.78960592435455e-27,1.2416337238414,0.731,0.445,1.39836351890935e-22,"0","ZYX"
1.94424723061089e-26,0.615707128904142,0.994,0.924,4.69594033609448e-22,"0","S100B"
2.32911455250903e-26,1.40867415791893,0.695,0.391,5.62551037867507e-22,"0","CDA"
2.42012321909983e-26,0.880080631980342,0.817,0.536,5.84532361109183e-22,"0","CDC42SE1"
3.47867104183261e-26,1.01257182411068,0.868,0.629,8.4020341673383e-22,"0","TCEAL2"
3.51394018608045e-26,0.495571135568302,0.988,0.94,8.4872197314401e-22,"0","HLA-B"
4.04845188588878e-26,0.826873580862452,0.967,0.829,9.77822583998717e-22,"0","PTPRE"
6.17116486749879e-26,1.99361082997592,0.452,0.18,1.49052145044698e-21,"0","ZNF527"
8.49302479078879e-26,0.960235925596276,0.904,0.685,2.05132027771922e-21,"0","GLIPR1"
1.22050659397898e-25,0.747517140059537,0.979,0.866,2.94788957643744e-21,"0","ITM2A"
1.35946121579945e-25,0.677273584840577,0.982,0.933,3.28350667452042e-21,"0","SRSF7"
2.81934412223802e-25,0.866586670278654,0.907,0.734,6.80956185844149e-21,"0","ACTR3"
3.7086669077129e-25,0.996211535373547,0.928,0.73,8.95754318219897e-21,"0","U2AF1"
4.22348424530999e-25,0.472895027984729,1,0.99,1.02009814976972e-20,"0","FGFBP2"
4.9092562261629e-25,0.79617921139183,0.943,0.829,1.18573265630512e-20,"0","P3H2"
7.85061647373395e-25,0.915767532769425,0.934,0.758,1.89615939690096e-20,"0","NOTCH2NL"
1.06492433050932e-24,0.924942731093736,0.91,0.75,2.57211173547916e-20,"0","NDEL1"
2.26094770751258e-24,1.00236707227501,0.886,0.659,5.46086699795512e-20,"0","SNHG15"
2.90277399083083e-24,0.986662912590933,0.74,0.467,7.01107002005371e-20,"0","C15orf57"
8.34542882602478e-24,0.931584797583465,0.931,0.792,2.01567142434976e-19,"0","ASNS"
1.04738226398214e-23,0.927827700670237,0.976,0.894,2.52974238219606e-19,"0","HBEGF"
1.18551795918535e-23,0.995111870379615,0.832,0.617,2.86338152682039e-19,"0","ZNF593"
1.44291523533532e-23,0.910263618396105,0.719,0.449,3.4850731679054e-19,"0","CHRDL2"
3.25354191050614e-23,0.634494602338611,0.901,0.661,7.85827977644547e-19,"0","GREM1"
4.24766646916904e-23,0.696890313363986,0.988,0.927,1.0259388822984e-18,"0","HSPA9"
6.41419601676258e-23,0.638194667341921,0.976,0.876,1.54922076392867e-18,"0","NGFRAP1"
1.23597915432952e-22,1.09955082666033,0.787,0.546,2.9852604514521e-18,"0","GIPR"
2.48883432151584e-22,0.549874360063467,0.994,0.967,6.01128153675721e-18,"0","NDUFA4L2"
2.60413608887501e-22,2.26909442712525,0.749,0.512,6.28976989545981e-18,"0","S100A3"
2.68921295246335e-22,1.35347825390783,0.725,0.472,6.49525604408473e-18,"0","DSC2"
3.06361878140871e-22,0.893917263322426,0.841,0.591,7.39955844273645e-18,"0","ALDOC"
3.42861651367808e-22,1.2797341399496,0.817,0.596,8.28113746548666e-18,"0","MSMO1"
4.01784238232282e-22,1.0198180829961,0.988,0.951,9.70429470602431e-18,"0","FGF1"
6.18125120719395e-22,0.551515483904367,0.997,0.977,1.49295760407355e-17,"0","RAN"
1.06380753447447e-21,1.29579957082993,0.838,0.627,2.5694143380162e-17,"0","CDC37L1"
2.42022055775681e-21,0.658908460370351,1,0.995,5.84555871315003e-17,"0","ANXA1"
2.4302832421499e-21,0.71371626399669,0.856,0.593,5.86986311476465e-17,"0","METRNL"
6.13654658436668e-21,0.533421967083011,0.988,0.912,1.48216009652208e-16,"0","LRRFIP1"
1.4537259206354e-20,0.432590904146074,0.997,0.984,3.51118421611067e-16,"0","PCOLCE2"
1.87629407038518e-20,1.03099723436863,0.799,0.579,4.53181306820132e-16,"0","ATG101"
2.08933481666541e-20,1.64061693754615,0.677,0.455,5.04637038269196e-16,"0","GPR183"
2.22130100521149e-20,1.0631639935975,0.683,0.417,5.3651083178873e-16,"0","RELT"
2.76488326984782e-20,0.781449861207291,0.793,0.555,6.67802256166344e-16,"0","ARPC5L"
2.98109397666218e-20,2.00907010191569,0.88,0.725,7.20023628183216e-16,"0","CCL2"
4.21452245274701e-20,0.656754465962296,0.982,0.91,1.01793360801199e-15,"0","EIF1B"
4.31951583346945e-20,0.977725190082219,0.757,0.507,1.04329265925788e-15,"0","EMG1"
4.71843579280295e-20,0.544379273229588,0.994,0.964,1.1396437970357e-15,"0","UAP1"
5.20800235148711e-20,0.54518345272679,0.985,0.933,1.25788880795468e-15,"0","RAB1A"
5.4632831088627e-20,0.584270788889818,0.994,0.99,1.31954676928361e-15,"0","SERPINA3"
6.67125287696985e-20,0.688214749669913,0.928,0.781,1.61130770737453e-15,"0","SNRPD1"
9.08215835142684e-20,0.543267861494236,0.967,0.861,2.19361370662012e-15,"0","GARS"
1.02116489547601e-19,1.69124455653737,0.41,0.177,2.4664195720432e-15,"0","SERPINA6"
1.19458230498447e-19,1.58847929890498,0.572,0.328,2.885274641229e-15,"0","FST"
1.31751190491531e-19,0.849252766568607,0.76,0.522,3.18218650394194e-15,"0","SESN2"
1.5271275703095e-19,1.12763445614032,0.734,0.491,3.68847122056854e-15,"0","ISG20"
1.71482974486335e-19,0.938355906208354,0.814,0.609,4.14182828276844e-15,"0","SRA1"
2.44760327534881e-19,2.43053471049442,0.38,0.163,5.91169619094997e-15,"0","TNFAIP8L3"
2.54528833217357e-19,0.742258761815752,0.928,0.737,6.14763490869883e-15,"0","CTNNAL1"
2.60040191195708e-19,0.654249245318504,0.952,0.855,6.28075073794994e-15,"0","DEGS1"
3.11799385564167e-19,0.533099678717297,0.994,0.931,7.53089055953131e-15,"0","SEC61B"
3.15824720628066e-19,0.60062061921312,0.955,0.807,7.62811447732968e-15,"0","RABGEF1"
3.64313417652433e-19,0.851861948845175,0.668,0.393,8.79926197655921e-15,"0","RAB30-AS1"
4.32358232446725e-19,0.621005602711785,0.737,0.459,1.04427483882858e-14,"0","SLC25A4"
4.81188263536407e-19,1.084391237504,1,0.986,1.16221401291948e-14,"0","CRYAB"
5.20865375954004e-19,0.798276956293407,0.925,0.792,1.25804614254171e-14,"0","HAX1"
7.61677005029493e-19,0.673515090913768,0.961,0.889,1.83967847024773e-14,"0","NFATC2"
9.43184827889172e-19,0.579291066084892,0.994,0.943,2.27807431480072e-14,"0","CDKN1A"
1.05393371484824e-18,0.74729704894584,0.925,0.77,2.54556610147295e-14,"0","CHAC1"
1.14946857404254e-18,0.662672444461512,0.868,0.651,2.77631144688495e-14,"0","NIFK"
1.58281797184869e-18,0.526084947126972,0.967,0.827,3.82298024740613e-14,"0","GPC6"
1.5977308110888e-18,0.416094369221836,1,1,3.85899922802278e-14,"0","C2orf40"
1.99755873379949e-18,0.887476639246907,0.853,0.664,4.8247036097459e-14,"0","DSP"
2.69315474314701e-18,0.574360704033131,0.958,0.885,6.50477665112297e-14,"0","ILF2"
2.82933808019819e-18,0.528366537171477,0.952,0.851,6.8337002651027e-14,"0","EIF3I"
2.94723365444065e-18,1.91404397247768,0.398,0.174,7.11845344557049e-14,"0","RASGRP3"
6.34472819671397e-18,0.87947823299741,0.757,0.549,1.53244220135233e-13,"0","LDLR"
6.7345998482112e-18,0.489535928340379,0.686,0.449,1.62660790133845e-13,"0","TIMM10B"
6.97177880371681e-18,0.352101362491732,0.997,0.96,1.68389373446172e-13,"0","PLAC9"
7.45849238681984e-18,0.528766897673707,0.835,0.571,1.8014496661886e-13,"0","STK40"
9.97278180970966e-18,0.894244092417618,0.692,0.434,2.40872599049917e-13,"0","NDRG2"
1.02561863147493e-17,0.990265895042909,0.76,0.546,2.4771766806014e-13,"0","FDFT1"
1.17688405762391e-17,0.720443046942271,0.856,0.664,2.84252806437904e-13,"0","FXYD1"
1.31314071548967e-17,0.733761293465055,0.868,0.663,3.17162877012221e-13,"0","MED10"
1.37290710019099e-17,1.01744629469905,0.707,0.479,3.3159825190913e-13,"0","TOMM34"
1.85285255785388e-17,1.37574367884907,0.763,0.577,4.47519478298448e-13,"0","ARC"
2.13051923691077e-17,0.682795187603928,0.979,0.851,5.14584311291058e-13,"0","TSPAN2"
2.14258019758261e-17,0.573095692252086,0.976,0.889,5.17497395122127e-13,"0","TUBA1C"
3.12393492671334e-17,0.413732253890074,0.991,0.935,7.54524002849074e-13,"0","COL11A2"
3.29325451465466e-17,0.957978655848499,0.973,0.905,7.95419762924539e-13,"0","PHLDA2"
3.3029453739213e-17,0.597907107303667,0.961,0.87,7.97760396163212e-13,"0","TAF7"
3.91736618192004e-17,0.989785788907811,0.458,0.219,9.46161453919148e-13,"0","CNTFR"
4.5433827981158e-17,1.19813462327636,0.659,0.439,1.09736324722891e-12,"0","KIF9"
5.54424653240271e-17,0.677300696576396,0.823,0.602,1.33910186497123e-12,"0","MINPP1"
6.24113719698143e-17,0.621431875306446,0.964,0.853,1.50742186718692e-12,"0","DUSP14"
7.82100582812256e-17,0.82459542819725,0.979,0.898,1.88900753766644e-12,"0","PDLIM5"
8.51328805602668e-17,0.730665586127412,0.88,0.736,2.05621446417212e-12,"0","MLF1"
8.83882139216359e-17,0.813516967117673,0.94,0.824,2.13484053084927e-12,"0","GOLIM4"
8.96048267263552e-17,0.374137139964157,0.982,0.947,2.16422537992166e-12,"0","FGF2"
9.28057510409134e-17,1.35331143944271,0.766,0.516,2.24153730489118e-12,"0","CD82"
9.7216539709287e-17,1.1337006609386,0.629,0.409,2.34807108359841e-12,"0","TTPAL"
9.86124195799162e-17,0.601070502094579,0.925,0.773,2.38178577011371e-12,"0","TES"
1.11818941894566e-16,0.663969329617444,0.856,0.64,2.70076290357944e-12,"0","SMOX"
1.24501187916935e-16,0.568327255525295,0.994,0.959,3.00707719175774e-12,"0","SLC3A2"
1.30200987976846e-16,0.755465783149032,0.737,0.497,3.14474446260476e-12,"0","NIP7"
1.3857190593725e-16,0.528018086982603,0.91,0.706,3.3469272441024e-12,"0","CHID1"
1.72863356934432e-16,1.27719907372956,0.269,0.092,4.17516866003733e-12,"0","MIEF2"
1.7390499850884e-16,1.64886447024716,0.398,0.187,4.20032742898402e-12,"0","HLA-G"
2.10970714236763e-16,0.604376365813854,0.964,0.855,5.09557566096053e-12,"0","TOMM5"
2.14622410944362e-16,0.704441546263472,0.895,0.709,5.18377509153918e-12,"0","NOP16"
2.30878109589502e-16,0.66349623280432,0.91,0.774,5.57639898091524e-12,"0","MAPK1IP1L"
2.70067836256631e-16,0.852837812856031,0.928,0.78,6.5229484491064e-12,"0","SPPL2A"
3.00804589528298e-16,0.915424155426641,0.781,0.561,7.26533325087698e-12,"0","UCHL3"
3.16597276624335e-16,0.694910745028157,0.889,0.758,7.64677402230757e-12,"0","UQCRFS1"
3.24860943145576e-16,0.950540465904813,0.769,0.578,7.84636635979511e-12,"0","RIPK2"
3.68076042730025e-16,0.622897559132382,0.973,0.873,8.89014066005829e-12,"0","LITAF"
3.98085685153284e-16,1.20903889772502,0.629,0.396,9.61496355350726e-12,"0","KRT8"
4.1116549329453e-16,0.560170548454898,0.976,0.872,9.93088015954279e-12,"0","SLC29A1"
5.19023179618102e-16,0.538440807855979,0.829,0.64,1.2535966857316e-11,"0","EBNA1BP2"
5.21516072655534e-16,0.478390170242036,0.892,0.749,1.25961777028491e-11,"0","ATP13A3"
6.38507837925291e-16,0.32366604053561,0.928,0.787,1.54218798094096e-11,"0","FOSL1"
6.94978589389679e-16,0.485224859503044,1,0.996,1.67858178695289e-11,"0","CILP"
7.33225720777512e-16,0.583479365679139,0.85,0.65,1.77096008339392e-11,"0","ELOVL5"
8.51686887855701e-16,0.575827942110487,0.967,0.846,2.05707934023787e-11,"0","RCN1"
1.06186281825524e-15,0.835379128217175,0.796,0.606,2.56471726493189e-11,"0","INHBA-AS1"
1.08043857868553e-15,0.961370556549606,0.689,0.447,2.60958329909915e-11,"0","USE1"
1.24135019527349e-15,0.773159563661475,0.638,0.376,2.99823312664406e-11,"0","FASTKD2"
1.31969798189582e-15,0.8755285287118,0.62,0.397,3.18746653567296e-11,"0","GOSR2"
1.51021024926208e-15,0.594617088839175,0.964,0.86,3.64761081504269e-11,"0","IDI1"
1.59398676144791e-15,0.758999212126841,0.904,0.764,3.84995622492513e-11,"0","UPP1"
1.60996910777136e-15,0.439567302208017,0.928,0.742,3.88855838600016e-11,"0","SDC4"
1.82187845314495e-15,1.38978544805594,0.766,0.534,4.400383027881e-11,"0","TAF9"
1.92045690224743e-15,0.655234492927384,0.934,0.773,4.63847955599821e-11,"0","SRI"
2.61735383946753e-15,0.727095975863556,0.704,0.48,6.32169472846593e-11,"0","VPS37B"
2.63661016581872e-15,1.02420150628519,0.898,0.729,6.36820453350195e-11,"0","BTG2"
3.18633391107596e-15,0.48341989529024,0.976,0.908,7.69595229542176e-11,"0","HLA-C"
3.27684026275935e-15,0.980197504269626,0.671,0.457,7.91455228664266e-11,"0","LYAR"
4.6472706034526e-15,0.701805047300762,0.787,0.563,1.12245526885191e-10,"0","HK1"
7.6496080585915e-15,0.756992503715016,0.548,0.332,1.8476098343916e-10,"0","FAM120AOS"
8.91592169049202e-15,1.48706223552129,0.299,0.12,2.15346256590454e-10,"0","CISH"
9.01380771954422e-15,0.360432130429552,0.994,0.982,2.17710497850152e-10,"0","SOD1"
9.45141310371926e-15,0.887853461915503,0.458,0.246,2.28279980694131e-10,"0","POLR2D"
9.67127456521452e-15,0.46016229032966,1,0.996,2.33590294573626e-10,"0","MMP3"
9.75412850279955e-15,0.989773174980083,0.434,0.218,2.35591465728117e-10,"0","PTPN22"
1.13651418891806e-14,0.506101274174917,0.997,0.97,2.74502272049379e-10,"0","C11orf96"
1.18617295562083e-14,0.636805772625655,0.743,0.507,2.86496353971099e-10,"0","GTPBP4"
1.2019686844474e-14,0.65175872725119,0.94,0.831,2.90311496354581e-10,"0","STK38L"
1.22295167835503e-14,0.716083157683966,0.751,0.518,2.9537951887309e-10,"0","PEF1"
1.29490320259909e-14,0.560411447238859,0.847,0.684,3.12757970523759e-10,"0","SRPRB"
1.36309252331208e-14,0.536734090861661,0.886,0.712,3.29227737155566e-10,"0","SBDSP1"
1.61175721055771e-14,1.14418095717593,0.503,0.287,3.89287719066003e-10,"0","PLK3"
1.67553741727391e-14,0.451666434091013,0.946,0.812,4.04692552394168e-10,"0","MYADM"
1.9799979782253e-14,0.534725612705634,0.937,0.785,4.78228911680756e-10,"0","GTF2A2"
1.99125334079994e-14,0.620935549665661,0.775,0.562,4.80947419403408e-10,"0","DCUN1D5"
2.07517336014437e-14,0.618128493932115,0.988,0.939,5.01216621675669e-10,"0","UGP2"
2.2201018427686e-14,0.327886682552277,0.997,0.984,5.36221198083899e-10,"0","HAPLN1"
2.26874463698236e-14,1.03443277001779,0.644,0.426,5.47969892170349e-10,"0","LYRM1"
2.31788436234308e-14,0.599865119622309,0.949,0.805,5.59838610036723e-10,"0","EIF4E"
2.34264357329506e-14,0.544054944134623,0.901,0.746,5.65818702257957e-10,"0","GLO1"
2.43021908209917e-14,0.966958416218917,0.467,0.251,5.86970814899414e-10,"0","SNHG10"
2.68715749983157e-14,0.596685448638129,0.997,0.98,6.49029150934319e-10,"0","CYR61"
2.7110483838101e-14,0.772500143642999,0.751,0.558,6.54799516141654e-10,"0","CCNH"
2.75893044414582e-14,0.554715499577627,0.817,0.592,6.6636447017454e-10,"0","PHGDH"
3.07763550424363e-14,0.576889896953402,0.97,0.851,7.43341303339963e-10,"0","GSTO1"
3.26530636167057e-14,0.627314483635747,0.997,0.981,7.88669445534294e-10,"0","TM4SF1"
3.32351543793967e-14,0.584105137282183,0.79,0.584,8.02728683725567e-10,"0","MRPL3"
3.64118364207413e-14,0.868484143588453,0.725,0.524,8.79455085070165e-10,"0","CA9"
3.67416594432429e-14,2.17599907151107,0.431,0.235,8.87421300532646e-10,"0","FGD6"
3.81621401658226e-14,0.676997213111419,0.952,0.85,9.21730171425114e-10,"0","EIF6"
3.93427044391794e-14,0.66392025832035,0.778,0.578,9.502443403195e-10,"0","BEX4"
3.93719158027557e-14,0.433986983099457,0.997,0.975,9.50949882383957e-10,"0","NUPR1"
4.11144882793238e-14,1.04945359432177,0.707,0.46,9.93038235410509e-10,"0","SEPT6"
4.35539958127948e-14,0.376028740897029,0.988,0.954,1.05195966086643e-09,"0","SEC61G"
4.62541058034583e-14,1.1089998896066,0.725,0.548,1.11717541747093e-09,"0","LDLRAD4"
4.76155616147954e-14,1.85015659585041,0.266,0.101,1.15005865968215e-09,"0","RSPO3"
5.01320524195555e-14,0.731649172469342,0.763,0.568,1.21083946208952e-09,"0","LLPH"
5.06010304002279e-14,0.411925849049521,0.994,0.956,1.22216668725671e-09,"0","UBE2D3"
5.06538343692214e-14,0.692957102297179,0.82,0.625,1.2234420615198e-09,"0","RPF2"
5.07102507512313e-14,0.53630615204014,0.937,0.803,1.22480468639449e-09,"0","VDAC2"
5.14085442554971e-14,0.542128299063159,0.443,0.222,1.24167056940302e-09,"0","AGPAT9"
5.21559622583359e-14,0.753212182410961,0.871,0.756,1.25972295642559e-09,"0","CRISPLD2"
5.51297344073479e-14,0.431548725683057,0.976,0.947,1.33154847514067e-09,"0","FXYD5"
6.18993420762977e-14,0.826915039320404,0.572,0.336,1.49505480916882e-09,"0","EXOSC3"
6.42141760275293e-14,1.45786725650019,0.671,0.493,1.55096499359292e-09,"0","TAGLN"
6.85293569691666e-14,0.729173179281156,0.823,0.653,1.65518955887628e-09,"0","STK17A"
7.59660704320602e-14,0.342363976225517,1,0.99,1.83480849914555e-09,"0","DDX5"
8.73874282918916e-14,0.652575285592084,0.913,0.759,2.11066855553406e-09,"0","CSRP1"
9.25743783266573e-14,1.49792932705618,0.401,0.212,2.23594895972375e-09,"0","PLEKHB1"
9.47582300007191e-14,0.601779002835723,0.829,0.623,2.28869552920737e-09,"0","IFT57"
1.00601726525792e-13,0.344079789111481,0.997,0.976,2.42983350077745e-09,"0","CHCHD2"
1.04658746806903e-13,0.614816286266244,0.817,0.627,2.52782271162713e-09,"0","MYH9"
1.07518329841277e-13,0.303816291375003,1,0.998,2.59689022065635e-09,"0","H3F3B"
1.09326333317005e-13,0.704196159882039,0.766,0.591,2.64055892860561e-09,"0","PUF60"
1.2279198095534e-13,0.875357491088478,0.56,0.338,2.96579471601432e-09,"0","LTV1"
1.31334296073975e-13,0.906466673081638,0.566,0.342,3.17211725307471e-09,"0","XIST"
1.3698124340435e-13,0.767343904577833,0.889,0.758,3.30850797194527e-09,"0","ACSL3"
1.37504061997731e-13,1.2694826040719,0.389,0.2,3.32113560943121e-09,"0","DNTTIP1"
1.56763867994807e-13,0.902875360699746,0.71,0.517,3.78631770367858e-09,"0","WARS"
2.14210674988431e-13,0.53664167979946,0.689,0.46,5.17383043299556e-09,"0","PARM1"
2.15119669233323e-13,1.44028512130624,0.287,0.118,5.19578537099246e-09,"0","LYVE1"
2.30121804328755e-13,0.748237686677354,0.856,0.676,5.55813193995242e-09,"0","NDUFAF4"
2.33070897785963e-13,0.48856380745006,1,0.986,5.62936139422436e-09,"0","SAT1"
2.44513269719365e-13,0.646986156891268,0.737,0.537,5.90572900353181e-09,"0","PXK"
2.72636267216966e-13,0.581730197025792,0.784,0.568,6.58498376209137e-09,"0","MARS"
2.87838619801643e-13,0.433017061986004,0.934,0.823,6.95216618406909e-09,"0","NOTCH2"
3.07226031102651e-13,0.77841771173336,0.808,0.617,7.42043032922233e-09,"0","HAT1"
3.07969578348294e-13,0.743118305257539,0.584,0.368,7.43838922584634e-09,"0","PHLDB1"
3.14113722970336e-13,0.649750971721442,0.913,0.752,7.58678875090252e-09,"0","STRAP"
3.46724877109891e-13,0.798261622391878,0.692,0.498,8.3744459568352e-09,"0","ITPKC"
3.98629341343739e-13,1.02971014265747,0.476,0.269,9.62809448147533e-09,"0","MRPS17"
4.00595648865974e-13,0.514191811152459,0.949,0.832,9.67558670705987e-09,"0","ITGA5"
4.08779301072846e-13,0.749126108064779,0.578,0.358,9.87324645881244e-09,"0","PCK2"
4.15392549912478e-13,0.4924461825625,0.976,0.931,1.00329762580361e-08,"0","ARPC2"
4.38524264588296e-13,0.592722211822586,0.614,0.395,1.05916765626011e-08,"0","MRPS18C"
4.39773901969918e-13,0.687600631161488,0.692,0.492,1.06218590542794e-08,"0","MED19"
4.72878005055091e-13,0.569649310783713,0.946,0.82,1.14214224560956e-08,"0","SNRPB2"
4.94959662131675e-13,0.477075723890462,0.907,0.758,1.19547607194663e-08,"0","C1orf198"
5.49630516239263e-13,0.409281959358821,0.979,0.94,1.32752258587269e-08,"0","SRSF5"
5.89439443878026e-13,0.528208638946659,0.793,0.585,1.4236730887986e-08,"0","CMC2"
6.19503180139834e-13,0.340911242085223,0.982,0.94,1.49628603099174e-08,"0","YWHAZ"
6.40147969784231e-13,0.852473900800122,0.901,0.787,1.54614939141985e-08,"0","CYSTM1"
6.46616254542676e-13,0.694699268257194,0.961,0.909,1.56177223959693e-08,"0","PHLDA1"
6.48025685547048e-13,0.494338776522115,0.56,0.327,1.56517643830179e-08,"0","PPP1R11"
7.20263315093552e-13,1.01622600631365,0.665,0.474,1.73965198494546e-08,"0","PSAT1"
7.29909413782489e-13,0.493788723988706,0.916,0.807,1.76295020710884e-08,"0","ACTN1"
7.85335194167854e-13,0.66741320401538,0.814,0.655,1.89682009447362e-08,"0","SYAP1"
7.85950217885622e-13,0.921511039538882,0.548,0.351,1.89830556125914e-08,"0","MRPS18A"
8.33965294732124e-13,0.603855240982492,0.656,0.427,2.0142763763665e-08,"0","CIRH1A"
8.35484196851778e-13,0.479032789294226,0.967,0.923,2.0179449806561e-08,"0","PSMB1"
8.95572074780032e-13,0.677392145454499,0.722,0.502,2.16307523221621e-08,"0","MAT2A"
9.44024979235146e-13,0.68799324894535,0.728,0.55,2.28010353234665e-08,"0","NR1H2"
9.72123116197204e-13,0.608220805552653,0.74,0.539,2.34796896255111e-08,"0","SCD"
1.10059343109018e-12,0.531039983825032,0.874,0.734,2.65826331411212e-08,"0","DPM1"
1.20699318525415e-12,0.621155989711029,0.62,0.412,2.91525064034435e-08,"0","GS1-124K5.11"
1.29528531515935e-12,1.03387612270045,0.503,0.294,3.12850262170439e-08,"0","TIMM8A"
1.32460097152191e-12,1.19059165433976,0.584,0.376,3.19930872651686e-08,"0","SMS"
1.42630835565314e-12,0.887026928860382,0.536,0.333,3.44496257140903e-08,"0","PDCD11"
1.43212565209639e-12,1.02183160922627,0.446,0.25,3.4590130875084e-08,"0","MTMR1"
1.48459356918949e-12,0.470439675072626,0.967,0.874,3.58573884766337e-08,"0","CTNNA1"
1.51621003555888e-12,0.864389323248276,0.787,0.597,3.66210209888537e-08,"0","MRPL17"
1.56665549470782e-12,0.994948329381145,0.56,0.356,3.78394301636779e-08,"0","RRP7A"
1.76820643409678e-12,0.310928033482074,0.997,0.969,4.27074900027395e-08,"0","BTF3"
1.95983527924317e-12,0.977198236597555,0.913,0.787,4.73359014995603e-08,"0","RGS3"
2.0707779144311e-12,0.716484071485424,0.805,0.63,5.00154989672544e-08,"0","ARNTL"
2.09156334755189e-12,0.865278679374133,0.781,0.637,5.05175295334209e-08,"0","S100A16"
2.22080440128231e-12,0.489299149304754,0.973,0.88,5.36390887041715e-08,"0","TGFBR1"
2.28507893832679e-12,0.486134968799947,0.799,0.578,5.51915115974069e-08,"0","WDR43"
2.69458902378991e-12,0.523119755633525,0.946,0.865,6.50824086915977e-08,"0","SSBP1"
2.88060597773409e-12,0.435023028164416,0.907,0.727,6.95752761802115e-08,"0","CEBPG"
3.06497773721211e-12,0.331808451593863,0.979,0.914,7.40284072868841e-08,"0","PSMA7"
3.07654088950703e-12,0.815670287653924,0.68,0.516,7.43076921042634e-08,"0","SMIM15"
3.18500038822407e-12,0.644513071222968,0.716,0.515,7.69273143767761e-08,"0","EIF3M"
3.194362332814e-12,0.580848878286409,0.823,0.638,7.71534334244566e-08,"0","MRPL20"
3.19557933138157e-12,0.398608931801558,0.988,0.955,7.7182827590859e-08,"0","UGDH"
3.43492745108101e-12,0.825479881246137,0.805,0.631,8.29638027259597e-08,"0","PELO"
3.64080415074564e-12,0.677574952703155,0.871,0.716,8.79363426529594e-08,"0","VMP1"
3.70508122216636e-12,0.481372060487454,0.889,0.707,8.9488826758984e-08,"0","EIF2S1"
3.78346364147675e-12,0.544945032772771,0.71,0.504,9.13819973325879e-08,"0","EEF1E1"
4.28586927777947e-12,0.699724883548447,0.686,0.486,1.03516600666207e-07,"0","DDA1"
4.38165474816399e-12,0.401640461446407,0.955,0.91,1.05830107132405e-07,"0","MTHFD2"
4.44283554236552e-12,0.471489154113355,0.958,0.818,1.07307806854754e-07,"0","ATP1B1"
4.49821515332544e-12,0.478123671335575,0.973,0.896,1.08645390598269e-07,"0","SF3B6"
4.51778582394741e-12,0.548013441803648,0.59,0.388,1.09118081005802e-07,"0","C3orf52"
4.57072794191329e-12,0.769875915370449,0.56,0.357,1.10396791981032e-07,"0","MYO1E"
4.67816413792208e-12,0.656161043759524,0.772,0.594,1.12991698423232e-07,"0","CARS"
4.76684314595429e-12,0.782279460816058,0.581,0.374,1.15133562504234e-07,"0","TIMM50"
4.84487370586414e-12,0.427307010949106,0.862,0.718,1.17018234617737e-07,"0","NARS"
5.05029312364882e-12,0.771330450929858,0.698,0.501,1.2197972981549e-07,"0","RHOU"
5.39505641459031e-12,0.329787389015708,0.811,0.581,1.303067975816e-07,"0","SERPINI1"
5.56906132976553e-12,0.35359528600867,0.988,0.959,1.34509538297827e-07,"0","CFL1"
5.68679522299471e-12,0.430456101704149,0.982,0.937,1.37353165020991e-07,"0","EIF2S2"
5.80069067428329e-12,0.559956488217839,0.775,0.56,1.40104081855964e-07,"0","GNPTG"
5.91022371027278e-12,0.465649664544228,0.76,0.545,1.42749633274218e-07,"0","B3GNT5"
5.98194908328737e-12,0.506109480609466,0.769,0.59,1.4448201620864e-07,"0","PNO1"
6.55513617797375e-12,1.143320514832,0.362,0.185,1.583262041066e-07,"0","ZNF274"
7.53335517332251e-12,0.875801364616345,0.557,0.365,1.81953127501258e-07,"0","TINF2"
7.6065456617787e-12,0.825697872361776,0.734,0.548,1.83720897368941e-07,"0","CD14"
8.24638143198359e-12,0.72482978077986,0.572,0.373,1.991748507267e-07,"0","METTL1"
8.59814213920605e-12,0.680073764183802,0.65,0.446,2.07670927088244e-07,"0","MRPS23"
8.83058989987392e-12,0.341534798083362,0.979,0.93,2.13285237851655e-07,"0","POMP"
9.33823240366618e-12,1.19479424377821,0.407,0.223,2.25546327245749e-07,"0","NSDHL"
9.53794503982942e-12,0.880384088628031,0.611,0.422,2.30369986547e-07,"0","BAIAP2L1"
1.1408063195853e-11,0.629246379679222,0.883,0.724,2.75538950369437e-07,"0","CYP51A1"
1.14441085166941e-11,0.442686741810824,0.967,0.874,2.76409553003711e-07,"0","SBDS"
1.15515905624575e-11,0.584200399799952,0.347,0.169,2.79005566855036e-07,"0","GSTM2"
1.2029890608661e-11,0.346259286013955,0.976,0.899,2.9055794787099e-07,"0","NUCB2"
1.29143808722828e-11,0.453541374854189,0.952,0.858,3.11921041208246e-07,"0","DDX21"
1.29279977415355e-11,0.575325694164522,0.814,0.663,3.12249929451307e-07,"0","DCAF13"
1.35910674963376e-11,0.880573747751508,0.997,0.955,3.28265053239042e-07,"0","TNFRSF11B"
1.36710088457995e-11,1.22973842141822,0.416,0.235,3.30195876652595e-07,"0","STX1A"
1.39926545747998e-11,0.419919250520619,0.982,0.913,3.3796458594514e-07,"0","YWHAQ"
1.46496398865119e-11,0.703614903303744,0.647,0.445,3.53832752178921e-07,"0","ALG2"
1.65492408051177e-11,0.52677810476015,0.775,0.572,3.99713813166009e-07,"0","NCBP2"
1.73708136019482e-11,0.715283887242392,0.581,0.374,4.19557260927854e-07,"0","LRRC59"
1.78453608266581e-11,0.327294692414992,0.527,0.311,4.31019000046274e-07,"0","FLII"
1.81639068109769e-11,0.471766063178998,0.898,0.723,4.38712841205525e-07,"0","GABARAPL1"
2.02883354952571e-11,1.50492617896838,0.338,0.174,4.90024167216945e-07,"0","ZNF674-AS1"
2.12235254198007e-11,1.08268523798734,0.482,0.296,5.12611809464446e-07,"0","C19orf48"
2.12250478862293e-11,0.590173359014748,0.71,0.496,5.12648581596096e-07,"0","DMKN"
2.14146534248035e-11,0.558941384692077,0.647,0.432,5.1722812416928e-07,"0","MRPS22"
2.4623093735335e-11,0.722414171168634,0.587,0.387,5.94721582989546e-07,"0","HARS"
2.48966033290323e-11,0.999085455358599,0.275,0.12,6.01327660206117e-07,"0","SPTSSB"
2.49080243705887e-11,0.540560993688819,0.826,0.672,6.01603512622828e-07,"0","PSMC4"
2.49216927529035e-11,0.586804982190588,0.859,0.706,6.01933645060878e-07,"0","PSMD7"
2.53020520379708e-11,1.08493614435971,0.341,0.173,6.11120462873108e-07,"0","UTP14A"
2.65810396044462e-11,0.480788268275516,0.895,0.752,6.42011849566189e-07,"0","FAM96B"
2.68125476330984e-11,0.347047125739465,0.88,0.695,6.47603462982226e-07,"0","CCT5"
2.74588147718275e-11,0.583740150118975,0.563,0.351,6.6321275318395e-07,"0","SSSCA1"
2.77659991444304e-11,0.530826992267143,0.808,0.609,6.70632177335428e-07,"0","NXT1"
2.87720833811557e-11,0.563844447979637,0.626,0.424,6.94932129905054e-07,"0","DNAJC2"
2.9298077629556e-11,0.447745178193236,0.994,0.977,7.07636468986667e-07,"0","RGCC"
3.73298172038401e-11,0.870601299818089,0.611,0.422,9.01627074924351e-07,"0","CDH19"
3.86918331228624e-11,0.73808040647519,0.596,0.401,9.34523845416496e-07,"0","HHIPL2"
4.5864136493559e-11,0.544877242079791,0.889,0.721,1.10775648872893e-06,"0","C14orf166"
4.62134653183604e-11,0.580164319160948,0.793,0.597,1.11619382783436e-06,"0","SLC7A1"
4.84920478402314e-11,0.582010678005499,0.778,0.598,1.17122843148511e-06,"0","PCGF5"
4.87140090732793e-11,0.669122519152352,1,0.978,1.17658946114692e-06,"0","RCAN1"
4.98734437213967e-11,0.581133693728089,0.883,0.74,1.20459328620289e-06,"0","EIF4EBP1"
5.22885336993113e-11,0.458672796360777,0.946,0.816,1.26292495443947e-06,"0","TUBB4B"
5.42716525664883e-11,0.839318757514373,0.943,0.894,1.31082322443839e-06,"0","DDIT4"
5.5684738146139e-11,0.544497851695355,0.946,0.827,1.34495348044369e-06,"0","TPM2"
5.67361568372295e-11,0.500528016578309,0.847,0.708,1.3703483960896e-06,"0","ADRM1"
6.29398665000019e-11,0.398126760638238,0.964,0.845,1.52018659557455e-06,"0","NDUFB9"
6.50109496335261e-11,0.598771751884236,0.68,0.474,1.57020946649856e-06,"0","AARS"
6.5975331650275e-11,0.420316073634898,0.889,0.718,1.59350218534909e-06,"0","GRPEL1"
6.67352626848753e-11,0.614877652859307,0.575,0.402,1.61185679962779e-06,"0","PDLIM3"
6.82782149857171e-11,0.350519965369118,0.997,0.975,1.64912372655003e-06,"0","GSTP1"
6.97353751224741e-11,0.385735363624365,0.997,0.996,1.68431851533312e-06,"0","CD55"
7.06640750447360e-11,0.33645816599028,1,0.996,1.70674940455551e-06,"0","CALM2"
7.10388015789674e-11,0.606960305821281,0.769,0.617,1.7158001745368e-06,"0","DLGAP4"
7.13585573908571e-11,0.834287697561953,0.608,0.42,1.72352323666137e-06,"0","HMGCR"
7.23372658396851e-11,0.619838107214677,0.71,0.531,1.74716198182591e-06,"0","SYNJ2"
7.59609674607277e-11,0.58324942477269,0.674,0.461,1.83468524707896e-06,"0","NPC1"
7.76342149625682e-11,0.654219112176842,0.551,0.346,1.87509919399091e-06,"0","PRPF38A"
7.77321998877431e-11,0.436191950661468,0.91,0.755,1.87746582388866e-06,"0","WBSCR22"
7.81257437796093e-11,1.29723231118777,0.395,0.229,1.8869710895089e-06,"0","IPO5P1"
7.88868327432977e-11,0.481065698104701,0.988,0.941,1.90535367124887e-06,"0","SELK"
8.02807750274918e-11,1.16808100022233,0.251,0.107,1.93902155923901e-06,"0","PHOSPHO2"
8.13827379635106e-11,0.585844881396639,0.569,0.368,1.96563727003267e-06,"0","CD2BP2"
8.24344127998412e-11,0.725206544513589,0.581,0.381,1.99103837235456e-06,"0","MRTO4"
8.35159120434047e-11,0.51766679950771,0.793,0.631,2.01715982358435e-06,"0","MED8"
9.27369327462932e-11,0.671070245708445,0.599,0.406,2.23987513662122e-06,"0","BUD31"
9.9699589743085e-11,0.298205941372254,0.799,0.592,2.40804419106473e-06,"0","CD320"
1.11254836968457e-10,0.623648348219487,0.88,0.772,2.68713807729915e-06,"0","COLGALT2"
1.1591760314735e-10,0.614743015625625,0.686,0.522,2.79975786881793e-06,"0","COA4"
1.18992275224909e-10,0.272398461030652,0.874,0.66,2.87402042350722e-06,"0","S100A1"
1.2440693520071e-10,0.323819740664658,0.991,0.979,3.00480070590276e-06,"0","HERPUD1"
1.28473003078435e-10,0.889163736471906,0.386,0.212,3.10300844335345e-06,"0","SVIL-AS1"
1.3209688490675e-10,0.405637182395681,0.811,0.61,3.19053606115273e-06,"0","TIMM10"
1.3761465152939e-10,0.704792496168192,0.584,0.399,3.32380667838937e-06,"0","GABPB1"
1.47633895442329e-10,0.421470787419198,0.928,0.785,3.56580147661857e-06,"0","NHP2"
1.50568471486108e-10,0.490795806710327,0.94,0.845,3.63668029180396e-06,"0","HIGD1A"
1.52539621347405e-10,1.05964976247641,0.44,0.268,3.68428947440387e-06,"0","PYROXD1"
1.60733121254664e-10,0.971285531512163,0.326,0.168,3.8821870776639e-06,"0","CNN2"
1.67770169496045e-10,0.653347190279626,0.781,0.623,4.05215290383797e-06,"0","AMOTL1"
1.71800022304512e-10,0.411962298860536,0.817,0.652,4.14948593872089e-06,"0","FBXO2"
1.72858202115039e-10,0.593622146656108,0.71,0.517,4.17504415568453e-06,"0","PLRG1"
1.73492510490875e-10,0.429067572436098,0.799,0.604,4.19036460588609e-06,"0","FLNA"
1.75113736852328e-10,0.804635285443112,0.482,0.299,4.22952208619429e-06,"0","KIAA0226L"
1.81827511094143e-10,0.530649966798523,0.802,0.617,4.39167987545685e-06,"0","NDUFA12"
1.92714810971544e-10,0.323680682312964,0.997,0.989,4.6546408293957e-06,"0","ENO1"
2.03518863449654e-10,0.486871452895777,0.85,0.673,4.91559110889949e-06,"0","GLRX3"
2.1076686100457e-10,1.38061643400876,0.341,0.181,5.09065199384338e-06,"0","ACAP1"
2.12553147016152e-10,0.713600954605856,0.722,0.572,5.13379615988111e-06,"0","DPH3"
2.22360382858707e-10,0.650420903131696,0.731,0.551,5.37067032718636e-06,"0","ULBP2"
2.33753213668081e-10,0.720840657002185,0.461,0.281,5.64584136972516e-06,"0","BYSL"
2.33966498909038e-10,0.373250742628893,0.985,0.928,5.65099284814999e-06,"0","PDIA3"
2.40214106675476e-10,0.588404984798163,0.641,0.443,5.80189131853278e-06,"0","TMEM243"
2.47907412919509e-10,0.559697179291351,0.56,0.363,5.98770774424491e-06,"0","HPRT1"
2.50634831975395e-10,0.437083919465647,0.97,0.922,6.05358309670171e-06,"0","PDPN"
2.52925099702141e-10,1.09497779979769,0.662,0.534,6.10889993310581e-06,"0","MALL"
2.68834257717232e-10,0.716980769021367,0.437,0.259,6.49315382664431e-06,"0","MAK16"
2.76898303762464e-10,0.509969893203224,0.683,0.487,6.68792473077478e-06,"0","WDR74"
2.76980199420377e-10,0.411814760345317,0.719,0.495,6.68990275660036e-06,"0","MRPL13"
2.92081210028e-10,0.328481690912811,0.901,0.78,7.05463746580629e-06,"0","NUDC"
2.9803939080037e-10,0.353407330938147,0.71,0.488,7.19854540600133e-06,"0","HLA-H"
3.01381064527896e-10,0.444658297997422,0.904,0.753,7.27925685154226e-06,"0","TIMP4"
3.27200915602928e-10,0.46870148328276,0.967,0.848,7.90288371455752e-06,"0","TUBB2A"
3.41282796908206e-10,0.575907992990522,0.835,0.707,8.24300339372389e-06,"0","NPR2"
3.59606820661913e-10,0.524712763085401,0.769,0.618,8.6855835394472e-06,"0","CAPRIN1"
3.61985947552602e-10,0.395826170477108,0.934,0.804,8.74304659123801e-06,"0","PSMA2"
3.70747505315326e-10,0.651724217148392,0.587,0.416,8.95466449588107e-06,"0","TUBB2B"
3.74208560322648e-10,0.756615489442951,0.56,0.377,9.03825935747293e-06,"0","RRP12"
3.84842320351948e-10,0.298117063689081,0.991,0.953,9.2950965634606e-06,"0","PRDX4"
3.85538483124889e-10,0.571700228937678,0.811,0.621,9.31191098291544e-06,"0","RBM34"
3.9177486818722e-10,0.694481717732284,0.458,0.272,9.46253839132593e-06,"0","MRAP2"
3.93090069185408e-10,0.293556803124263,0.904,0.776,9.49430444103516e-06,"0","RNPS1"
4.0571229574762e-10,1.11213628028515,0.326,0.168,9.79916907919226e-06,"0","TSLP"
4.06967072573014e-10,0.513957687976051,0.749,0.57,9.82947570385601e-06,"0","TP53INP2"
4.1512408363997e-10,0.447465157424542,1,0.987,1.00264919921562e-05,"0","ERRFI1"
4.68359362557078e-10,0.818584064322969,0.5,0.312,1.13122836838411e-05,"0","ARID5A"
5.12575186227905e-10,0.334210918361704,0.754,0.556,1.23802284729626e-05,"0","DCXR"
5.18590962031898e-10,1.07932877335492,0.644,0.478,1.25255275059564e-05,"0","CYB5D2"
5.3021178866359e-10,0.37549753223497,0.943,0.832,1.28062053315917e-05,"0","TARS"
5.57860370833516e-10,0.509811507256914,0.871,0.741,1.34740015367419e-05,"0","SCAND1"
5.6585656094451e-10,0.584638771014774,0.74,0.581,1.36671335164928e-05,"0","KIAA0020"
5.69780957241762e-10,0.42180031783629,0.937,0.882,1.37619194602603e-05,"0","LMNA"
5.76899941653273e-10,0.383704086530975,0.805,0.628,1.39338642907515e-05,"0","RELA"
5.97947833798988e-10,0.393733910628897,0.961,0.861,1.4442234029747e-05,"0","IFRD1"
5.99197088431517e-10,0.386352130837822,0.937,0.858,1.44724072768864e-05,"0","SAR1A"
6.14412903532642e-10,1.89071290947431,0.332,0.176,1.48399148590239e-05,"0","PINX1"
6.28692651159417e-10,0.597636405735234,0.71,0.551,1.51848136034534e-05,"0","NR4A3"
6.38166762132706e-10,0.451982219350929,0.913,0.763,1.54136418057913e-05,"0","SRP19"
6.46484197544521e-10,0.409549501156624,0.934,0.818,1.56145328232928e-05,"0","NDUFA6"
6.96404471645344e-10,0.640524756244447,0.805,0.687,1.682025720365e-05,"0","TBCB"
7.17500728535411e-10,0.328003831573166,0.701,0.513,1.73297950963158e-05,"0","C1QBP"
7.37955618146486e-10,0.441283406270962,0.928,0.8,1.78238420450921e-05,"0","PSMA1"
7.59846079134545e-10,1.11790762241002,0.332,0.178,1.83525623493367e-05,"0","LOC101928796"
7.72034959142804e-10,0.519074716258641,0.602,0.424,1.86469603681762e-05,"0","FOXA3"
8.0602233749804e-10,0.370175653995808,0.898,0.76,1.94678575175902e-05,"0","SEC13"
8.06137923281082e-10,1.25544111256448,0.305,0.155,1.9470649261008e-05,"0","STARD13-AS"
8.13580154583456e-10,0.469613872283986,0.793,0.619,1.96504014736542e-05,"0","MRPL47"
8.23893084008998e-10,0.330432263568619,1,1,1.98994896580693e-05,"0","MGP"
8.33719182479855e-10,0.966132727997812,0.449,0.274,2.01368194144359e-05,"0","NAAA"
8.37005952488931e-10,0.332128098381582,0.997,0.954,2.02162047704652e-05,"0","BZW1"
8.59218360774079e-10,0.663750778762668,0.617,0.415,2.07527010677763e-05,"0","MCOLN2"
8.73022655852826e-10,0.395695308521786,0.946,0.83,2.10861162068133e-05,"0","LINC00493"
8.88935989981118e-10,0.446138084212292,0.907,0.762,2.1470470966014e-05,"0","TSPYL1"
8.91742807535303e-10,0.413221914535093,0.874,0.747,2.15382640304002e-05,"0","IARS"
9.14547045532004e-10,0.43308612458501,0.805,0.601,2.20890547907345e-05,"0","TSG101"
9.23009285280858e-10,0.952464945561699,0.56,0.403,2.22934432673886e-05,"0","RHOD"
9.43482497531037e-10,0.973784350354946,0.32,0.162,2.27879327628671e-05,"0","OLFM1"
1.09275451481999e-09,0.430993920739041,0.967,0.887,2.63932997964472e-05,"0","MSN"
1.10263145148425e-09,0.609535251614516,0.518,0.335,2.66318574476991e-05,"0","LRIF1"
1.14533564483842e-09,0.342272430073992,0.988,0.925,2.76632918297823e-05,"0","ATP5B"
1.18680330569566e-09,0.402715683092106,0.889,0.768,2.86648602424673e-05,"0","MLF2"
1.21564333831626e-09,0.40575017380402,0.59,0.396,2.93614335503527e-05,"0","MTHFD1L"
1.21609570604529e-09,0.561424895625754,0.545,0.351,2.93723595881118e-05,"0","LZTFL1"
1.24534921180629e-09,0.514171062183773,0.608,0.417,3.00789195127574e-05,"0","BMP6"
1.32885817666253e-09,0.39868525726229,0.994,0.985,3.209591154093e-05,"0","HSPB1"
1.41247040605058e-09,0.686357161135344,0.853,0.731,3.41153977173397e-05,"0","RND3"
1.44397539783826e-09,0.52063021887419,0.805,0.63,3.48763377839875e-05,"0","DYNLT1"
1.46144909410417e-09,0.387136682873204,0.958,0.903,3.52983799698979e-05,"0","SLIRP"
1.47817198459751e-09,0.697848607846283,0.829,0.674,3.57022879439836e-05,"0","MRPL36"
1.554055731867e-09,0.629373433613343,0.587,0.404,3.75351080917837e-05,"0","BMS1"
1.55676609500576e-09,0.61893275068015,0.674,0.497,3.7600571492674e-05,"0","CREM"
1.56794841827293e-09,0.998329129101131,0.317,0.165,3.78706581465462e-05,"0","SIRT5"
1.60512554789052e-09,0.476073339527749,0.605,0.408,3.87685973581997e-05,"0","GRWD1"
1.66580103610289e-09,0.366636611170485,0.964,0.921,4.0234092424993e-05,"0","HMGN2"
1.67433217583794e-09,0.322405112550097,0.976,0.912,4.04401450430137e-05,"0","PLD3"
1.69911798806481e-09,0.568647349132038,0.892,0.789,4.10387967657294e-05,"0","BCAS2"
1.76247187901002e-09,0.344293640236593,0.802,0.642,4.25689832937289e-05,"0","GLIS3"
1.81609664779189e-09,1.27168966477426,0.281,0.142,4.38641823341175e-05,"0","PIGW"
1.91689688825806e-09,0.309021145399134,0.985,0.945,4.6298810542097e-05,"0","LINC00152"
1.93076067572264e-09,0.348390765340626,0.961,0.886,4.66336626007289e-05,"0","GNG5"
1.93886980720394e-09,0.485178674124767,0.85,0.707,4.68295224533967e-05,"0","CWC15"
1.95322512509114e-09,0.41548384414479,0.895,0.742,4.71762464463264e-05,"0","NGRN"
2.10649387841406e-09,0.267174568846481,0.997,0.987,5.08781466453348e-05,"0","RPL8"
2.16249634766628e-09,0.37695308631773,0.823,0.661,5.22307742851836e-05,"0","PSMD14"
2.16591891273758e-09,0.623041220715266,0.716,0.549,5.23134394993509e-05,"0","TMEM41B"
2.38844417137031e-09,0.31282055976912,0.877,0.768,5.76880920711072e-05,"0","SNRPF"
2.48308557902255e-09,0.408051043070819,0.799,0.644,5.99739659901315e-05,"0","GORASP2"
2.61150689149668e-09,0.512646196739329,0.527,0.338,6.30757259503193e-05,"0","SMCO4"
2.63843884596947e-09,0.680113225967496,0.506,0.327,6.37262134467006e-05,"0","NUP35"
2.73907605925254e-09,0.782874134174872,0.533,0.362,6.61569040591266e-05,"0","MALSU1"
2.74930956946661e-09,0.538873335214997,0.482,0.297,6.6404074031327e-05,"0","ELP5"
2.8310325278469e-09,0.689857967933895,0.775,0.578,6.83779286450862e-05,"0","SEC22B"
3.23145072770092e-09,0.291242406597967,0.994,0.97,7.80492294261603e-05,"0","HSPA5"
3.28880295733823e-09,0.55109107496718,0.91,0.83,7.94344578285903e-05,"0","GAS5"
3.30708255425193e-09,0.759760061975057,0.518,0.349,7.98759649328469e-05,"0","C16orf91"
3.36340960200232e-09,0.327458935714347,0.979,0.917,8.12364321171621e-05,"0","CTSL"
3.38157290335374e-09,0.399485338267074,0.656,0.458,8.16751303347028e-05,"0","CBWD1"
3.42193933707839e-09,0.522256207511916,0.826,0.696,8.26501008084544e-05,"0","PSMC6"
3.5860186002692e-09,0.366704038864608,0.916,0.767,8.66131072523019e-05,"0","SGMS2"
3.59602108623052e-09,0.645831266700002,0.635,0.461,8.68546972957258e-05,"0","TIMM23"
3.65456724291017e-09,0.36880520062861,0.982,0.946,8.82687626180092e-05,"0","RSL24D1"
3.66115932274874e-09,0.35854328587081,0.913,0.811,8.84279811223502e-05,"0","SNRPB"
3.88242467442237e-09,0.751124986465355,0.452,0.275,9.37722031613235e-05,"0","FAM219B"
3.90480051360845e-09,1.4767237414028,0.26,0.131,9.4312646805185e-05,"0","FAS"
3.98852993398258e-09,0.928347667982679,0.425,0.257,9.63349634954813e-05,"0","WDR3"
3.99084380275696e-09,0.334441305183962,0.844,0.648,9.63908503679889e-05,"0","HEXB"
4.0249574780945e-09,0.404528355165974,0.874,0.7,9.72147979684165e-05,"0","PTS"
4.06663543389966e-09,0.336914562832074,0.925,0.8,9.82214456349785e-05,"0","TMED4"
4.0777670632199e-09,1.50158851716575,0.269,0.136,9.84903078779502e-05,"0","NKILA"
4.14012590988424e-09,0.333816662457531,0.862,0.704,9.99964611014341e-05,"0","TIMM17A"
4.23147008701963e-09,0.385395063929176,0.985,0.939,0.000102202697011785,"0","CLIC4"
4.30149259673599e-09,0.263057958978827,0.988,0.96,0.000103893950688964,"0","RPL36AL"
4.41547898610071e-09,0.459227258807199,0.79,0.638,0.00010664706395129,"0","DNAJA2"
5.13027704602196e-09,0.367425910416805,0.895,0.768,0.000123911581492568,"0","LSP1"
5.60528878695125e-09,0.484756660454287,0.883,0.748,0.000135384540071234,"0","SHMT2"
5.66360860157539e-09,0.30372228229451,0.572,0.369,0.00013679313855385,"0","BEX5"
5.79176979584878e-09,0.565939529596314,0.617,0.448,0.000139888615879136,"0","DIABLO"
5.96355233883044e-09,0.620609391880658,0.26,0.126,0.000144037679639772,"0","ZNF672"
6.17434615066143e-09,0.578743999510651,0.65,0.487,0.000149128982576926,"0","GPATCH4"
6.40447237197364e-09,0.48953405336499,0.632,0.441,0.000154687221200279,"0","CCNC"
6.60510603381036e-09,0.511827442552931,0.644,0.464,0.000159533126034622,"0","TIAM2"
6.80510010074082e-09,0.463446983031135,0.476,0.303,0.000164363582733193,"0","ANKRD42"
7.20814939446438e-09,0.301397711022751,0.65,0.497,0.000174098432324498,"0","SC5D"
7.22533241119036e-09,0.378680835356405,0.955,0.835,0.000174513453727481,"0","PDCD5"
7.23998230737571e-09,0.448608773067676,0.853,0.733,0.000174867292670046,"0","PPAPDC1B"
7.36204454822865e-09,0.404825636040595,0.847,0.69,0.000177815461973366,"0","SAR1B"
7.78427168263041e-09,0.43989719132807,0.832,0.682,0.000188013513950572,"0","PSMD11"
7.83061374936801e-09,0.719366983333171,0.593,0.415,0.000189132813888486,"0","IMP4"
8.0317854019326e-09,0.909291184175034,0.38,0.226,0.000193991712812878,"0","LAYN"
8.25997571532006e-09,0.721978375534721,0.533,0.365,0.000199503193452125,"0","OLMALINC"
8.35140293044743e-09,0.790701070811662,0.404,0.239,0.000201711434979097,"0","PDE12"
8.41441157450941e-09,0.445969911484616,0.674,0.488,0.000203233282759126,"0","PTPMT1"
8.42051333859237e-09,0.283260726696517,0.991,0.972,0.000203380658667022,"0","LGALS3"
8.86006067890232e-09,0.87125368939326,0.47,0.315,0.000213997045577528,"0","CMTM7"
9.03457069532962e-09,0.483551338214638,0.59,0.4,0.000218211986004296,"0","KRIT1"
9.07998007856731e-09,0.422931979442211,0.961,0.884,0.000219308758837636,"0","AK1"
9.18561077051088e-09,1.127083890868,0.257,0.126,0.000221860056940149,"0","ZNHIT2"
9.25513126349404e-09,0.807487904367537,0.587,0.413,0.000223539185407172,"0","TEX30"
9.29633530819271e-09,0.389671354300756,0.82,0.697,0.000224534386698778,"0","RRAGA"
9.68884601969667e-09,0.511996778763043,0.766,0.598,0.000234014697913734,"0","TRAPPC4"
1.01354802541453e-08,0.872355235454519,0.5,0.341,0.000244802254578371,"0","AFG3L2"
1.02651540138597e-08,0.317569926438593,0.988,0.946,0.000247934264896753,"0","CYCS"
1.02722141989359e-08,0.293546285039211,0.85,0.725,0.000248104789546898,"0","ACLY"
1.03109983379383e-08,0.507131843769116,0.716,0.559,0.000249041542856225,"0","VCL"
1.04031985797836e-08,0.477636077473664,0.79,0.646,0.000251268455297514,"0","MAFF"
1.08123615653777e-08,0.38185084971517,0.823,0.663,0.000261150968888568,"0","PSMC3"
1.0819028632532e-08,0.425733495673185,0.889,0.79,0.000261311998561545,"0","RNF181"
1.08445554447411e-08,0.676338135164473,0.647,0.483,0.000261928547656832,"0","IDH3A"
1.09418259106475e-08,0.283511955059083,0.97,0.883,0.00026427792121987,"0","RCN3"
1.15245669271474e-08,0.487780006689873,0.665,0.495,0.000278352864991391,"0","EHD1"
1.20484564438719e-08,0.867513105547983,0.443,0.292,0.000291006368488837,"0","COMMD5"
1.24452166165372e-08,1.49223820409606,0.611,0.44,0.000300589316939222,"0","C11orf91"
1.26860256775958e-08,0.437399092364171,0.734,0.546,0.000306405578190972,"0","NGDN"
1.28368944968007e-08,0.621997261613045,0.53,0.359,0.000310049512781227,"0","MRPS2"
1.28575224857041e-08,0.795312962666661,0.407,0.245,0.00031054774059721,"0","MREG"
1.31873712722501e-08,0.66330081304031,0.668,0.476,0.000318514578338657,"0","TRPM7"
1.34207662126389e-08,0.848509606890287,0.434,0.276,0.000324151766333868,"0","DENND1B"
1.37294990921321e-08,0.631650452805237,0.56,0.38,0.000331608591572267,"0","RNF6"
1.37477773766219e-08,0.477177497141758,0.689,0.524,0.000332050066977549,"0","TPRKB"
1.37828882010924e-08,0.682955274968884,0.482,0.312,0.000332898098720984,"0","CFL2"
1.48425196323099e-08,1.03204573679711,0.254,0.126,0.000358491376679181,"0","TAF1B"
1.51371244256411e-08,0.859910467243868,0.428,0.273,0.000365606966252509,"0","DNALI1"
1.52851376354774e-08,0.415148332032297,0.925,0.791,0.000369181929309685,"0","FAM162A"
1.62159965414156e-08,0.324306891142126,0.931,0.835,0.000391664964464812,"0","UFM1"
1.64548717297365e-08,0.422251169139141,0.898,0.795,0.000397434516888326,"0","PSMD8"
1.68693446956704e-08,0.539271813259417,0.614,0.442,0.000407445282434528,"0","PYGL"
1.73752360418106e-08,0.931377863801741,0.269,0.138,0.000419664076117851,"0","PLEKHO1"
1.85312919821661e-08,1.06168232368094,0.314,0.174,0.000447586295245259,"0","PJA1"
1.85967432576582e-08,0.367986651315054,0.955,0.857,0.000449167139902219,"0","BNIP3"
1.90799013646392e-08,0.715727473834267,0.401,0.249,0.000460836857660132,"0","SLC35E4"
1.91861517739774e-08,0.49020949950843,0.641,0.459,0.000463403123796875,"0","ZFC3H1"
1.97932690566516e-08,0.356734992917993,0.979,0.917,0.000478066827525306,"0","SSR3"
2.32852224600591e-08,0.7102553578483,0.527,0.367,0.000562407978077808,"0","WRB"
2.41298076423655e-08,0.539652525920489,0.545,0.368,0.000582807243986054,"0","POLR2C"
2.55833346141494e-08,0.684060826677095,0.518,0.344,0.000617914280935551,"0","PARL"
2.64548805296917e-08,0.769733930595114,0.464,0.315,0.000638964729433644,"0","ECD"
2.71224226886828e-08,1.0206178057394,0.398,0.247,0.000655087875199756,"0","PIGC"
2.72193200309409e-08,0.338693253922035,0.97,0.904,0.000657428236707316,"0","KDELR2"
2.7723080617469e-08,0.525665375498188,0.677,0.503,0.000669595566153729,"0","SNHG17"
2.92340060794082e-08,0.54261933459683,0.674,0.495,0.000706088948835947,"0","DCHS1"
2.9672826014549e-08,0.526682268109144,0.59,0.426,0.000716687766729401,"0","GPATCH2"
3.12805928798074e-08,0.899140739904161,0.5,0.348,0.000755520159825988,"0","MLLT11"
3.1571400867347e-08,0.442620545725499,0.698,0.523,0.000762544045149033,"0","SMIM4"
3.19830003375545e-08,0.390700473828627,0.925,0.802,0.000772485407152955,"0","LGMN"
3.21211541583503e-08,0.303330920872894,0.907,0.793,0.000775822236386636,"0","LECT1"
3.25275801632416e-08,0.604720553061011,0.787,0.649,0.000785638643682773,"0","MAP3K8"
3.3076395819617e-08,0.428811183964767,0.743,0.577,0.000798894188231209,"0","UBQLN1"
3.40879697105514e-08,0.360200946028446,0.997,1,0.000823326732418949,"0","PRELP"
3.41257213858491e-08,0.349559784236971,0.886,0.759,0.000824238548632413,"0","TXNL1"
3.41528646618117e-08,0.563483310696395,0.665,0.512,0.000824894140176739,"0","SS18L2"
3.57405582845541e-08,0.769680282842079,0.41,0.255,0.000863241704246835,"0","MCOLN3"
3.62248122994214e-08,2.53641877977218,0.26,0.138,0.000874937891467924,"0","CLDN4"
3.65603253104849e-08,0.34182275052766,0.925,0.83,0.000883041537224143,"0","PTP4A1"
3.68025883647489e-08,0.943791448160275,0.467,0.311,0.000888892916773781,"0","LINC01384"
3.69380813763137e-08,0.526202781366048,0.808,0.693,0.000892165479482106,"0","WBP2"
3.82632802465379e-08,0.364307912586725,0.578,0.416,0.000924173007794631,"0","SLC35D1"
3.9379521004111e-08,0.262998461468271,0.967,0.887,0.000951133570812293,"0","ITM2C"
3.95620023120752e-08,0.474995524574384,0.746,0.58,0.000955541041843553,"0","PSMD12"
4.04912937867966e-08,0.443102980367278,0.826,0.648,0.000977986218832499,"0","DYNLT3"
4.06788113359439e-08,0.547668188969579,0.71,0.548,0.000982515330197054,"0","MRPL21"
4.15268114665702e-08,0.455149056609752,0.629,0.474,0.00100299707735207,"0","PHAX"
4.18780470660357e-08,0.301562645898198,0.976,0.893,0.00101148047078596,"0","MYDGF"
4.31018551008704e-08,0.327063001260813,0.728,0.559,0.00104103910625132,"0","POLD2"
4.34017027051567e-08,0.251291497644609,0.982,0.949,0.00104828132543765,"0","HLA-A"
4.47863211370755e-08,0.610210397659473,0.542,0.37,0.00108172401442379,"0","TWF1"
4.50719550613158e-08,0.750873331799399,0.263,0.133,0.00108862293059596,"0","SNCA"
4.57801316274367e-08,0.582672917493494,0.416,0.257,0.00110572751919748,"0","AAR2"
4.58865609907136e-08,0.483344908637183,0.488,0.32,0.00110829810760871,"0","PXN"
4.67532707759101e-08,0.546419674743293,0.722,0.565,0.00112923174905056,"0","ITGB1BP1"
4.70134460017698e-08,0.988548076315904,0.506,0.343,0.00113551576128075,"0","FADS1"
4.82813379009092e-08,0.508489181613091,0.695,0.528,0.00116613915432066,"0","PIM3"
5.03629073616879e-08,0.677082184324853,0.455,0.303,0.00121641530150685,"0","YAE1D1"
5.03770560650497e-08,0.363297182108136,0.674,0.501,0.00121675703513915,"0","MAP3K13"
5.18987327381497e-08,1.27434375775067,0.323,0.187,0.00125351009182453,"0","PRELID1"
5.33752830697182e-08,1.18940377945444,0.293,0.162,0.0012891732119829,"0","SPAG5"
5.35283677105568e-08,0.725440272107561,0.575,0.447,0.00129287066531308,"0","CYTH2"
5.53781128363329e-08,0.321810687842458,0.88,0.74,0.00133754755933595,"0","TFRC"
5.60904082637553e-08,1.08005807824698,0.449,0.308,0.00135475163079448,"0","HAS2"
5.61600594588839e-08,0.450516531603134,0.76,0.599,0.00135643391611042,"0","LINC00116"
5.74376619184896e-08,0.721350701274673,0.596,0.45,0.00138729184831728,"0","CTH"
5.81777500809607e-08,0.776244903991681,0.557,0.411,0.00140516719770544,"0","AGT"
5.86600770514139e-08,1.02665939317174,0.392,0.251,0.0014168168410228,"0","NUPR1L"
5.95859893601404e-08,0.284619883765751,0.976,0.929,0.00143918040101547,"0","SNRPG"
6.2623690528303e-08,0.727557310643953,0.542,0.387,0.0015125499973301,"0","ABT1"
6.33066383510591e-08,0.353949237490582,0.713,0.528,0.00152904523609313,"0","SVIL"
6.38693171198611e-08,0.274150448493802,0.994,0.971,0.00154263561639601,"0","ALDOA"
6.8097779396386e-08,0.545475089915123,0.524,0.371,0.00164476566576091,"0","COX19"
7.28002856346414e-08,0.773376317891116,0.362,0.213,0.00175834529893349,"0","CMKLR1"
7.34596828930301e-08,0.717303562486602,0.581,0.44,0.00177427172091536,"0","PDHA1"
7.61040406270164e-08,0.397060019397223,0.653,0.479,0.00183814089326433,"0","LARP6"
7.8224518631414e-08,0.306293134064261,0.698,0.54,0.00188935679850454,"0","AZI2"
8.06372694530894e-08,0.553106051705132,0.763,0.615,0.00194763196910047,"0","ARPP19"
8.3836489133227e-08,0.347336348941192,0.862,0.738,0.00202490272203483,"0","SFT2D1"
8.48370522918329e-08,0.42925761197018,0.689,0.53,0.00204906932400464,"0","KCNK1"
8.52038043209299e-08,0.338322779189725,0.949,0.875,0.00205792748576342,"0","TAGLN2"
8.61361929326791e-08,0.524055348449937,0.554,0.386,0.002080447467903,"0","APMAP"
8.665381220329e-08,0.974323478702556,0.266,0.141,0.00209294952614606,"0","TOE1"
8.7660145691726e-08,0.396486709455399,0.569,0.409,0.00211725549889226,"0","SUCLG1"
8.8547921433309e-08,0.36051514915056,0.964,0.857,0.00213869794637871,"0","TSPAN3"
8.94850519429271e-08,0.868536331105809,0.434,0.286,0.00216133245957752,"0","LRP4"
9.10756190039352e-08,0.8782134760564,0.461,0.319,0.00219974942580205,"0","SGIP1"
9.48804579047983e-08,0.49151723394892,0.635,0.479,0.00229164769977459,"0","RPL7L1"
9.59894589785307e-08,0.444185354942965,0.91,0.812,0.00231843340270845,"0","MMADHC"
9.73240113018301e-08,0.466346286467344,0.536,0.364,0.0023506668449731,"0","WDR77"
9.75076461325229e-08,0.664232319845945,0.653,0.488,0.00235510217703883,"0","RSPO2"
1.01653541959472e-07,1.2195969497742,0.353,0.217,0.00245523799894713,"0","ABLIM1"
1.02602721452078e-07,0.284046572535902,0.973,0.894,0.00247816353123205,"0","PEBP1"
1.0442476487362e-07,0.347562149476143,0.883,0.744,0.00252217134599254,"0","NDUFAF3"
1.05094200555135e-07,0.40072103423774,0.746,0.585,0.00253834022600817,"0","BTF3L4"
1.05758843212752e-07,0.569500440880548,0.671,0.536,0.00255439334011759,"0","PALLD"
1.06429937075851e-07,0.403204507386946,0.895,0.782,0.00257060227019302,"0","FCGRT"
1.07223349231234e-07,0.731713970199762,0.677,0.503,0.00258976555398199,"0","PALMD"
1.08711761249221e-07,0.49868416703249,0.65,0.471,0.00262571516945243,"0","P4HA2"
1.09373186840597e-07,0.49671743730598,0.644,0.478,0.00264169058176095,"0","DPM2"
1.11154534600602e-07,0.707996048192758,0.485,0.328,0.00268471547420834,"0","EXOSC4"
1.13882083066105e-07,0.330496796350542,0.677,0.493,0.00275059395229563,"0","ABCE1"
1.1394550169782e-07,0.470883951798879,0.725,0.558,0.00275212570250744,"0","RRP15"
1.14966604234688e-07,0.473780807831293,0.808,0.683,0.00277678839208043,"0","NOL7"
1.15407689103753e-07,0.619243655274485,0.671,0.562,0.00278744191492293,"0","JHDM1D-AS1"
1.17525409873688e-07,0.356761127371455,0.961,0.878,0.00283859122467919,"0","MRFAP1"
1.20505433286192e-07,0.452831819683488,0.65,0.491,0.0029105677301614,"0","PSME3"
1.22267368309031e-07,0.597486277164543,0.629,0.489,0.00295312374676802,"0","BRIX1"
1.38170974999169e-07,0.408110956277206,0.683,0.512,0.00333724355915493,"0","ZNF267"
1.40049964212062e-07,0.32870329874992,0.479,0.313,0.00338262678561393,"0","DIP2B"
1.409069980827e-07,0.342758156245003,0.359,0.206,0.00340332672469145,"0","SMARCB1"
1.42436083222041e-07,0.722253883152747,0.677,0.509,0.00344025871806195,"0","IBTK"
1.47165733520341e-07,0.663593187891141,0.536,0.371,0.00355449396171681,"0","ADAMTSL2"
1.5226541676857e-07,0.385476683498024,0.898,0.814,0.00367766661121126,"0","POLR2K"
1.52396005761167e-07,0.435054374772433,0.584,0.418,0.00368082072714946,"0","NECAP1"
1.60713118280741e-07,0.360353691538166,0.686,0.521,0.00388170394583475,"0","COPS3"
1.61380746156439e-07,0.609982932473498,0.302,0.172,0.00389782916191648,"0","NDUFAF1"
1.63191161612862e-07,0.328426380504635,0.979,0.93,0.00394155612643547,"0","EDF1"
1.64237115487373e-07,0.779820761300216,0.338,0.199,0.00396681905036651,"0","R3HCC1"
1.64507113731067e-07,0.430651649292492,0.901,0.787,0.00397334031794647,"0","NDUFAB1"
1.64621133163209e-07,0.874055261442894,0.326,0.193,0.00397609422929099,"0","PLCD1"
1.67330978798667e-07,0.330794365954129,0.922,0.802,0.00404154513092421,"0","TRMT112"
1.67358973455847e-07,0.347607462740741,0.871,0.747,0.00404222128587908,"0","SLC1A5"
1.69680958575245e-07,0.953570506020991,0.305,0.177,0.0040983041924679,"0","HEATR1"
1.77354420026443e-07,0.355950440355937,0.74,0.595,0.00428364130689867,"0","PTRH2"
1.77481996095321e-07,0.794170448912655,0.395,0.25,0.00428672265169029,"0","GZF1"
1.81157566256194e-07,0.309243218204583,0.76,0.598,0.00437549869778586,"0","XPOT"
1.81952169464242e-07,0.321353591076522,0.823,0.651,0.00439469074906982,"0","PSMD6"
1.8684437478723e-07,0.483739641975674,0.569,0.408,0.00451285218423596,"0","SF3A3"
1.92726655678468e-07,0.351938833917032,0.859,0.716,0.00465492691460205,"0","NAA20"
2.11890126044794e-07,0.56653097109896,0.698,0.566,0.00511778221435991,"0","RPL26L1"
2.12411715755909e-07,0.288314443424261,0.967,0.912,0.00513038017065248,"0","PRNP"
2.1527546429659e-07,0.437255759463436,0.85,0.727,0.00519954828915554,"0","RNF7"
2.24302511312947e-07,1.22387535350425,0.389,0.248,0.00541757855574161,"0","DKK1"
2.29182313599643e-07,0.433407889966146,0.59,0.424,0.00553544042037217,"0","VBP1"
2.35253349356247e-07,0.575084392996831,0.557,0.397,0.00568207414700142,"0","PIGH"
2.37997187279611e-07,0.290915340791931,0.437,0.277,0.00574834606436445,"0","KCTD20"
2.39419808168623e-07,0.403489074244085,0.746,0.574,0.00578270662669675,"0","TUFM"
2.49264043388115e-07,0.491708672018571,0.38,0.228,0.00602047443995314,"0","ABHD3"
2.51277812828689e-07,0.308704697886149,0.602,0.441,0.00606911301325134,"0","CSNK1G3"
2.58756647115761e-07,0.416030427231061,0.692,0.517,0.00624974929778699,"0","STOML2"
2.61357935919557e-07,0.516261729738987,0.799,0.644,0.00631257822626507,"0","CD46"
2.66166869995584e-07,0.312054253225277,0.557,0.376,0.00642872841100334,"0","PSMB7"
2.80193266525712e-07,0.378597807941341,0.859,0.729,0.00676750796639553,"0","EPRS"
2.90966565573472e-07,0.456025560860378,0.533,0.367,0.00702771545829608,"0","MRPS7"
2.91983839201189e-07,0.620345497271457,0.32,0.185,0.00705228566822632,"0","UTP15"
2.93876219193675e-07,0.371621068983111,0.874,0.729,0.00709799232218483,"0","CLINT1"
2.94699217580546e-07,0.502455489563093,0.38,0.241,0.00711787020222294,"0","PITPNM2"
3.11971475732429e-07,0.840340556177191,0.419,0.284,0.00753504705336535,"0","HCCS"
3.12177598389625e-07,0.841668758132901,0.443,0.29,0.00754002553390461,"0","PPT2"
3.14942682141639e-07,0.485523699249236,0.629,0.465,0.00760681060176701,"0","PDLIM7"
3.16117449758511e-07,0.250571746433036,0.71,0.543,0.00763518476401731,"0","SLC25A32"
3.18148860940367e-07,0.365611351787581,0.545,0.395,0.0076842494382927,"0","RCL1"
3.52960145173591e-07,0.496357322222966,0.392,0.252,0.00852504638637774,"0","TET3"
3.53321063856077e-07,0.321676502185426,0.829,0.726,0.00853376365531583,"0","SNHG16"
3.53703938149049e-07,0.581462966883911,0.47,0.316,0.00854301121811397,"0","SLC25A33"
3.66970459248512e-07,0.281314603445686,0.979,0.937,0.00886343750222932,"0","SUB1"
3.6936306329893e-07,0.515472861129865,0.545,0.39,0.00892122606785906,"0","ZNF330"
3.7658096284075e-07,0.315897293846681,0.922,0.816,0.00909555999549263,"0","EIF4H"
3.77696495959808e-07,0.4761435209563,0.428,0.269,0.00912250346691723,"0","GALNT7"
3.81600963983088e-07,0.821651350007113,0.437,0.292,0.00921680808308352,"0","APC"
3.81836323333337e-07,0.345024172812119,0.509,0.342,0.00922249271747009,"0","TRPC1"
3.88781728535184e-07,0.266968016018206,0.988,0.907,0.0093902450893103,"0","RPN2"
4.11799631238085e-07,0.399242251730157,0.626,0.458,0.00994619649329348,"0","OFD1"
4.11821707712821e-07,0.362261523499356,0.584,0.414,0.00994672970638777,"0","FLT1"
4.13011476784581e-07,0.394618038592754,0.308,0.172,0.00997546619877799,"0","ARMC1"
4.1500370120796e-07,0.571047611095007,0.437,0.288,0.0100235843952759,"0","CLMP"
4.18170522997009e-07,0.417134811002047,0.88,0.737,0.0101000726419468,"0","TGIF1"
4.2765091224313e-07,0.339789919178514,0.919,0.816,0.0103290524834083,"0","HEXA"
4.38157187028314e-07,0.720819924266523,0.419,0.276,0.0105828105382949,"0","APOA1BP"
4.38457952977749e-07,0.351771209163191,0.832,0.671,0.0105900749382716,"0","TALDO1"
4.57242302151249e-07,0.303136113639606,0.754,0.582,0.0110437733238591,"0","ARHGAP21"
4.58731106417253e-07,0.605525126179856,0.689,0.52,0.0110797324132959,"0","TCEAL3"
4.60647415608722e-07,0.55624748825787,0.605,0.469,0.0111260170291975,"0","MRPS15"
4.93109293275993e-07,1.08047679469664,0.293,0.173,0.0119100687604951,"0","ELP3"
5.34090390707078e-07,0.279264767637395,0.425,0.27,0.0128998852067481,"0","UBALD1"
5.3876505043987e-07,0.350908909385381,0.964,0.86,0.0130127922632742,"0","PAIP2"
5.44594423711116e-07,0.517075934858232,0.689,0.538,0.0131535891158946,"0","PSMD13"
5.48562337690495e-07,1.0862864889733,0.251,0.133,0.0132494261422385,"0","CHD7"
5.55140986249144e-07,0.56480339358701,0.512,0.355,0.0134083202408756,"0","VPS25"
5.55693847812476e-07,0.567990716232427,0.425,0.272,0.0134216735062147,"0","SLC7A5P2"
5.59042278063277e-07,0.292115573284461,0.973,0.899,0.0135025481420623,"0","HINT1"
5.64814240650319e-07,0.605672117421991,0.572,0.417,0.0136419583544271,"0","YIPF2"
6.45488697451715e-07,0.366141268300051,0.713,0.532,0.0155904885095513,"0","NOSIP"
6.460810083062e-07,0.452110864893058,0.647,0.485,0.0156047945936196,"0","CCDC124"
6.58207548487553e-07,0.355391842278073,0.958,0.876,0.0158976869186199,"0","CNN3"
6.71705775884343e-07,0.423545305572437,0.647,0.476,0.0162237096049345,"0","SACS"
6.7378604931917e-07,0.513050449794759,0.395,0.255,0.0162739544492059,"0","TXNL4B"
6.80861199146247e-07,0.509545498580355,0.656,0.497,0.0164448405429793,"0","HRH1"
6.87837575528873e-07,0.285369692278995,0.644,0.462,0.0166133409617489,"0","CDK7"
6.90429277644494e-07,0.796111435124222,0.416,0.277,0.0166759383429475,"0","MAD2L2"
6.94731451432343e-07,0.310792555277276,0.931,0.841,0.0167798487464454,"0","ATP5G3"
7.04354322668339e-07,0.468819806540569,0.506,0.345,0.0170122699554084,"0","CPAMD8"
7.05152936566906e-07,0.572219990671295,0.446,0.295,0.0170315588769005,"0","WRN"
7.09605379401722e-07,0.590497402018552,0.638,0.515,0.0171390987286898,"0","CHTOP"
7.13441123379903e-07,0.265508266474512,0.563,0.386,0.0172317434529948,"0","INPP1"
7.31955737580765e-07,0.29635884774503,0.859,0.749,0.0176789269297882,"0","CCT2"
7.33451093705492e-07,0.283466857603603,0.272,0.148,0.0177150442662687,"0","GGTA1P"
7.51622558035144e-07,0.333263673609348,0.671,0.507,0.0181539396442228,"0","NELFE"
7.51907038263246e-07,0.423549527954333,0.743,0.598,0.0181608106951722,"0","CDC42EP3"
7.91952844098722e-07,0.86462187659956,0.263,0.146,0.0191280370435164,"0","P2RY6"
7.95922878775992e-07,0.566823380311143,0.383,0.24,0.0192239252910765,"0","RABL3"
8.10121107791487e-07,0.569331090400184,0.326,0.191,0.0195668551164878,"0","ST6GALNAC4"
8.21828117391871e-07,0.790083890453162,0.335,0.207,0.0198496145193659,"0","PMPCA"
8.53638985477244e-07,0.621780369299788,0.617,0.497,0.0206179424162319,"0","ALG13"
8.60650959467155e-07,0.271889536673781,0.979,0.915,0.0207873026240102,"0","TMED10"
8.98777204646025e-07,0.355284503174093,0.515,0.351,0.0217081658238155,"0","MAGOHB"
9.06200856267633e-07,0.472462183688812,0.874,0.749,0.0218874692814322,"0","CCT6A"
9.07767460667291e-07,0.271661514380175,0.967,0.906,0.0219253074774971,"0","YPEL5"
9.13676611962004e-07,0.254174189280336,0.859,0.717,0.0220680312087183,"0","CLDND1"
9.42921276205862e-07,0.626740748246214,0.398,0.256,0.0227743775842002,"0","GSKIP"
9.5320090651785e-07,0.317501653473147,0.877,0.762,0.0230226614951256,"0","DPP7"
1.0151016810296e-06,0.283586731882028,0.853,0.711,0.024517750901908,"0","YARS"
1.02077673640392e-06,0.264468213934235,0.88,0.745,0.0246548205143639,"0","AKIRIN2"
1.02112547344486e-06,0.638926639420813,0.458,0.319,0.0246632435601138,"0","NOB1"
1.02154624615545e-06,0.670177129438898,0.838,0.738,0.0246734064833926,"0","LIF"
1.02355499363492e-06,0.478314317764538,0.695,0.562,0.0247219237612643,"0","RDH11"
1.06686040444385e-06,0.424056290503528,0.446,0.295,0.0257678793485323,"0","MYH10"
1.07327502129769e-06,0.36280966405059,0.713,0.554,0.025922811589403,"0","SF3B4"
1.09450076293516e-06,0.639287510591529,0.488,0.337,0.0264354769271728,"0","CSTF3"
1.11866579100293e-06,0.29422283362837,0.757,0.606,0.0270191348500938,"0","RTFDC1"
1.12460529187119e-06,0.572984217955745,0.446,0.294,0.0271625916145649,"0","COA6"
1.12707437867651e-06,0.345155917868495,1,0.981,0.0272222274681736,"0","LDHA"
1.13351454030317e-06,0.475862331612117,0.653,0.519,0.0273777766919424,"0","DDX27"
1.18277614237558e-06,0.541605626103249,0.629,0.478,0.0285675921667973,"0","MORN2"
1.29058575331105e-06,0.503828613044345,0.296,0.171,0.0311715176997219,"0","ZFYVE27"
1.31082059040759e-06,0.771877911281128,0.446,0.306,0.0316602497201144,"0","IFT22"
1.39404366120888e-06,0.316919063211358,0.68,0.548,0.033670336549178,"0","ELOF1"
1.39510207285618e-06,0.480807814666536,0.524,0.373,0.0336959003656954,"0","RARS"
1.39808932138206e-06,0.292731934737217,0.958,0.891,0.033768051379341,"0","CHD2"
1.40913545832637e-06,0.345536316180507,0.563,0.413,0.0340348487249568,"0","BAIAP2"
1.41950106787627e-06,0.494318060940971,0.677,0.549,0.0342852092924157,"0","EIF4E2"
1.44907882597901e-06,0.450515008217897,0.683,0.538,0.0349996008838711,"0","KANK1"
1.47837676490232e-06,0.703773066171186,0.931,0.842,0.0357072340026857,"0","ANGPTL4"
1.47912879837597e-06,0.255916879114356,0.781,0.639,0.0357253978671747,"0","CDK2AP2"
1.52232658201951e-06,0.509538883484473,0.473,0.315,0.0367687539355172,"0","TM2D2"
1.52242783682702e-06,0.43117287399471,0.713,0.578,0.0367711995428829,"0","DENR"
1.57856903671823e-06,0.783518270129676,0.362,0.233,0.0381271779438554,"0","MTERF3"
1.60104131079788e-06,0.353626017200061,0.766,0.615,0.0386699507797012,"0","SIL1"
1.60131952151678e-06,0.565995910042126,0.449,0.303,0.0386766704031947,"0","DHCR7"
1.61748027469367e-06,0.549842236547467,0.527,0.387,0.0390670010746762,"0","ITPR3"
1.65208172678623e-06,0.611962214922011,0.398,0.259,0.0399027299470679,"0","TCEAL6"
1.71149589103793e-06,0.316101236898373,0.686,0.542,0.0413377602562392,"0","PSMD1"
1.88281069776576e-06,0.256594301747039,0.868,0.771,0.0454755267831365,"0","PFDN2"
1.90488847903707e-06,1.02316205272055,0.314,0.195,0.0460087714341824,"0","MED7"
1.91567074942592e-06,0.269450977729838,0.494,0.327,0.0462691956108841,"0","UBIAD1"
1.93633036203238e-06,0.383338516683627,0.467,0.324,0.0467681872341681,"0","PNMA1"
1.97809259535565e-06,0.502248133903055,0.455,0.317,0.0477768704556251,"0","SGPL1"
2.00763506741346e-06,0.544984470977209,0.389,0.25,0.0484904097832373,"0","TSSC4"
2.1948820008991e-06,0.526932584501972,1,1,0.0530129849677159,"0","CTGF"
2.21390650951489e-06,0.505474567042077,0.395,0.257,0.0534724839243132,"0","LINC00667"
2.24424008935193e-06,0.326708501998021,0.668,0.531,0.0542051308781172,"0","DIAPH1"
2.2590482510393e-06,0.370835557997919,0.796,0.694,0.0545627924073523,"0","PSMA3"
2.29732277390467e-06,0.31699218384201,0.835,0.696,0.0554872369581195,"0","LSM7"
2.46801127117452e-06,0.674500899934529,0.5,0.366,0.0596098762326781,"0","FAM174A"
2.56205986039263e-06,0.319063729632176,0.692,0.553,0.0618814318080632,"0","WBP4"
2.6182328633251e-06,0.493001343683333,0.434,0.292,0.0632381783478912,"0","SNRNP40"
2.63779823699457e-06,0.4044114723398,0.407,0.268,0.0637107408181297,"0","MUL1"
2.74649814456894e-06,0.569255745767839,0.398,0.261,0.0663361696857735,"0","FARSB"
2.75056676583243e-06,0.408358824138007,0.656,0.514,0.0664344390951507,"0","MRFAP1L1"
2.77052427401071e-06,0.293743270808541,0.967,0.908,0.0669164727901808,"0","FERMT2"
2.79051471536601e-06,0.973785610688489,0.305,0.188,0.0673993019202353,"0","C2orf47"
2.9432003357186e-06,0.276326156958159,0.566,0.404,0.0710871177086112,"0","ABCF2"
2.96084792240503e-06,0.280328405908282,0.734,0.574,0.0715133598698487,"0","DDX47"
2.98212229334364e-06,0.433235769576816,0.539,0.386,0.0720271997511289,"0","TMEM216"
2.98824301560792e-06,0.516511226707273,0.389,0.249,0.0721750335559781,"0","RTCA"
2.99071790208413e-06,0.683103049055707,0.569,0.429,0.072234809489038,"0","KLC1"
3.00720272695527e-06,0.724694769807908,0.605,0.474,0.0726329674641508,"0","CD58"
3.16319907597694e-06,0.278445092734739,0.898,0.769,0.0764007472820709,"0","POLR2F"
3.23767982574993e-06,0.536691754607214,0.775,0.666,0.078199680831338,"0","NGF"
3.37370970209843e-06,0.908621430320081,0.29,0.178,0.0814852104347833,"0","BOK"
3.38053643853528e-06,0.348734996632013,0.695,0.539,0.0816500965999427,"0","KARS"
3.39863615859537e-06,0.322354585241341,0.626,0.486,0.0820872591385539,"0","POLR1C"
3.4791856619604e-06,0.574444305238804,0.644,0.502,0.0840327712933296,"0","DKC1"
3.53158056600179e-06,0.463424778247123,0.44,0.289,0.0852982654106412,"0","POP4"
3.57070197858954e-06,0.484099490006285,0.566,0.422,0.0862431648888731,"0","CORO1C"
3.62745466301075e-06,0.502981976264577,0.886,0.829,0.0876139124756988,"0","INSIG1"
3.67651029068035e-06,0.588015710331165,0.398,0.262,0.0887987530508025,"0","NOL3"
3.69793629654627e-06,0.716508704180665,0.374,0.251,0.089316255370482,"0","TIMM23B"
3.71429619599535e-06,0.738716585525499,0.365,0.237,0.0897113960218757,"0","EIF2B2"
3.83774910999814e-06,0.463838613998266,0.665,0.52,0.0926931542537852,"0","COPS5"
3.84614007599742e-06,0.351700362788998,0.805,0.663,0.0928958212555657,"0","RAD23A"
3.88331992243761e-06,0.519069917889043,0.29,0.174,0.0937938260866355,"0","THADA"
3.88537704396848e-06,0.879130272055328,0.266,0.157,0.0938435117429706,"0","ISYNA1"
4.01131214563203e-06,0.25378651345262,0.838,0.679,0.0968852222534505,"0","YIF1A"
4.01905661263398e-06,0.384309870629084,0.404,0.263,0.0970722743649486,"0","TUSC2"
4.30019343337114e-06,0.405504457749224,0.62,0.466,0.103862571996213,"0","PPM1G"
4.35048272227847e-06,0.418607738311102,0.548,0.394,0.105077209191192,"0","CFDP1"
4.56691717657231e-06,0.44244831163173,0.458,0.329,0.110304750565751,"0","TRMT6"
4.67269417398285e-06,0.525203059271672,0.473,0.342,0.112859582384208,"0","MRPS35"
4.69380507593678e-06,0.338790041592368,0.512,0.383,0.113369473999101,"0","MRPL9"
4.74803530864239e-06,0.419454450574385,0.719,0.594,0.11467929680964,"0","PSMF1"
4.9075554139223e-06,0.360077287051688,0.805,0.679,0.118532185912465,"0","USP47"
4.97699953953094e-06,0.666683680796796,0.524,0.393,0.120209469878291,"0","ENO2"
5.04117389713463e-06,0.427595427159054,0.593,0.45,0.121759473137493,"0","LPGAT1"
5.21007619593399e-06,0.296076239034724,0.449,0.308,0.125838970360394,"0","SPRYD4"
5.30660045253445e-06,0.68081908925713,0.404,0.277,0.128170320730065,"0","PVR"
5.51363931588148e-06,1.0565429575631,0.299,0.179,0.133170930396485,"0","OXT"
5.55397172724014e-06,0.325250461799565,0.515,0.369,0.134145079128031,"0","TAF12"
5.56994146831843e-06,0.820586991409374,0.266,0.154,0.134530796284295,"0","CEP70"
5.58336648808501e-06,0.898907726608763,0.392,0.27,0.134855050786717,"0","SNAP47"
5.62912934063934e-06,0.378139334026972,0.467,0.335,0.135960360964462,"0","MGAT2"
5.67693546739754e-06,0.501820115824982,0.841,0.686,0.137115022344053,"0","BCL10"
5.72394862088081e-06,0.389212119016921,0.898,0.847,0.138250531040134,"0","BHLHE40"
5.7325146824668e-06,0.450544779683653,0.395,0.262,0.138457427125621,"0","PKNOX1"
5.77953360339779e-06,0.370250354479832,0.763,0.642,0.139593075122867,"0","ETS2"
5.85208420727592e-06,0.352931080245078,0.587,0.424,0.141345389858335,"0","TTC14"
6.05559418310581e-06,0.43148785720447,0.584,0.446,0.146260766304555,"0","ILK"
6.06404660340276e-06,0.648281749733072,0.377,0.252,0.146464917611987,"0","FUT4"
6.07059094053772e-06,0.413221939573935,0.542,0.392,0.146622982986807,"0","ACTL6A"
6.17187353157068e-06,0.594898046037073,0.575,0.441,0.149069261408027,"0","SLC35G2"
6.1978015793177e-06,0.432410896180713,0.437,0.3,0.14969550154526,"0","MCRS1"
6.25883817836151e-06,0.610104170535471,0.464,0.335,0.151169718521965,"0","NKAP"
6.46508226251409e-06,0.714976482309586,0.569,0.443,0.156151131886503,"0","AKAP12"
6.4734713227578e-06,0.672435283824463,0.488,0.348,0.156353752858569,"0","KRT18"
6.62748312745906e-06,0.418304793070456,0.572,0.438,0.160073599977519,"0","GNPNAT1"
6.73265908149581e-06,0.472284034969154,0.479,0.347,0.162613914795368,"0","DFFA"
6.87434280291389e-06,0.761673879370051,0.284,0.172,0.166036001718779,"0","USP2"
6.96908798683531e-06,0.487177563879682,0.437,0.312,0.168324382146033,"0","UBAP1"
6.97934443364032e-06,0.25574868049273,0.844,0.758,0.168572106105715,"0","HMGA1"
7.13971816785476e-06,0.470492092047602,0.599,0.449,0.172445612908196,"0","TCTN3"
7.1786234041353e-06,0.386007017202128,0.359,0.231,0.17338529108008,"0","DNAJA3"
7.26650076249973e-06,1.95696036869174,0.377,0.253,0.175507792916656,"0","FABP3"
7.27841333963529e-06,0.34345433599006,0.41,0.283,0.175795517392211,"0","ARMC8"
7.3110813872991e-06,0.504553875038052,0.449,0.324,0.176584548747435,"0","MRPL39"
7.39989032245247e-06,0.603162249222048,0.32,0.204,0.178729550958195,"0","ARHGAP31"
7.40840385155078e-06,0.282857746954499,0.596,0.449,0.178935178226506,"0","SNX1"
7.60927706484121e-06,0.580394405701388,0.302,0.183,0.18378686894711,"0","PIN1"
7.61544558521284e-06,0.703508534966785,0.389,0.262,0.183935857219646,"0","NR2C1"
7.66358152620395e-06,0.742079081656211,0.452,0.33,0.185098484602404,"0","KLHL28"
7.99918632921359e-06,0.440449815371952,0.305,0.187,0.193204347409496,"0","TRMT5"
8.01432220948269e-06,0.275251812019229,0.883,0.787,0.193569924325635,"0","TFG"
8.05363738616836e-06,0.359607632597949,0.398,0.268,0.194519503788124,"0","KANSL3"
8.09146780831702e-06,0.362239209834633,0.335,0.208,0.195433221974281,"0","SEC22A"
8.10670318750365e-06,0.254332825879422,0.353,0.225,0.195801202087776,"0","HSF1"
8.11498717460134e-06,0.294779971888947,0.5,0.352,0.196001285228146,"0","IWS1"
8.15555946306768e-06,0.394432516421531,0.784,0.645,0.196981227711474,"0","SNRNP27"
8.15739666125781e-06,0.278912651007847,0.503,0.352,0.19702560155936,"0","DYRK4"
8.27595823808192e-06,0.362025180601139,0.332,0.204,0.199889219324393,"0","SCYL1"
8.37787969247298e-06,0.325056799261682,0.659,0.513,0.2023509282123,"0","ARPC1A"
8.60384773388724e-06,0.277798063635486,0.47,0.326,0.207808734316579,"0","ZC3H8"
8.76825378551843e-06,1.18706745579521,0.254,0.149,0.211779633681627,"0","LOC102724050"
8.85972433337332e-06,0.890813390672226,0.317,0.2,0.213988921823966,"0","SPSB4"
8.91329361942622e-06,0.304690475942343,0.644,0.497,0.215282780790001,"0","ARSJ"
8.99992009408942e-06,0.253174955302516,0.847,0.694,0.217375070032542,"0","ACP1"
9.32088224752233e-06,0.358537303194462,0.611,0.464,0.225127268924407,"0","BAG5"
9.33031876612748e-06,0.443457816549899,0.59,0.452,0.225355189158277,"0","TMEM126A"
9.33874450407578e-06,0.498977664496012,0.428,0.29,0.225558696006942,"0","ACYP2"
9.43204432671777e-06,0.556277555662582,0.272,0.162,0.227812166623214,"0","EPB41L4A"
9.6110645063838e-06,0.255155678170602,0.883,0.786,0.232136041022688,"0","SIVA1"
9.78004090293824e-06,0.513652408833665,0.47,0.338,0.236217327928667,"0","ATG5"
9.90355142015235e-06,0.253156827355363,0.793,0.647,0.23920047745094,"0","CAPG"
9.9580266517842e-06,0.259025269931362,0.952,0.872,0.240516217720544,"0","DNAJB9"
1.02501677247906e-05,0.298506407364296,0.515,0.38,0.247572301056868,"0","TP53RK"
1.03063794219602e-05,0.783799538324749,0.302,0.19,0.248929982178604,"0","TTL"
1.03266379951921e-05,0.268604721618884,0.416,0.283,0.249419287497876,"0","AP1M1"
1.03843903566477e-05,0.338848920785438,0.491,0.347,0.250814180284113,"0","MRPS12"
1.04206609004701e-05,0.635362555290154,0.428,0.308,0.251690222729055,"0","TOR1A"
1.04824638632888e-05,0.323914933861035,0.847,0.708,0.253182949690013,"0","EIF3D"
1.04949528512133e-05,0.355348033358006,0.674,0.547,0.253484596215355,"0","UBAP2"
1.05767448798319e-05,1.47355269211727,0.584,0.462,0.255460119082579,"0","SDHA"
1.08038170915642e-05,0.806219032693904,0.467,0.339,0.260944594212549,"0","LINC01140"
1.09401890116074e-05,0.389824557620564,0.844,0.742,0.264238385197353,"0","EZR"
1.13518300635858e-05,0.567469830534529,0.311,0.193,0.274180751525789,"0","MAD1L1"
1.14805571655732e-05,0.410754569977506,0.853,0.723,0.277289897220089,"0","NDUFS6"
1.14908166765268e-05,0.526055377858446,0.554,0.42,0.277537695188152,"0","CEMIP"
1.14941769833197e-05,0.303100765872589,0.904,0.809,0.277618856678121,"0","GOLM1"
1.19249987556117e-05,0.982510339861606,0.26,0.155,0.28802449494429,"0","TAF15"
1.21559640315069e-05,0.508212175378477,0.296,0.187,0.293602999252985,"0","DNAJC30"
1.22065107795643e-05,0.644710678003796,0.296,0.181,0.294823854858817,"0","DRG2"
1.26610019441117e-05,0.30126285692382,0.796,0.67,0.305801179956129,"0","UTP11L"
1.27403829776447e-05,0.424771395980554,0.488,0.355,0.307718470059052,"0","POLR2B"
1.28587667544346e-05,0.541633445733245,0.284,0.174,0.310577793419859,"0","LRRC8D"
1.29058175011435e-05,0.318786483504706,0.623,0.461,0.311714210105119,"0","TIMM8B"
1.29940014921402e-05,1.50897785339201,0.326,0.215,0.313844118039663,"0","SETD4"
1.30243921430309e-05,0.61386402541644,0.326,0.209,0.314578143430625,"0","AEN"
1.31180855942419e-05,0.490000799867028,0.284,0.172,0.316841121357724,"0","LOC728554"
1.32765455171382e-05,0.349181929239528,0.587,0.445,0.320668403875439,"0","TMEM11"
1.37026935093518e-05,0.292830467915212,0.784,0.665,0.330961156331375,"0","USP16"
1.38679069842451e-05,0.573667328057821,0.569,0.445,0.334951557390473,"0","YWHAH"
1.39173441029092e-05,0.714793176253243,0.338,0.226,0.336145612117566,"0","IFT46"
1.4053313419338e-05,0.444281544221502,0.578,0.445,0.339429679017271,"0","PMPCB"
1.41135566761521e-05,0.305667484187673,0.587,0.434,0.340884734399103,"0","DUSP11"
1.41359235811157e-05,0.364264431719321,0.476,0.359,0.341424962254687,"0","BIN3"
1.42586393552287e-05,0.413658151830131,0.749,0.596,0.344388916346838,"0","NDUFAF2"
1.45326485259687e-05,0.317562529952692,0.778,0.667,0.351007059847722,"0","AK6"
1.46261230167469e-05,0.319156671593632,0.476,0.338,0.353264749223487,"0","LDOC1"
1.46765408401467e-05,0.551439527556679,0.419,0.294,0.354482490912063,"0","GALE"
1.49980993303914e-05,0.340937657748492,0.44,0.313,0.362249093126943,"0","MTRF1L"
1.52190870142008e-05,0.518699965171824,0.698,0.566,0.367586608653993,"0","JAGN1"
1.54931340952591e-05,0.382160138740484,0.868,0.771,0.374205667802793,"0","H2AFJ"
1.56152999897148e-05,0.530737640935503,0.737,0.619,0.377156340651582,"0","STC2"
1.56996966064808e-05,0.565664466784704,0.392,0.271,0.379194772136331,"0","ALKBH2"
1.58469032772158e-05,0.868692621309334,0.374,0.256,0.382750254854593,"0","SCO1"
1.60431088229535e-05,0.294758569485665,0.428,0.29,0.387489207400796,"0","MRPL28"
1.62402199347527e-05,0.315209985152378,0.473,0.343,0.392250032084081,"0","SOX8"
1.63148642098444e-05,0.989442219469318,0.311,0.205,0.394052915260372,"0","TRIM47"
1.63419841420826e-05,0.488067288368781,0.608,0.472,0.394707942983722,"0","TUBE1"
1.70028863856486e-05,0.815444952531026,0.317,0.205,0.41067071487257,"0","TBRG4"
1.70366676999885e-05,0.368592685316189,0.491,0.351,0.411486634957822,"0","ACSL1"
1.74283617053221e-05,0.339507005156292,0.332,0.216,0.420947220268646,"0","ZNF562"
1.74680420184485e-05,0.460219537389242,0.371,0.237,0.421905618871588,"0","KCNK5"
1.75672731936379e-05,0.329932766933269,0.811,0.723,0.424302349445935,"0","CIB1"
1.76547960291043e-05,0.688945679214123,0.356,0.238,0.426416288490955,"0","MLH1"
1.7666944571468e-05,0.457257751120763,0.326,0.213,0.426709712234666,"0","KIRREL"
1.78659108665039e-05,0.419239634970348,0.584,0.452,0.43151534515867,"0","OGFOD1"
1.79120945102589e-05,0.451665051145271,0.425,0.297,0.432630818706284,"0","FARSA"
1.80480544336171e-05,0.297642885055771,0.611,0.47,0.435914658735153,"0","PDCD10"
1.80962009780976e-05,0.466245540852469,0.299,0.191,0.437077542223992,"0","DUSP18"
1.81444760912491e-05,0.399028335256319,0.362,0.237,0.438243531031939,"0","C18orf21"
1.92553283598104e-05,0.357527154107129,0.689,0.569,0.465073945874502,"0","MRPL27"
1.95362532703621e-05,0.772532903517877,0.656,0.535,0.471859125239055,"0","PTK2"
1.95992577217759e-05,0.256791436758142,0.332,0.212,0.473380871754053,"0","TIMM21"
1.96555486471975e-05,0.368463138306678,0.338,0.223,0.474740466475761,"0","PEX3"
1.9835036607509e-05,0.298915818454121,0.446,0.315,0.479075639181165,"0","SLC4A5"
1.99108105040655e-05,0.424998007321371,0.599,0.471,0.480905806104693,"0","NGEF"
2.00792467755802e-05,0.259551341689241,0.847,0.733,0.484974047370587,"0","CTSF"
2.01643873194431e-05,0.454019409551636,0.539,0.405,0.48703044692651,"0","GADD45GIP1"
2.05458893266186e-05,0.41975015993902,0.287,0.178,0.496244864905819,"0","WDR73"
2.08084908921604e-05,0.43566037545641,0.395,0.274,0.50258748051835,"0","TOMM40"
2.1322277469403e-05,0.386173544303736,0.521,0.39,0.51499696771849,"0","THUMPD3"
2.16595034631573e-05,0.404091570871344,0.296,0.183,0.523141987145639,"0","LGI4"
2.16887158394061e-05,0.460674000590353,0.344,0.223,0.523847553669175,"0","ISOC1"
2.20367931962522e-05,0.336350159501038,0.79,0.711,0.532254666069079,"0","LRP10"
2.21498943902437e-05,0.649242520729877,0.428,0.321,0.534986399207556,"0","SOCS4"
2.2981801541324e-05,0.317791185655373,0.817,0.715,0.555079452627598,"0","CCT3"
2.30906822672582e-05,0.875979743071079,0.638,0.51,0.557709248801088,"0","STEAP2"
2.3707130777101e-05,1.54042945417496,0.284,0.177,0.572598329659321,"0","BCAS4"
2.38172999920664e-05,0.6644441811012,0.326,0.215,0.57525924670838,"0","NOL12"
2.41627725023158e-05,0.505977729405062,0.425,0.306,0.583603444248434,"0","CTNNBL1"
2.42011246814305e-05,0.29354020838203,0.596,0.457,0.584529764430592,"0","FBXO7"
2.44076619312542e-05,0.62100513112853,0.269,0.163,0.589518258625582,"0","KNOP1"
2.44139770785479e-05,0.403118369193809,0.506,0.381,0.589670788378167,"0","TFB2M"
2.44159364399711e-05,0.257767935888473,0.569,0.434,0.589718112834622,"0","VDAC3"
2.46402317350336e-05,0.7560001804073,0.317,0.21,0.595135517096267,"0","DCAF16"
2.50139677503948e-05,0.274493843747088,0.632,0.493,0.604162363075285,"0","TSN"
2.59355019873378e-05,0.386360183132183,0.704,0.612,0.626420179500169,"0","FGFR1OP2"
2.59575138241139e-05,0.375592346918758,0.47,0.328,0.626951831393823,"0","MRPL37"
2.62782061996948e-05,0.277742539233045,0.365,0.239,0.634697514341227,"0","TRNT1"
2.63291799678885e-05,0.282022654189548,0.716,0.59,0.63592868376441,"0","CHCHD7"
2.63936823387059e-05,0.685346565810176,0.395,0.28,0.637486609526764,"0","TGFBR3L"
2.65590945479699e-05,0.614851797946746,0.737,0.626,0.641481810617118,"0","CFAP36"
2.66455090816691e-05,0.920330886311124,0.263,0.161,0.643568980849553,"0","GDAP2"
2.67241595195974e-05,0.382150198256913,0.704,0.567,0.645468624876836,"0","HDDC2"
2.70483826589609e-05,0.537042057817985,0.605,0.506,0.653299586361882,"0","ZNF655"
2.71635031479088e-05,0.441934059877379,0.503,0.367,0.656080091531441,"0","SIKE1"
2.74342332696073e-05,0.424839137894562,0.422,0.292,0.662619036160825,"0","IQCB1"
2.85992455683408e-05,0.502262909394407,0.542,0.418,0.690757578212136,"0","RELL1"
2.86635760378608e-05,0.390394869781641,0.713,0.615,0.692311352042451,"0","NFATC1"
2.99285805332776e-05,0.769586471612524,0.302,0.198,0.722865005620253,"0","ZNF667-AS1"
3.01142403727728e-05,0.481886673829854,0.41,0.284,0.727349247723582,"0","LOC100506844"
3.04296182747881e-05,1.93928865993065,0.461,0.339,0.734966570190958,"0","G0S2"
3.11645575141417e-05,0.304692658789948,0.877,0.784,0.752717557639065,"0","FAM177A1"
3.11972426661499e-05,0.447142273748162,0.434,0.31,0.753507002115518,"0","HCG18"
3.16199763395395e-05,1.33551867840503,0.263,0.163,0.763717288528898,"0","ULBP1"
3.17857903380589e-05,0.303031354094567,0.485,0.347,0.767722194035138,"0","SRFBP1"
3.19387507348672e-05,1.56977064913835,0.254,0.157,0.771416646499248,"0","DIRAS3"
3.22876354570192e-05,0.41610533326694,0.305,0.195,0.779843259193385,"0","DXO"
3.22890969729738e-05,0.51536236731094,0.566,0.438,0.779878559188237,"0","ANG"
3.29442345674876e-05,0.292274303628547,0.701,0.559,0.795702097508529,"0","SENP5"
3.32950665258511e-05,0.417995644719024,0.563,0.437,0.804175741798883,"0","NDUFV1"
3.33340892410049e-05,0.333882027513834,0.632,0.496,0.805118257437992,"0","DRG1"
3.35302431929894e-05,0.276739401044392,0.554,0.426,0.809855963840273,"0","FAM210A"
3.43048820808276e-05,0.314326826570029,0.398,0.279,0.82856581689823,"0","PPIL1"
3.45921665423187e-05,0.613334991544876,0.404,0.283,0.835504598496624,"0","DDX10"
3.50897431809723e-05,0.449020743454364,0.704,0.594,0.847522567050024,"0","ORMDL1"
3.57263754407328e-05,0.468039433928737,0.359,0.245,0.86289914602002,"0","TMEM251"
3.60823105468478e-05,0.447580129666715,0.503,0.375,0.871496046638015,"0","PPIE"
3.64261672659182e-05,0.558495055398014,0.326,0.214,0.879801217973723,"0","MRPL46"
3.66460630689784e-05,0.709075012623277,0.251,0.151,0.885112361305035,"0","RNGTT"
3.69157685140093e-05,0.265852482829255,0.488,0.36,0.891626556918867,"0","WDR13"
3.70062294774763e-05,0.615752038211905,0.473,0.365,0.893811460569484,"0","LYRM2"
3.70076105252663e-05,0.694051605056168,0.494,0.377,0.893844817016756,"0","PAICS"
3.76381856011611e-05,0.470029052924239,0.263,0.16,0.909075096824844,"0","STARD3"
3.77948491541249e-05,1.01340563487675,0.832,0.725,0.912858991619578,"0","FOXK1"
3.91503851993809e-05,0.288294301528525,0.988,0.964,0.945599253720646,"0","PGK1"
3.9184932190257e-05,0.309657515049116,0.856,0.724,0.946433667191277,"0","PSMD4"
3.98011369095067e-05,0.255247431922848,0.305,0.198,0.961316859775315,"0","HS3ST3B1"
3.99148720464299e-05,0.329259593516786,0.719,0.626,0.964063904537422,"0","SNRPC"
4.00784251685931e-05,0.459321428280167,0.338,0.219,0.968014203097029,"0","PPP2R2D"
4.14344124801158e-05,0.263068741734458,0.641,0.508,1,"0","LOXL2"
4.42489880015804e-05,0.698359872872041,0.47,0.358,1,"0","AHCY"
4.44024977739437e-05,0.330218635247677,0.56,0.43,1,"0","PMM2"
4.55862260037511e-05,0.623113529509903,0.763,0.643,1,"0","RNF149"
4.57885592692343e-05,0.262888709293316,0.473,0.342,1,"0","ATP1B2"
4.75210912602032e-05,0.515561889280974,0.623,0.514,1,"0","SNHG3"
4.79085001559956e-05,0.369005304211878,0.71,0.584,1,"0","DNAJB11"
4.83932974643565e-05,0.297962637151461,0.425,0.294,1,"0","TGFB1I1"
4.87326198349352e-05,0.427147847229485,0.311,0.202,1,"0","PNPLA4"
4.88045974651088e-05,0.541627875621606,0.479,0.355,1,"0","ACAT1"
4.98065683718211e-05,0.353991876984439,0.557,0.424,1,"0","SMIM12"
5.08025186154403e-05,0.408663946588839,0.44,0.329,1,"0","PNPT1"
5.13338101378603e-05,0.478239870260111,0.548,0.434,1,"0","FAM43A"
5.22582126614509e-05,0.38004388780529,0.503,0.392,1,"0","INO80C"
5.27885782487156e-05,0.440957424896554,0.593,0.469,1,"0","MRPL54"
5.29840435494466e-05,0.505542823965836,0.422,0.307,1,"0","TMEM99"
5.3289160175381e-05,0.301956075381982,0.719,0.592,1,"0","COPZ1"
5.3343746457133e-05,0.469371929136924,0.464,0.343,1,"0","C14orf142"
5.50722162379975e-05,0.296670171574632,0.707,0.583,1,"0","ARPC4"
5.61390279468769e-05,0.434369959088097,0.494,0.366,1,"0","ITPR1"
5.63875607524135e-05,0.57210237800031,0.359,0.245,1,"0","ME1"
5.665121442185e-05,0.572372375310091,0.272,0.166,1,"0","SLC44A3"
5.735047255658e-05,0.370371593292509,0.605,0.471,1,"0","MEA1"
5.77143522657594e-05,0.366390281617562,0.731,0.609,1,"0","POLD4"
6.06997445420467e-05,0.551729748918711,0.263,0.166,1,"0","THAP6"
6.31539097048802e-05,0.724210453691273,0.458,0.346,1,"0","LMF1"
6.37324742802604e-05,0.326142338467386,0.299,0.192,1,"0","PCYT1A"
6.56894260437504e-05,0.624783994348551,0.275,0.177,1,"0","SMAGP"
6.58406450761961e-05,0.337295268520532,0.949,0.877,1,"0","KCNMA1"
6.68684413409586e-05,0.261054235538702,0.91,0.837,1,"0","VEGFA"
6.70461494993457e-05,0.579443141154115,0.374,0.264,1,"0","UNK"
6.76722787487863e-05,0.415501462743589,0.485,0.358,1,"0","DDX56"
6.78872446615762e-05,0.35842346309802,0.584,0.459,1,"0","ZNF326"
6.85969223400771e-05,0.47856202755778,0.473,0.35,1,"0","EPS8L2"
6.8664715712686e-05,0.601721991456338,0.413,0.309,1,"0","RQCD1"
6.97325902751763e-05,0.372242955706424,0.437,0.32,1,"0","TRIM27"
7.23104992829445e-05,0.266480681213185,0.581,0.445,1,"0","ORMDL2"
7.50736565853459e-05,0.6962821895775,0.323,0.22,1,"0","LAS1L"
7.53108248172274e-05,0.883924720132951,0.407,0.286,1,"0","RASGEF1B"
7.58498626844566e-05,0.838751774547258,0.494,0.367,1,"0","SOCS2"
7.62977941313147e-05,0.393037334205703,0.377,0.262,1,"0","INPP4B"
7.66817487489954e-05,0.537735000068781,0.257,0.162,1,"0","TMEM120B"
7.6824205731666e-05,0.625301407108307,0.35,0.243,1,"0","APTX"
7.78210998258866e-05,0.930618144699402,0.284,0.186,1,"0","RP9P"
7.99423292416296e-05,0.372215948023971,0.647,0.555,1,"0","ECHS1"
8.02007564438967e-05,0.41684014937342,0.769,0.658,1,"0","PSMC2"
8.11113607755531e-05,0.756424859153747,0.467,0.349,1,"0","TNNT3"
8.45160701708252e-05,0.605078243581228,0.542,0.414,1,"0","UBE4A"
8.45233277499629e-05,0.27573698514803,0.698,0.581,1,"0","MAP4"
8.59505544803296e-05,0.260725640130282,0.68,0.552,1,"0","ACTR10"
8.64147754484166e-05,0.311731901350807,0.584,0.446,1,"0","TMEM9B"
8.94424523745347e-05,0.255170958148522,0.452,0.323,1,"0","SLC35A3"
9.11411927041209e-05,0.303450423537676,0.623,0.516,1,"0","SQLE"
9.1568999428027e-05,0.443466661575401,0.491,0.371,1,"0","GPT2"
9.18951304129659e-05,0.432167672000466,0.464,0.341,1,"0","RAB9A"
9.53182915741843e-05,0.376341116420822,0.734,0.657,1,"0","HECTD2"
9.97240800960634e-05,0.311970090144889,0.787,0.672,1,"0","TMX2"
0.000100197223883355,0.55555883632575,0.404,0.286,1,"0","LINC00632"
0.000100662970790407,0.667960021026967,0.302,0.199,1,"0","CNEP1R1"
0.000101939724819338,0.355534718846665,0.548,0.419,1,"0","CLNS1A"
0.000103943954050635,0.889638222160221,0.32,0.222,1,"0","ERAL1"
0.000105801131890718,0.535910419087221,0.413,0.297,1,"0","LOC653513"
0.000106258895628613,0.397109812221946,0.692,0.553,1,"0","PRMT1"
0.000108708710286127,0.315026268330846,0.769,0.656,1,"0","ARPC5"
0.000110812509767276,0.571640283408381,0.299,0.198,1,"0","THAP1"
0.00011400011845062,0.254975858014053,0.449,0.327,1,"0","PDZD11"
0.000115370321678964,0.43539464809147,0.449,0.341,1,"0","CHMP1A"
0.000116563489515358,0.283753630192542,0.515,0.39,1,"0","SLC35A2"
0.00011721381229278,0.359395366293565,0.506,0.386,1,"0","TXNDC9"
0.000118388529599292,0.362087038289785,0.47,0.354,1,"0","MIS12"
0.000119242989820476,0.582134805369882,0.266,0.168,1,"0","SEC14L2"
0.000121944023383515,0.486556256266048,0.41,0.299,1,"0","ZDHHC6"
0.000122325473533686,0.480412879608179,0.512,0.396,1,"0","MAD2L1BP"
0.000127435896076585,0.288548205454299,0.808,0.695,1,"0","PRR13"
0.000130592473688961,0.347609359724505,0.497,0.383,1,"0","VPS37A"
0.000131584740046443,0.484723091320705,0.359,0.25,1,"0","ZFPL1"
0.000131931157170579,0.276312096988503,0.317,0.208,1,"0","PSPH"
0.000133430483961144,0.276795013520887,0.572,0.447,1,"0","SDAD1"
0.000137986031073038,0.806077647794226,0.437,0.323,1,"0","IL1RL1"
0.000143413237875511,0.272506389962585,0.692,0.572,1,"0","TM9SF1"
0.00014400756153686,0.761809136528532,0.416,0.317,1,"0","GEMIN7"
0.000146487868982067,0.435222804508302,0.641,0.531,1,"0","NSFL1C"
0.000147995750980245,0.513835154364268,0.356,0.248,1,"0","AQP3"
0.000148272803071659,0.552809650734054,0.281,0.183,1,"0","ZNF518A"
0.000149743835309389,0.383793103997579,0.503,0.378,1,"0","TSEN15"
0.000153172920210593,0.541622948042835,0.323,0.217,1,"0","C9orf114"
0.000155848458224166,0.334698473699399,0.614,0.493,1,"0","ENSA"
0.000158893590568456,0.557572725175746,0.506,0.399,1,"0","NOC3L"
0.000159005021430287,0.495597775685165,0.542,0.429,1,"0","ABHD14A"
0.000161599330313975,0.818716045422845,0.257,0.168,1,"0","FNDC4"
0.000161691563420307,0.37466925259354,0.557,0.429,1,"0","NUTM2B-AS1"
0.000162194628139808,0.432962602612897,0.494,0.376,1,"0","CBWD5"
0.00016425302409353,0.35502592238603,0.341,0.228,1,"0","TOPORS-AS1"
0.000166304076791804,0.888582601715128,0.311,0.22,1,"0","MAP1LC3A"
0.000170581837424347,0.431577286828676,0.461,0.347,1,"0","GSTM5"
0.000172208084795512,0.335456588967478,0.644,0.541,1,"0","LARS"
0.000172713133506265,0.279782913202081,0.455,0.336,1,"0","ZNF271P"
0.000173082362598901,1.2931217775051,0.26,0.177,1,"0","LAMC2"
0.000175930870475573,0.495204753482144,0.521,0.428,1,"0","PAK1IP1"
0.000176291143334342,0.536239737422555,0.428,0.318,1,"0","LPIN1"
0.000183059902336861,0.689715150534569,0.371,0.268,1,"0","PSMG3"
0.000187139044572179,0.298778185413947,0.614,0.488,1,"0","USP14"
0.000187534397380503,0.285298639170658,0.686,0.566,1,"0","NDUFA7"
0.000191032634541812,0.760702094959234,0.338,0.242,1,"0","PPARD"
0.000193388457705741,0.449283587681101,0.311,0.208,1,"0","MCM3"
0.00019341508822318,0.435027293530453,0.629,0.522,1,"0","UBE2V2"
0.000196554308375413,0.430619580874005,0.401,0.292,1,"0","POPDC3"
0.000196682676031081,0.2662614597125,0.545,0.433,1,"0","LAP3"
0.000201094252345998,0.472734205985448,0.587,0.475,1,"0","KDM7A"
0.000202628470130105,0.377823198145089,0.524,0.406,1,"0","API5"
0.000202673414841611,0.315295349321688,0.823,0.727,1,"0","RNF130"
0.00020332689543196,0.260130752209608,0.257,0.163,1,"0","C1orf53"
0.000203764760862148,0.379217474901739,0.41,0.292,1,"0","SYS1"
0.000204809305753448,0.386063403511255,0.488,0.38,1,"0","PDZD8"
0.000207066460859318,0.642171713078628,0.368,0.264,1,"0","MRPS30"
0.000208049548161171,0.305516752135718,0.467,0.354,1,"0","TCEB3"
0.000212215241917143,0.413401233026701,0.254,0.162,1,"0","WDR35"
0.000212415846700488,0.399548995846114,0.383,0.282,1,"0","TGDS"
0.000212932179950518,0.388821233860673,0.482,0.374,1,"0","NDFIP2"
0.000222055025491149,0.450859204857652,0.512,0.404,1,"0","SMIM10L1"
0.000223404967596701,0.30192856469889,0.422,0.305,1,"0","QTRTD1"
0.000225771639373235,0.358008893960757,0.641,0.533,1,"0","C8orf33"
0.000226616889386452,0.26043181848718,0.859,0.786,1,"0","PDCD6"
0.000227798034587182,0.419391543054883,0.338,0.238,1,"0","EFHD1"
0.000242136066839208,0.40535991418367,0.389,0.284,1,"0","NCBP2-AS2"
0.000250346419434754,0.318206136016133,0.305,0.202,1,"0","RPP30"
0.000252082286277878,0.448186554098212,0.464,0.358,1,"0","SGTA"
0.000259440250092956,0.912589167286886,0.272,0.183,1,"0","JPX"
0.000264122796951709,0.342845598058378,0.892,0.807,1,"0","HSPB8"
0.000265010600654805,0.49057033734313,0.359,0.256,1,"0","ESCO1"
0.000267222461417906,0.592329336202899,0.422,0.319,1,"0","SH2D4A"
0.000267931555360544,0.256620957788004,0.68,0.551,1,"0","HSD17B10"
0.000270931031001269,0.457137010315874,0.281,0.186,1,"0","RBM12B"
0.000271665569636309,0.554380766065955,0.278,0.187,1,"0","PRKG1"
0.000274963598982829,0.476076725522216,0.71,0.565,1,"0","MRPL44"
0.000276098341101207,1.03165527389713,0.647,0.523,1,"0","RLIM"
0.000278038052979027,0.418756067416401,0.362,0.267,1,"0","SLC41A2"
0.000285326826844924,0.390418555535402,0.407,0.302,1,"0","RIOK1"
0.000292348411484822,0.4903285861081,0.647,0.545,1,"0","NQO2"
0.000299305612906049,0.408857017430203,0.485,0.369,1,"0","EFS"
0.000302919547131446,0.349931487228183,0.751,0.618,1,"0","ETNK1"
0.000302981597883855,0.464745002445512,0.476,0.365,1,"0","MRPS11"
0.000303812955373952,0.501215195444881,0.287,0.195,1,"0","ZNF576"
0.000304966856641926,0.495037600678624,0.254,0.168,1,"0","BTBD10"
0.000307863920768969,0.365287609945053,0.503,0.383,1,"0","EGLN3"
0.000308591008306467,0.45201395012736,0.278,0.186,1,"0","NUP85"
0.000309235218647595,0.880210752126796,0.293,0.207,1,"0","WDR41"
0.000311411956001905,0.316069234951115,0.749,0.657,1,"0","CTDSP2"
0.000316465630501693,0.523547906935282,0.413,0.315,1,"0","MMAB"
0.000317335905258573,0.617746041149243,0.26,0.172,1,"0","PEX16"
0.000317567079907646,0.709708986389738,0.275,0.181,1,"0","AAGAB"
0.000319708604435473,0.65670210997873,0.296,0.206,1,"0","CHTF8"
0.0003199870468055,0.699666441289551,0.281,0.185,1,"0","OIP5-AS1"
0.000325359096821627,0.421990988589499,0.485,0.374,1,"0","TP53BP1"
0.000332771722825535,0.34794646797038,0.698,0.595,1,"0","VSTM4"
0.000333542780040804,1.01115452562766,0.629,0.488,1,"0","YIPF4"
0.000341301618788401,0.8268105255839,0.266,0.178,1,"0","FOXC2-AS1"
0.000342227464992063,0.650215490897966,0.359,0.267,1,"0","PLAA"
0.000350839620511383,0.530974510624453,0.305,0.211,1,"0","MRPL49"
0.000355525435883744,0.344469347865449,0.455,0.341,1,"0","DIEXF"
0.000367535119638012,0.542850788640524,0.293,0.204,1,"0","LENG1"
0.000368860986998375,0.356168685862587,0.611,0.508,1,"0","NAPG"
0.000370538126539414,0.538512873522155,0.422,0.327,1,"0","RNFT1"
0.000381058589618829,0.363756619241838,0.29,0.194,1,"0","URB2"
0.000381359231962641,0.731856986038004,0.293,0.204,1,"0","GTF2IRD1"
0.000382178687426289,0.320563414296793,0.575,0.457,1,"0","CCDC12"
0.000389224112928969,0.510455151745211,0.407,0.297,1,"0","PSMG4"
0.000389756603076012,1.09402409132391,0.251,0.168,1,"0","TMEM25"
0.000399718290131881,0.672186762992945,0.338,0.244,1,"0","ICT1"
0.000400300879651914,0.800418540168193,0.338,0.243,1,"0","MAP9"
0.00040542687419847,0.34582869510969,0.383,0.276,1,"0","RPP14"
0.00040887998302916,0.307758951290571,0.602,0.488,1,"0","EIF3G"
0.000411741822954023,0.277947745692489,0.701,0.581,1,"0","RPF1"
0.000416163651006421,0.275991839866615,0.772,0.666,1,"0","GTF3C6"
0.000417237405053918,0.411784730705622,0.473,0.368,1,"0","FAM103A1"
0.000419342415206303,0.715893814093226,0.329,0.23,1,"0","SMG1P2"
0.00043020950110801,0.290220944005305,0.29,0.191,1,"0","B3GNT7"
0.000440970836720207,0.459709553577456,0.56,0.455,1,"0","UXS1"
0.000442116009368808,0.505520764772519,0.332,0.234,1,"0","ACVR2A"
0.000453702742475801,0.476808265370324,0.377,0.282,1,"0","SERPINB8"
0.000457500863718632,0.752138405021058,0.263,0.18,1,"0","NUDT16"
0.000461683756744591,0.260092279737271,0.521,0.415,1,"0","RNF144B"
0.000467060289048926,0.355070414380888,0.413,0.302,1,"0","ISY1"
0.000468395790473582,0.25038371285311,0.353,0.256,1,"0","DLGAP1-AS1"
0.000477764823746195,0.332669095957572,0.431,0.32,1,"0","ALDH2"
0.000483927891686405,0.274167578473378,0.365,0.263,1,"0","CRYL1"
0.000494614749784799,0.513991047637848,0.473,0.378,1,"0","COPS4"
0.000499475685324691,0.250390531765848,0.677,0.554,1,"0","SPCS3"
0.000508169058301856,0.256106166137156,0.425,0.311,1,"0","SRGAP1"
0.000526311607763629,0.460853550772729,0.796,0.703,1,"0","TMX4"
0.000531937790015336,0.316852289219083,0.734,0.657,1,"0","HNRNPR"
0.000551269907169965,0.461258580135423,0.44,0.343,1,"0","DUSP23"
0.000558920156721735,0.505578427524215,0.518,0.418,1,"0","AK3"
0.000560137472977184,0.3129100871263,0.596,0.47,1,"0","RC3H1"
0.00056604938045511,0.437586812652015,0.404,0.312,1,"0","RTKN"
0.000579947904152361,0.261017520055196,0.407,0.304,1,"0","VWA9"
0.000609187783112657,0.285811446106991,0.344,0.245,1,"0","MTRR"
0.0006152103686075,0.793418862379101,0.332,0.241,1,"0","NUPL2"
0.000616314070048116,0.308556103619337,0.377,0.268,1,"0","UBA5"
0.00061796823986369,0.3759404073781,0.461,0.351,1,"0","RNF113A"
0.000622176698981164,0.252060482072761,0.734,0.631,1,"0","MRPL50"
0.000629762742129668,0.621719502600049,0.284,0.197,1,"0","DPH2"
0.000635213709310422,0.362595080782857,0.428,0.335,1,"0","GOT2"
0.000636705739907622,0.320860672940724,0.605,0.509,1,"0","AURKAIP1"
0.000637505163235305,0.558415711717951,0.38,0.291,1,"0","MRPL35"
0.000639544037455272,0.661304763935971,0.314,0.225,1,"0","HAGH"
0.000642530581941775,0.259003369118418,0.569,0.442,1,"0","MRPL2"
0.000645803499782545,0.383358206542801,0.263,0.173,1,"0","MKRN2"
0.000648197071309615,0.259053415763989,0.587,0.485,1,"0","DDOST"
0.000656853743185754,0.905108602774149,0.266,0.185,1,"0","FERMT1"
0.000656993179307899,0.531479081041294,0.323,0.232,1,"0","STYXL1"
0.000670158917583028,0.512546363561462,0.482,0.388,1,"0","ALG3"
0.000679074604717116,0.494720798321767,0.314,0.221,1,"0","TRAF3IP2-AS1"
0.000679919373840226,0.267867370797061,0.707,0.567,1,"0","HSPB6"
0.000686847467577447,0.351991003360739,0.257,0.171,1,"0","TASP1"
0.000701775968537438,0.367625511355936,0.359,0.261,1,"0","RAP2B"
0.000705443722817385,0.622865924918409,0.335,0.246,1,"0","TMEM100"
0.000707671624433759,0.806428582864062,0.263,0.179,1,"0","MTG2"
0.000715569862123512,0.405984191980279,0.479,0.386,1,"0","MRPL16"
0.000723844867314361,0.291286442284599,0.611,0.502,1,"0","CBLB"
0.000734891767141504,0.273778796481061,0.56,0.458,1,"0","LRRC8C"
0.000745835759387122,0.45595548058957,0.263,0.179,1,"0","NUTM2A-AS1"
0.000746272800087788,0.276914537770555,0.62,0.521,1,"0","ZCCHC6"
0.000752598669708315,0.37814056850415,0.692,0.608,1,"0","ZCCHC17"
0.000754342623249867,0.276747562461107,0.368,0.274,1,"0","UBLCP1"
0.00075625277084245,0.62007862932088,0.359,0.266,1,"0","MRPL10"
0.000760476937019655,0.372382231247343,0.341,0.246,1,"0","CTPS1"
0.000767981774047651,0.367743843424001,0.299,0.208,1,"0","NUP88"
0.000777069524908715,0.750948775250225,0.308,0.22,1,"0","RP9"
0.000796917877103059,0.599022675033026,0.251,0.168,1,"0","ZNF195"
0.00079869618266374,0.55608022710873,0.305,0.221,1,"0","PVRL1"
0.000805485417794911,0.556137776031897,0.338,0.251,1,"0","NDNL2"
0.000814250875407681,0.382467835971763,0.365,0.271,1,"0","NELFCD"
0.000825877363156248,0.312254395586085,0.584,0.49,1,"0","LPAR1"
0.000843044407837433,0.407768730272906,0.26,0.176,1,"0","TMEM68"
0.000847351985152012,0.26811396857332,0.359,0.261,1,"0","RNF14"
0.000861275598410792,0.60066492643548,0.257,0.175,1,"0","ZNF512"
0.000873078242653357,0.440418244109891,0.407,0.311,1,"0","NEDD9"
0.000902575811944527,0.276544224453309,0.314,0.222,1,"0","MOSPD1"
0.000910101323395474,1.42553864875931,0.452,0.357,1,"0","SUCO"
0.000910998858672423,0.337008754647449,0.434,0.333,1,"0","IFT27"
0.000934807416824682,0.329380913637077,0.395,0.293,1,"0","FAM57A"
0.000935099313987192,0.355233573198909,0.374,0.276,1,"0","UTP3"
0.00093635611673864,0.473808681443451,0.371,0.276,1,"0","SLC25A17"
0.000941508365218632,0.601055987972311,0.386,0.296,1,"0","BLCAP"
0.000951543293028611,0.352457559941522,0.284,0.195,1,"0","NAF1"
0.000965103728348917,0.262948120281671,0.799,0.708,1,"0","ANXA7"
0.000974516079175244,0.286644468582045,0.458,0.346,1,"0","CA2"
0.000992807893240016,0.272575672464263,0.734,0.658,1,"0","HNRNPD"
0.000998762050807154,0.310598321736073,0.524,0.422,1,"0","PIH1D1"
0.00100271192593671,0.465959317821539,0.374,0.288,1,"0","TTC32"
0.00102640908566521,0.346029980412655,0.308,0.215,1,"0","PES1"
0.00102907617805607,0.481445144743584,0.332,0.25,1,"0","UMPS"
0.00103940815592636,0.275818216555439,0.305,0.214,1,"0","TFIP11"
0.00103942241500709,0.254850594381191,0.44,0.341,1,"0","CWC27"
0.00104304404430167,0.425553983452117,0.338,0.248,1,"0","MUT"
0.00104839492483537,0.300758997988727,0.683,0.598,1,"0","ITIH6"
0.00105372063549447,0.386385029557156,0.269,0.186,1,"0","DGCR6"
0.00105902000793975,0.298049809427718,0.422,0.314,1,"0","MTX2"
0.00106728828635229,0.37508626061883,0.38,0.283,1,"0","DMTF1"
0.00110521772673467,0.289696493164622,0.473,0.364,1,"0","PDCL3"
0.00111538501521558,0.470751019718577,0.365,0.274,1,"0","RASSF1"
0.00111785611861861,0.668098073218748,0.32,0.242,1,"0","TENM2"
0.0011213509906733,0.363764231367878,0.593,0.494,1,"0","NUPL1"
0.00113891267646469,0.288801969060692,0.608,0.519,1,"0","TRMT10C"
0.00114963452336043,0.643114055295098,0.296,0.211,1,"0","CENPN"
0.00115186793569571,0.68557799828934,0.278,0.198,1,"0","BLZF1"
0.00116845262387701,0.447212376399294,0.266,0.183,1,"0","TRUB2"
0.00123305178831097,0.253787291592055,0.446,0.342,1,"0","OSBPL2"
0.00123430552542328,0.537272302665267,0.392,0.293,1,"0","DCUN1D4"
0.00124308820993656,0.275256269382106,0.419,0.31,1,"0","RUFY3"
0.00124948585787202,0.539453956912806,0.32,0.231,1,"0","MRPL24"
0.00126481651139861,0.805207263268387,0.32,0.239,1,"0","TMEM192"
0.00127221058368259,0.550753006628455,0.257,0.177,1,"0","ZBED5-AS1"
0.00127422499376945,0.626735025164376,0.835,0.746,1,"0","EIF2S3"
0.00129361372664419,0.386461941121929,0.287,0.204,1,"0","PDE7B"
0.00131757186492073,0.354488345016698,0.356,0.255,1,"0","C18orf8"
0.00132281376969169,0.283100940129992,0.623,0.518,1,"0","MRPL43"
0.00133542330190401,1.09000779948233,0.314,0.226,1,"0","BCYRN1"
0.00133931142630269,0.363847689888998,0.578,0.491,1,"0","EVI5"
0.00137634906591631,0.508653115820205,0.596,0.506,1,"0","ERH"
0.00142366377980981,0.471023623266459,0.266,0.184,1,"0","VIT"
0.00142366812460657,0.628394925272163,0.26,0.178,1,"0","OSBPL6"
0.00143565126692935,0.291349456051145,0.775,0.693,1,"0","PSMA5"
0.00143758718603223,0.462913689137966,0.386,0.295,1,"0","NECAP2"
0.00144198262864218,0.418564208890213,0.503,0.413,1,"0","SPAG7"
0.00144732667215473,0.517780724738776,0.437,0.349,1,"0","TMEM138"
0.0014921621656305,0.345318673896328,0.509,0.401,1,"0","MRPS28"
0.00149681270402891,0.413336355718839,0.488,0.383,1,"0","LOC100506548"
0.00150122168855925,0.352909044199175,0.737,0.641,1,"0","GLTP"
0.00151564129180964,0.438122706259101,0.626,0.534,1,"0","LMCD1"
0.00153247243883169,0.396397898756073,0.431,0.343,1,"0","ARFIP2"
0.00164846058895315,0.57169502118419,0.317,0.236,1,"0","PRKAG1"
0.00165823659670203,0.291698363316269,0.913,0.818,1,"0","PRDX5"
0.00166285104610251,0.341883753324717,0.898,0.798,1,"0","TUBA1A"
0.00169706952940374,0.321602703101656,0.497,0.407,1,"0","ARL14EP"
0.00172594229138393,0.259270223520866,0.452,0.359,1,"0","SLC25A39"
0.00175539050620249,0.26712625125335,0.296,0.212,1,"0","IL17RB"
0.00179044970431276,0.635715224687196,0.317,0.242,1,"0","TIGAR"
0.00182267714385448,0.289335614818704,0.623,0.526,1,"0","UGGT2"
0.00182763709870525,0.396644359104605,0.413,0.328,1,"0","B4GALT4"
0.00186874527475989,0.384730874050848,0.362,0.273,1,"0","CYHR1"
0.00192187116343951,0.345248864198377,0.614,0.502,1,"0","ERP29"
0.00199928151949301,0.386330874867429,0.347,0.267,1,"0","C12orf29"
0.00210320556892653,0.499342922208969,0.371,0.287,1,"0","COG3"
0.00212029553284706,0.408766075637143,0.38,0.293,1,"0","DPCD"
0.00215484246117403,0.374961504150343,0.284,0.203,1,"0","CHST10"
0.00218462093803418,0.406451358379509,0.371,0.282,1,"0","ASL"
0.00226207195870771,0.425359123815588,0.386,0.305,1,"0","TVP23C"
0.00226536762085757,0.428809687155445,0.461,0.386,1,"0","UBE2F"
0.00228864103299672,0.258870635607194,0.509,0.424,1,"0","DAP3"
0.00234209339320686,0.593408933499756,0.323,0.248,1,"0","POR"
0.00240303848252659,0.272065588190997,0.781,0.691,1,"0","TCEA1"
0.00241805486628546,0.467643077841915,0.38,0.307,1,"0","C15orf40"
0.00251198500176577,0.409148001999494,0.344,0.255,1,"0","DCTN5"
0.00257905759584215,0.347369964353745,0.554,0.465,1,"0","UTP6"
0.00263923936631487,0.253038627054992,0.317,0.23,1,"0","MRPS25"
0.00266137498591533,0.363215121489847,0.338,0.251,1,"0","NAA60"
0.00270254083082969,0.258823744185232,0.284,0.2,1,"0","GCHFR"
0.00285291916931725,0.275365971030104,0.581,0.48,1,"0","MRPL14"
0.00289450576882772,0.298598621896017,0.686,0.583,1,"0","STK24"
0.00290096738481365,0.47627702517216,0.254,0.18,1,"0","C2orf42"
0.00302938937802778,0.320124238870143,0.281,0.2,1,"0","CCDC144CP"
0.00303945528433375,0.38172100511178,0.479,0.386,1,"0","DIMT1"
0.00305627650957397,0.576967099332638,0.398,0.32,1,"0","BRMS1"
0.00307783649294344,0.342039123417659,0.395,0.309,1,"0","FAM98A"
0.00311852096941665,0.285949627495342,0.365,0.279,1,"0","THEM4"
0.00312869201194295,0.484160884052743,0.467,0.383,1,"0","ARSA"
0.00314449890666514,0.606663958981496,0.485,0.393,1,"0","OCIAD2"
0.00321545481070042,0.251991906907847,0.419,0.327,1,"0","C11orf24"
0.00326205119174677,0.387365311617402,0.341,0.26,1,"0","LYSMD3"
0.00343196066415086,0.348109357603883,0.494,0.41,1,"0","DESI1"
0.0034465725719448,0.27269658307783,0.29,0.21,1,"0","CEPT1"
0.00346144048241095,0.335316731177019,0.494,0.404,1,"0","PDIA6"
0.00346709268890721,0.457778444359283,0.509,0.404,1,"0","PPCS"
0.00367972459235093,0.285065241480419,0.479,0.394,1,"0","ALDH18A1"
0.00368798169104387,0.276734903629603,0.605,0.532,1,"0","C14orf119"
0.003948968047288,0.311908453806787,0.521,0.433,1,"0","NAA10"
0.00396446826691059,0.401839742885885,0.476,0.391,1,"0","UTP23"
0.00397985239702088,0.252773339219934,0.527,0.43,1,"0","SMDT1"
0.00398457939560558,0.867751328027762,0.326,0.245,1,"0","ALKBH3"
0.00401212835890236,0.921818874396838,0.251,0.184,1,"0","ATP5S"
0.00408611288194702,0.314563086293651,0.404,0.32,1,"0","C1orf123"
0.00413233325554691,0.618298206086033,0.551,0.444,1,"0","GLDN"
0.00426122381762074,0.292140884071625,0.467,0.382,1,"0","TIMM9"
0.00434544374075436,0.279777844406519,0.251,0.178,1,"0","PLEKHJ1"
0.00437255013593961,0.297448793436415,0.284,0.208,1,"0","ATP8B5P"
0.0045165885217077,0.523189658105128,0.257,0.185,1,"0","PRR5"
0.00454729175945625,0.329666138453237,0.542,0.462,1,"0","PHB"
0.00465287590868757,0.419703133069444,0.79,0.701,1,"0","KLF6"
0.00482720457901402,0.37445357781655,0.551,0.469,1,"0","NDUFA10"
0.00489593432701151,0.418912662285747,0.383,0.306,1,"0","ABHD13"
0.0049973889015235,0.419023999046625,0.323,0.244,1,"0","C1orf131"
0.00503681112994742,0.255821051362209,0.374,0.286,1,"0","MOB1A"
0.00516311503678125,0.531635550413482,0.305,0.227,1,"0","CCDC43"
0.00521829943169914,0.26153632606058,0.485,0.404,1,"0","CMTM6"
0.00530638640767964,0.342114493429613,0.269,0.198,1,"0","STX18"
0.0053954229166066,0.385745734920614,0.527,0.446,1,"0","TMEM70"
0.00543001611636677,0.556491485332467,0.311,0.245,1,"0","TMEM136"
0.00557015791684226,0.514960384865625,0.284,0.203,1,"0","HIST1H1C"
0.00559123999964779,0.581585516652579,0.284,0.213,1,"0","SPAG4"
0.00573312661661896,0.713003369275628,0.257,0.186,1,"0","FAM114A2"
0.00590883426094521,0.412182607875244,0.257,0.186,1,"0","PUS3"
0.00593242840461585,0.327393719273108,0.422,0.331,1,"0","MAX"
0.00613261937124396,0.275757531848755,0.392,0.315,1,"0","NEK1"
0.00632787040522962,0.295856429996219,0.557,0.472,1,"0","IFNGR1"
0.00638769814928568,0.47440060262756,0.254,0.187,1,"0","FLAD1"
0.00639486640109195,0.254846203997642,0.311,0.239,1,"0","C3orf38"
0.00642170372520004,0.474163484201326,0.341,0.267,1,"0","MPDU1"
0.00652564770847277,0.370483051313534,0.302,0.23,1,"0","INIP"
0.00669298337427341,2.24204079968213,0.461,0.378,1,"0","S100A2"
0.00677793678549901,0.361792638411767,0.374,0.29,1,"0","HUS1"
0.00686052295188761,0.281157287989856,0.548,0.462,1,"0","GTF2F2"
0.00687978811521637,0.467050847696359,0.719,0.668,1,"0","JAG1"
0.0070238123047693,0.540619432999264,0.293,0.224,1,"0","BARX2"
0.00704363759537469,0.450360423224052,0.722,0.613,1,"0","DCTN6"
0.00708588848698648,0.822834347235526,0.533,0.449,1,"0","COA1"
0.00713366820446359,0.438932162383187,0.368,0.286,1,"0","FBXO28"
0.00716281519664856,0.41255009546121,0.284,0.209,1,"0","RNASEH1"
0.0072017115926874,0.252433054375063,0.419,0.334,1,"0","DNAJB12"
0.00722969801125717,0.668067584194083,0.296,0.229,1,"0","ETFDH"
0.00757687979154257,0.31972366261544,0.572,0.492,1,"0","KIAA1143"
0.00768039376876469,0.323563041004553,0.47,0.388,1,"0","MRPS33"
0.0077190290867284,0.464662135578699,0.272,0.207,1,"0","TRPT1"
0.00775624689240738,0.488310104582421,0.371,0.304,1,"0","SMIM11"
0.00790746431245821,0.435076910914318,0.272,0.205,1,"0","RUVBL1"
0.00802215206592658,0.611993428445531,0.716,0.645,1,"0","KRT16"
0.00806363909428134,0.465116746676399,0.257,0.192,1,"0","RNF34"
0.00819647718651414,0.367319733862414,0.314,0.243,1,"0","GGCT"
0.00847584917062981,0.252732805860569,0.683,0.594,1,"0","AUP1"
0.00851534279579156,0.291777785384395,0.455,0.364,1,"0","NBPF20"
0.00858017621256,0.256281963680128,0.398,0.321,1,"0","PROSC"
0.00862184179838873,0.388187759353242,0.71,0.642,1,"0","FAT1"
0.00864777807775669,0.450419151963975,0.332,0.261,1,"0","B9D1"
0.00899463465731949,0.262895865200654,0.254,0.189,1,"0","NEK9"
0.00912847179267822,0.41902701485149,0.299,0.227,1,"0","TMEM91"
0.00954763436285946,0.337645416422385,0.452,0.379,1,"0","ZNF146"
0.00964984165226717,0.613206793531627,0.692,0.592,1,"0","GAS6"
0.00981532806613371,0.360674141332964,0.335,0.265,1,"0","NOL10"
0.00989506859007662,0.327669655509906,0.341,0.267,1,"0","THOC6"
0.00995873186945087,0.255863278712166,0.386,0.307,1,"0","MTMR6"
1.22890706491775e-81,2.51677116199833,1,0.966,2.96817923389585e-77,"1","HTRA1"
2.45842883261163e-77,2.37788104693376,0.996,0.892,5.93784315940687e-73,"1","CRTAC1"
3.65695203495033e-75,2.70843271714326,0.934,0.493,8.83263625001553e-71,"1","TGFBI"
2.18514021434804e-74,1.29331756741686,1,1,5.27776915971483e-70,"1","CLU"
7.83240284466019e-74,2.27857091736532,0.979,0.719,1.89176025907078e-69,"1","TNC"
1.4728399592737e-68,1.27000257646776,1,0.999,3.55735035363377e-64,"1","LUM"
1.26098802779739e-67,1.52355926086568,1,0.975,3.04566438353904e-63,"1","OGN"
1.0109766657638e-65,1.90542131742848,0.996,0.872,2.44181194081931e-61,"1","S100A4"
1.44013073541632e-65,2.74936301698879,0.988,0.889,3.47834776525104e-61,"1","ASPN"
1.18992545643154e-62,2.05509721863903,0.979,0.666,2.87402695491909e-58,"1","ABI3BP"
8.50699110264056e-59,1.17105525413483,0.753,0.255,2.05469356102077e-54,"1","THY1"
1.90754514837955e-58,3.1302049251826,0.539,0.104,4.60729379688113e-54,"1","FAP"
2.2372391508249e-48,2.22281461138362,0.749,0.309,5.40360372098739e-44,"1","MXRA5"
3.01007766226563e-47,3.45323290129557,0.457,0.098,7.27024057767018e-43,"1","F5"
6.25684048006397e-45,2.95207346254795,0.387,0.064,1.51121468114985e-40,"1","SOX11"
2.55126177891986e-42,1.36704061739565,0.996,0.913,6.16206257462514e-38,"1","COL3A1"
5.08254820638525e-42,2.24873104954894,0.934,0.743,1.22758786828823e-37,"1","AKR1C2"
5.51244203508036e-42,2.52738826107423,0.864,0.581,1.33142012473296e-37,"1","DPT"
9.81213049083149e-41,2.75197870123359,0.708,0.325,2.36992387745053e-36,"1","CRLF1"
1.39948371284411e-40,1.67224737628496,0.988,0.902,3.38017301163237e-36,"1","CRIP1"
3.3132699489925e-40,2.79235653196813,0.823,0.514,8.00254090780159e-36,"1","TNFAIP6"
9.05844083765719e-40,3.26512767866419,0.486,0.137,2.18788521551934e-35,"1","GOLGA7B"
7.59058453182609e-39,1.58695330861621,0.852,0.516,1.83335388197195e-34,"1","FAM134B"
8.0380090687917e-39,2.00132876434209,0.605,0.221,1.94142033038526e-34,"1","ADAMTS5"
3.59087096746382e-38,2.60516636122074,0.741,0.359,8.67303064771536e-34,"1","THBS3"
4.57486171487955e-37,1.4426602119281,0.996,0.949,1.10496634999486e-32,"1","CHI3L2"
4.90596765752413e-37,1.75015133534302,0.79,0.414,1.1849383683218e-32,"1","STEAP1"
1.18645984879455e-36,1.51888941122083,0.955,0.743,2.86565647279348e-32,"1","COL5A1"
2.1240812773831e-36,2.35393512334362,0.564,0.189,5.13029350926339e-32,"1","GALNT16"
9.35111885747482e-35,0.992397013877944,1,1,2.25857573764589e-30,"1","FN1"
3.93891054078361e-32,0.889507805033496,0.901,0.596,9.51365062915465e-28,"1","IGFBP7"
2.02951128468346e-31,1.35842894684637,0.909,0.733,4.90187860589596e-27,"1","EFEMP1"
9.69333220002304e-31,1.93661646894795,0.918,0.742,2.34123052627157e-26,"1","SLC7A2"
2.3129185679056e-30,1.50382885081997,0.984,0.917,5.58639221706239e-26,"1","CAV1"
2.99248079980235e-30,1.44217135875344,0.885,0.598,7.22773887576261e-26,"1","COL15A1"
1.29616774558069e-29,1.26894865451368,0.852,0.531,3.13063395590103e-25,"1","PDGFRL"
2.62170184603495e-28,2.88434362453131,0.358,0.095,6.3321964687282e-24,"1","MAMDC2"
3.47788081525889e-28,2.23412155518133,0.42,0.129,8.4001255330948e-24,"1","P4HA3"
5.9979790076294e-28,1.27485237062975,0.951,0.787,1.44869186971273e-23,"1","NT5E"
6.55490664492116e-28,1.50591920723986,0.807,0.497,1.58320660194781e-23,"1","GALNT15"
7.18226710672489e-28,1.87650543013323,0.56,0.232,1.73473297428726e-23,"1","PTGES"
1.91702533368482e-27,1.43654036583171,0.568,0.225,4.63019128844896e-23,"1","SULF1"
2.81446985926194e-27,2.51226449599771,0.407,0.126,6.79778905107536e-23,"1","SSC5D"
3.79450724577225e-27,1.05687369314504,0.947,0.846,9.16487335071373e-23,"1","OSTC"
4.17735407750007e-27,1.88148371676475,0.453,0.154,1.00895633033859e-22,"1","ECM1"
5.43612624478919e-27,0.6078692629067,1,0.981,1.31298757190393e-22,"1","RPL27A"
6.36806049700272e-27,1.55964148399423,0.679,0.344,1.53807765184107e-22,"1","SMOC1"
8.48797709705197e-27,1.46455173660374,0.77,0.446,2.05010110825096e-22,"1","PART1"
1.49723896903497e-26,1.39479396451981,0.79,0.475,3.61628128191016e-22,"1","ANK3"
3.22238070003795e-26,1.42776742301624,0.37,0.101,7.78301610480167e-22,"1","ANGPTL1"
1.02694946584675e-25,1.73794339859124,0.745,0.406,2.48039104485964e-21,"1","TPPP3"
3.63306128883723e-25,1.70985809379331,0.329,0.083,8.77493293092857e-21,"1","CCND1"
1.10996150201523e-24,1.29416801989946,0.856,0.604,2.68089001581738e-20,"1","PROCR"
2.99573451818682e-24,1.28563190629561,0.654,0.321,7.23559758177662e-20,"1","PTPRD"
8.64734001681021e-24,2.01230665091907,0.634,0.345,2.08859203426017e-19,"1","SEMA3C"
6.73723946623669e-23,1.4904332240684,0.584,0.273,1.62724544828015e-18,"1","PXDN"
9.62530810539229e-23,0.875164786444912,0.889,0.644,2.3248006666954e-18,"1","GAS1"
5.98872070027148e-22,1.17507348288626,0.786,0.479,1.44645571073657e-17,"1","ADSS"
9.31493395035984e-22,1.68475856652546,0.477,0.194,2.24983599703041e-17,"1","FRMD4B"
1.1061581254983e-21,1.83921877043597,0.63,0.34,2.67170372051605e-17,"1","ANOS1"
2.29751368785155e-21,1.3835970982718,0.728,0.444,5.54918481026785e-17,"1","DKK3"
6.16213002366387e-21,1.10297339450821,0.831,0.604,1.48833926461553e-16,"1","TMEM50A"
6.2532137975008e-21,1.31714940084608,0.749,0.465,1.51033872851037e-16,"1","ADGRG2"
1.09298402094476e-20,0.494444996631713,0.992,0.986,2.63988430578789e-16,"1","ITM2B"
1.33654836503172e-20,0.873559542924257,0.975,0.853,3.2281652660611e-16,"1","HMOX1"
1.94778593040274e-20,2.25850957580941,0.296,0.084,4.70448735770173e-16,"1","CLEC3B"
2.05601513347663e-20,3.51216089261497,0.374,0.137,4.96589335188609e-16,"1","DEFB1"
2.12725273851396e-20,1.46799034040086,0.893,0.763,5.13795353933276e-16,"1","ISLR"
2.67251056938443e-20,0.902446704203996,0.922,0.71,6.45491477823421e-16,"1","CDON"
6.90556363706454e-20,0.970329625772795,0.889,0.701,1.6679007852602e-15,"1","ATP6AP2"
7.75396323880313e-20,1.30197465930353,0.996,0.971,1.87281474106812e-15,"1","SOD2"
1.06953822191845e-19,2.41865105097772,0.745,0.518,2.58325566739962e-15,"1","AMTN"
1.1172141381456e-19,0.459465642495309,0.646,0.357,2.69840730786306e-15,"1","IL11"
1.2089117340211e-19,0.747184697781,0.881,0.724,2.91988451118116e-15,"1","SRPX2"
1.35043599552782e-19,0.761968752432234,0.745,0.479,3.26170805999835e-15,"1","GJA1"
1.53276001500158e-19,0.456687004781439,1,0.986,3.70207526423332e-15,"1","RPLP0"
1.87917632987571e-19,1.39367865940265,0.465,0.208,4.53877458954881e-15,"1","IGFBP4"
2.01636032357653e-19,1.6417949712822,0.481,0.214,4.87011508953439e-15,"1","DIO2"
3.21368023469794e-19,0.972810997216308,0.333,0.106,7.76200187086593e-15,"1","CLIC3"
3.99681297499893e-19,1.35637818763681,0.613,0.323,9.65350237851493e-15,"1","COL8A2"
4.74232835702871e-19,1.85671315399648,0.379,0.14,1.14541456807314e-14,"1","GFRA2"
1.27740229617079e-18,0.55964625961296,1,1,3.0853097659413e-14,"1","COMP"
1.33375889925595e-18,0.849681227253671,0.934,0.82,3.22142786937289e-14,"1","FSTL1"
1.78967257242292e-18,1.61371236990188,0.527,0.247,4.32259616417307e-14,"1","ADAMTS6"
3.64721791421081e-18,0.922721208370115,0.885,0.699,8.80912542819338e-14,"1","PPIC"
5.32854395454368e-18,0.892418193941456,0.885,0.68,1.28700322134094e-13,"1","TMEM45A"
5.33111686447164e-18,1.48677971627273,0.49,0.227,1.28762465627583e-13,"1","PTGER2"
8.01647985939141e-18,0.324071189476772,1,0.994,1.93622038043881e-13,"1","RPL34"
8.27986230707012e-18,1.5962976386194,1,0.998,1.99983514302665e-13,"1","TIMP1"
1.02550667470976e-17,1.64705390981432,0.412,0.177,2.47690627142649e-13,"1","ABRACL"
1.11943774744994e-17,0.669409965532676,0.984,0.918,2.70377799141585e-13,"1","NNMT"
4.15848959702456e-17,0.667548505239837,0.984,0.923,1.00439999236934e-12,"1","COMMD6"
5.13681261003715e-17,2.17757173201963,0.593,0.34,1.24069434970227e-12,"1","AKR1C1"
5.33106023055742e-17,0.760545041452862,0.864,0.634,1.28761097748653e-12,"1","DNAJB4"
5.43002572048422e-17,0.995309705897916,0.757,0.535,1.31151411226855e-12,"1","ACKR3"
1.13419179854952e-16,1.3396868391391,0.667,0.405,2.73941345103665e-12,"1","AOC2"
1.39619497795836e-16,1.69302435664506,0.296,0.097,3.37222973026282e-12,"1","DUSP4"
1.85862005266366e-16,2.00733684593986,0.407,0.178,4.48912501319853e-12,"1","PMAIP1"
1.95784206528472e-16,0.836252930531955,0.815,0.569,4.72877594028219e-12,"1","CTHRC1"
2.53494292275962e-16,0.37908738099175,1,0.989,6.12264764134132e-12,"1","RPS4X"
3.45951554130161e-16,1.70587429270701,0.539,0.296,8.35576788690577e-12,"1","CAPS"
4.04290344715212e-16,0.57108153154344,1,0.97,9.76482469590652e-12,"1","IFITM3"
5.04572904715362e-16,0.656082676991815,0.877,0.652,1.21869493675901e-11,"1","NGF"
5.5270672017571e-16,0.704960170728477,0.926,0.78,1.33495254124039e-11,"1","SEPW1"
5.61729043303236e-16,4.01366151459411,0.498,0.279,1.35674415829031e-11,"1","PRG4"
5.73211231906732e-16,0.657291157394075,0.996,0.953,1.38447708842433e-11,"1","ANGPTL2"
9.84996862008983e-16,1.67751215842779,0.576,0.349,2.3790629208103e-11,"1","GAREM"
1.00423493295495e-15,1.0337491074427,0.724,0.494,2.42552863356608e-11,"1","CCND2"
1.06663889862615e-15,1.19953259289805,0.675,0.429,2.57625293185174e-11,"1","TMOD3"
1.19587409229103e-15,3.35252157600578,0.403,0.188,2.88839469511052e-11,"1","VCAM1"
1.19767193193428e-15,1.06907864327339,0.568,0.303,2.89273701720087e-11,"1","UBAC2"
1.24420561918476e-15,1.06574340695972,0.794,0.597,3.00512983201695e-11,"1","C4orf48"
2.70733372048011e-15,2.03021585751543,0.374,0.162,6.53902313507561e-11,"1","SLC1A1"
3.32187341574881e-15,0.443179138688554,0.992,0.961,8.0233208610581e-11,"1","SERPINE2"
3.3991235965328e-15,1.05928864864325,0.576,0.323,8.20990322270566e-11,"1","C10orf54"
4.15355039177376e-15,0.338124203595309,1,0.999,1.00320702612512e-10,"1","RPS27"
4.4100928048431e-15,1.83093262954221,0.284,0.101,1.06516971515375e-10,"1","SQRDL"
4.80075599047678e-15,0.386877079459449,1,0.995,1.15952659437986e-10,"1","RPL7"
5.09226339333343e-15,1.14126572138902,0.296,0.104,1.22993437739182e-10,"1","POSTN"
6.2960112097544e-15,0.960307376226113,0.889,0.719,1.52067558749198e-10,"1","PKIG"
6.3509068189959e-15,0.429937679897415,1,0.993,1.53393452399208e-10,"1","S100A6"
7.66926809822408e-15,0.945256934116419,0.329,0.121,1.85235832376406e-10,"1","CALHM2"
7.75355108112276e-15,0.279974518944871,1,0.996,1.87271519262358e-10,"1","RPLP1"
1.45939239834199e-14,0.852796735876826,0.909,0.738,3.5248704597154e-10,"1","SOX4"
1.90478436876287e-14,0.663555906147295,0.959,0.89,4.60062568587296e-10,"1","PTTG1IP"
2.64200099014994e-14,0.693220017391965,0.984,0.933,6.38122499150916e-10,"1","AEBP1"
3.44704960285297e-14,1.03786906025329,0.263,0.088,8.32565890577078e-10,"1","CDH13"
3.65206773190504e-14,0.782664332009188,0.909,0.748,8.82083919287024e-10,"1","FIBIN"
4.20530091892562e-14,0.347051190447486,1,0.989,1.01570633094811e-09,"1","RPS14"
4.30366299914485e-14,0.918428171431596,0.683,0.445,1.03946372418346e-09,"1","TCF4"
4.54939659831527e-14,1.16249904037229,0.568,0.328,1.09881576039109e-09,"1","ANTXR1"
4.70325199587568e-14,1.01519032429702,0.424,0.197,1.13597645456385e-09,"1","BAALC"
5.05128257707131e-14,1.19538451237029,0.514,0.283,1.22003628084003e-09,"1","FNDC1"
1.53621943161082e-13,0.324864439451832,0.996,0.991,3.71043079316962e-09,"1","RPS19"
1.64344101639665e-13,0.368261980109166,0.996,0.981,3.96940308690284e-09,"1","OAZ1"
1.72904796817274e-13,0.973009307576638,0.502,0.278,4.17616955752762e-09,"1","IGFBP5"
1.89421371046339e-13,0.734079889518208,0.864,0.663,4.57509437488223e-09,"1","MAPRE2"
2.37597559885189e-13,0.335907011050569,0.996,0.987,5.73869386390697e-09,"1","CD63"
2.61444786753730e-13,1.09597688578753,0.535,0.307,6.31467593446285e-09,"1","NOVA1"
2.6224856999257e-13,0.722230603262545,0.926,0.851,6.33408971103054e-09,"1","ATP6V0E1"
2.94762144753251e-13,0.686581621060379,0.802,0.577,7.11939008222526e-09,"1","HCFC1R1"
3.23657876315784e-13,0.403388199682281,1,1,7.81730868665514e-09,"1","FMOD"
4.27113538323521e-13,0.819114074080403,0.584,0.354,1.0316073291128e-08,"1","SDK2"
5.07216651572902e-13,0.688530052216113,0.881,0.727,1.22508037854403e-08,"1","C7orf73"
5.86411003177715e-13,0.823923301496841,0.86,0.677,1.41635849597513e-08,"1","CCPG1"
9.09940029922035e-13,0.61828084272083,0.93,0.818,2.19777815427069e-08,"1","TMBIM4"
9.25360265361403e-13,1.13768171966464,0.72,0.567,2.2350226489274e-08,"1","MT1L"
1.1316278325037e-12,0.546420813205192,0.942,0.846,2.73322070384619e-08,"1","REXO2"
1.37339642601847e-12,0.83808011697852,0.778,0.555,3.3171643877624e-08,"1","GLT8D2"
1.98189304703442e-12,0.30021461145969,1,0.995,4.78686627650224e-08,"1","RPL10"
2.50077313717583e-12,1.23572217770885,0.407,0.205,6.04011735822079e-08,"1","CFI"
2.68235408190668e-12,0.704704287530264,0.383,0.18,6.47868981402921e-08,"1","TGFB3"
2.71597698662555e-12,0.578174297785374,0.942,0.843,6.55989921579668e-08,"1","ARL6IP5"
3.16561136625079e-12,0.706127219363782,1,1,7.64590113290553e-08,"1","FTH1"
3.44378828811933e-12,0.529778735142472,0.959,0.877,8.31778185229461e-08,"1","COL5A2"
3.55544794811103e-12,0.662335470485458,0.613,0.385,8.58747342907257e-08,"1","CUX1"
3.58658399608070e-12,1.02958814527576,0.473,0.258,8.66267632573373e-08,"1","FBXO32"
3.99021371051483e-12,1.02267149087785,0.761,0.588,9.63756317500648e-08,"1","ADAMTS1"
4.53229747881387e-12,1.09920341516875,0.412,0.211,1.09468581005791e-07,"1","MOXD1"
4.56035971175014e-12,1.59035712220182,0.276,0.107,1.10146368117901e-07,"1","TMEM59L"
5.14537985283873e-12,0.341993053938731,0.984,0.97,1.24276359585614e-07,"1","EEF1G"
5.81619120387973e-12,1.62333003627834,0.391,0.199,1.40478466147307e-07,"1","TNFAIP8"
5.83244517713695e-12,0.719656800679855,0.774,0.582,1.40871048363389e-07,"1","MT1F"
8.01086486223972e-12,0.35989700059065,1,0.999,1.93486419017676e-07,"1","PRELP"
8.02257962829075e-12,0.7178547744329,0.63,0.387,1.93769365762107e-07,"1","SOX5"
8.40914271837423e-12,0.840157867025129,0.502,0.274,2.03106024076893e-07,"1","C1GALT1C1"
8.42916535413216e-12,0.816477073437334,0.708,0.483,2.03589630798354e-07,"1","DPYSL2"
9.98230823366504e-12,0.843124601305472,0.634,0.397,2.41102690767712e-07,"1","MYO10"
1.13430053126532e-11,0.589630762718083,0.877,0.713,2.73967607316512e-07,"1","SEP15"
1.26818435549885e-11,0.869394473959064,0.889,0.751,3.06304567383638e-07,"1","CD109"
1.4068646760076e-11,0.313405450979704,0.379,0.179,3.39800025196116e-07,"1","CRABP2"
1.46574264191964e-11,0.606902525379081,0.938,0.807,3.54020820302852e-07,"1","PPP3CA"
1.48527141798403e-11,1.10207835073033,0.477,0.262,3.58737605585684e-07,"1","PPP2R3A"
1.57393517081175e-11,0.770276401004574,0.58,0.355,3.80152561806163e-07,"1","SEMA3D"
1.96913131062172e-11,0.637208422849928,0.757,0.548,4.75604285454464e-07,"1","PLEKHA1"
2.09972429260183e-11,0.729527138947309,0.872,0.728,5.0714640839212e-07,"1","SULF2"
2.14494600792913e-11,0.878471220310787,0.535,0.309,5.18068809295123e-07,"1","ITGAE"
2.34710743769026e-11,1.25379145355879,0.395,0.203,5.66896859425328e-07,"1","RECQL"
2.35369350759705e-11,0.764830151578779,0.617,0.405,5.68487592889916e-07,"1","DLC1"
2.35972983394156e-11,1.81082678165026,0.416,0.226,5.69945546791906e-07,"1","CPNE8"
2.79821468851173e-11,0.66540986416819,0.65,0.421,6.75852793716239e-07,"1","CREBRF"
2.81811517278039e-11,1.25366535373452,0.313,0.134,6.80659357681647e-07,"1","LOXL4"
2.83687867878075e-11,0.608689505524532,0.864,0.687,6.85191307285916e-07,"1","YIF1A"
3.69816631333261e-11,0.844967192383599,0.72,0.513,8.93218109659224e-07,"1","AIG1"
3.77048479569563e-11,2.04994695601432,0.416,0.226,9.10685192704364e-07,"1","TNFSF10"
3.89459830323103e-11,0.747824222681585,0.597,0.384,9.4066232817939e-07,"1","ANGPTL5"
4.03883936264858e-11,0.87242137957046,0.296,0.124,9.75500871260511e-07,"1","KCNN4"
4.455467411188e-11,0.689124449353718,0.564,0.329,1.07612904382424e-06,"1","DECR1"
5.27930983406201e-11,0.539982913165106,0.93,0.865,1.275111704221e-06,"1","ARPC3"
5.33714241500405e-11,0.661887785072404,0.807,0.58,1.28908000749593e-06,"1","DNAJC15"
7.00515965997658e-11,0.552074871862921,0.942,0.828,1.69195621267414e-06,"1","ERGIC3"
8.28157020354104e-11,0.558943490295453,0.971,0.889,2.00024765126127e-06,"1","SDCBP"
9.78014008920772e-11,1.1032109244072,0.44,0.247,2.36219723574634e-06,"1","DPYD"
1.10047586893979e-10,1.34209249396916,0.765,0.567,2.65797936625028e-06,"1","AKR1B1"
1.15323823071094e-10,0.408440220861003,0.963,0.894,2.78541629863613e-06,"1","IFITM2"
1.15998958055469e-10,0.387813127773078,0.988,0.928,2.80172283391374e-06,"1","RABAC1"
1.22868546414027e-10,0.579234808497678,0.938,0.779,2.96764400153798e-06,"1","CNIH1"
1.32722813934127e-10,0.900390846687048,0.551,0.349,3.20565412495097e-06,"1","PLBD1"
1.45599489563804e-10,0.345854115927847,0.992,0.96,3.51666447143456e-06,"1","LAPTM4A"
1.61245410620482e-10,0.991199409551387,0.481,0.274,3.89456040271651e-06,"1","VWA1"
1.79446381282807e-10,1.60209245988186,0.387,0.2,4.33416844712363e-06,"1","LINC00346"
1.82707549183490e-10,0.952314478240511,0.259,0.104,4.41293543542882e-06,"1","ODF3B"
1.96310044846648e-10,0.584241694360729,0.807,0.586,4.74147651318108e-06,"1","PPP1R14C"
2.76904707346808e-10,0.520468024890181,0.967,0.923,6.68807939654745e-06,"1","CTSB"
2.82260223907058e-10,0.872856633509218,0.519,0.313,6.81743118802717e-06,"1","NRP2"
3.0805513548117e-10,0.531035691461652,0.864,0.677,7.44045568727669e-06,"1","LMAN1"
3.15258312214886e-10,1.10663248062366,0.379,0.192,7.61443401492613e-06,"1","LOXL3"
3.3067759378948e-10,1.08911815956218,0.325,0.149,7.98685592279732e-06,"1","RIN2"
4.12209155720466e-10,0.766288862032878,0.708,0.525,9.95608773811642e-06,"1","TVP23B"
4.21535171109911e-10,1.02839214874314,0.671,0.507,1.01813389878177e-05,"1","GBP2"
4.50575522783233e-10,1.05696634007561,0.51,0.317,1.08827506017834e-05,"1","PDE4D"
4.57972082861922e-10,0.338654679828191,0.543,0.338,1.1061399717364e-05,"1","SGCD"
4.94133793197437e-10,0.813775611411069,0.56,0.355,1.19348135070977e-05,"1","YIF1B"
6.20890917537283e-10,0.661320214728915,0.967,0.909,1.4996378331278e-05,"1","ENPP1"
6.3457543626644e-10,0.70951310290288,0.547,0.343,1.53269005121433e-05,"1","EVI2A"
6.61767612317026e-10,0.9350131433256,0.65,0.447,1.59836731402931e-05,"1","FOXP1"
6.86453820369786e-10,0.719138969551166,1,0.98,1.65799191233914e-05,"1","RCAN1"
6.87817722639899e-10,1.00588421316399,0.383,0.198,1.66128614549215e-05,"1","FAM110B"
7.90355023344766e-10,1.49385259360235,0.51,0.311,1.90894448788461e-05,"1","CCL20"
8.03216973396734e-10,0.927504892725212,0.761,0.599,1.94000995584513e-05,"1","SMIM14"
8.07430530629361e-10,0.476315156484161,0.658,0.477,1.9501869606291e-05,"1","UBE2E3"
9.36845653237029e-10,0.909484243494522,0.366,0.187,2.2627633062634e-05,"1","SH3KBP1"
9.8718399324818e-10,0.304002104688097,1,0.99,2.38434549889233e-05,"1","RPS12"
9.98733621243088e-10,1.67219822737007,0.255,0.112,2.41224131538843e-05,"1","ACKR2"
1.0896054403933e-09,0.278274850635205,1,0.991,2.63172402018194e-05,"1","RPL18A"
1.09319033441919e-09,0.670695093783797,0.868,0.721,2.64038261472267e-05,"1","LTBP2"
1.11815762274356e-09,0.563889919394794,0.922,0.818,2.70068610621251e-05,"1","WBP5"
1.13514743546282e-09,0.379530414241531,0.979,0.962,2.74172160087335e-05,"1","DAD1"
1.24011404091332e-09,0.576426310623921,0.827,0.649,2.99524744301795e-05,"1","SCARB2"
1.29827785500007e-09,0.832066180593678,0.551,0.357,3.13573050318168e-05,"1","ACOT13"
1.30642095219471e-09,0.742628589397612,0.56,0.372,3.15539852583588e-05,"1","CD68"
1.35953881738641e-09,1.01503101355057,0.481,0.29,3.2836941056334e-05,"1","GLI3"
1.40474929227695e-09,0.92976095439767,0.412,0.219,3.39289096563652e-05,"1","SNX7"
1.51585120111971e-09,0.749233234533765,0.621,0.433,3.66123540606443e-05,"1","ANXA4"
1.52868288943988e-09,0.499898765997951,0.959,0.885,3.69222778286415e-05,"1","RPL13A"
1.61991697884147e-09,0.694164286073763,0.774,0.618,3.9125854789958e-05,"1","SERPINE1"
1.89082634712252e-09,0.796463828908448,0.395,0.208,4.56691287620503e-05,"1","ITGA11"
1.93128390734134e-09,0.596280821655879,0.942,0.845,4.66463002140155e-05,"1","CILP2"
1.94036630691301e-09,0.799908679290743,0.638,0.441,4.68656674108699e-05,"1","KIF13B"
1.95988636793543e-09,0.863422669821449,0.667,0.488,4.73371354447443e-05,"1","TMEM14A"
1.98398717267156e-09,0.844458865636305,0.671,0.477,4.79192421815362e-05,"1","LINC01279"
1.99930546024819e-09,0.829389005230256,0.897,0.794,4.82892247813746e-05,"1","NFKBIA"
2.12909590205297e-09,0.663623396257762,0.967,0.892,5.14240533222853e-05,"1","RPS27L"
2.15949047203481e-09,0.611595351792125,0.922,0.8,5.21581733710567e-05,"1","MINOS1"
2.40290652226594e-09,0.548807875562045,0.942,0.872,5.80374012322892e-05,"1","KRTCAP2"
2.80620577729926e-09,0.406752527913376,0.988,0.989,6.77782881391091e-05,"1","SH3BGRL3"
3.21908631071775e-09,0.592882375760699,0.984,0.942,7.77505916627658e-05,"1","CALU"
3.52472421349069e-09,0.889421589841075,0.626,0.45,8.51326639284406e-05,"1","CMAHP"
3.95317904472284e-09,0.656055186369986,0.539,0.338,9.54811334671908e-05,"1","CTSA"
3.96088597571122e-09,0.546762585277539,0.831,0.68,9.5667278971353e-05,"1","SH3BGRL"
4.37259680107791e-09,0.626690793866097,0.815,0.686,0.000105611330536435,"1","SCARA3"
4.40194433723053e-09,0.492901251324074,0.934,0.824,0.000106320161577129,"1","NDUFB1"
4.48559343812307e-09,0.602712847488962,0.551,0.341,0.000108340538310986,"1","LAMC1"
4.89143730885182e-09,0.44949414896249,0.955,0.881,0.000118142885320698,"1","ATRAID"
5.04260801401351e-09,0.773023657983249,0.317,0.152,0.000121794111362468,"1","GPR137B"
5.24152519937842e-09,0.788607585220829,0.292,0.138,0.000126598558140587,"1","SPTLC3"
5.31590671159023e-09,0.489306729861089,0.872,0.714,0.000128395094805039,"1","GRN"
5.57572282863643e-09,0.755443232059688,0.444,0.251,0.000134670433480056,"1","MTCH2"
6.29258112381107e-09,0.289016985506854,1,0.983,0.000151984711883409,"1","RPL39"
6.40424269804983e-09,0.65507071350814,0.728,0.542,0.000154681673885998,"1","FRMD6"
7.23541887207302e-09,0.623337929857456,0.774,0.587,0.00017475707201718,"1","PRKCDBP"
9.13953909761729e-09,0.829427903877454,0.387,0.218,0.00022074728782475,"1","SLC38A6"
9.48443658891635e-09,2.10236321410026,0.305,0.156,0.000229077596932097,"1","BIRC3"
9.96440966543596e-09,0.644621053701569,0.514,0.314,0.000240670386649275,"1","SYNPO"
1.07425952338853e-08,0.470851802453403,0.984,0.951,0.000259465902684032,"1","ANKH"
1.12909182055968e-08,0.745480657612511,0.527,0.326,0.000272709547419779,"1","VCAN"
1.16528015099701e-08,0.632311170513887,0.708,0.489,0.000281450114870309,"1","GALNT18"
1.21700049778866e-08,0.519242913651896,0.667,0.465,0.000293942130230896,"1","DDIT4L"
1.3714199731726e-08,1.1644079026282,0.263,0.122,0.000331239066120378,"1","AQP1"
1.4117393815477e-08,0.301992281138881,1,0.994,0.000340977412825216,"1","GAPDH"
1.54943447744824e-08,0.746313568370384,0.77,0.604,0.000374234909338074,"1","PLP2"
1.62896406534301e-08,0.416225937978694,0.979,0.933,0.000393443690702298,"1","UQCR11"
1.72896578110967e-08,0.385718424130283,0.938,0.871,0.000417597105111418,"1","TSPAN2"
1.74490393983311e-08,1.3588518644186,0.436,0.275,0.000421446648587891,"1","CBR3"
2.2983388390661e-08,0.500571263995599,0.922,0.831,0.000555117779799635,"1","PXYLP1"
2.4533398457831e-08,0.576910198288666,0.905,0.808,0.000592555172951992,"1","MGST3"
2.48672428491923e-08,0.436456751814211,0.914,0.854,0.000600618516536542,"1","TMED2"
2.5135777243569e-08,0.79959848200996,0.597,0.417,0.000607104427763921,"1","BACH1"
2.52171939490234e-08,0.501565264590947,0.848,0.694,0.000609070885450761,"1","C1R"
2.74411168510022e-08,0.481837089101531,0.93,0.841,0.000662785295302255,"1","MT1G"
2.88276480160174e-08,0.27663545071462,0.992,0.982,0.000696274182530868,"1","RPS29"
3.07691199643143e-08,1.04253140894974,0.292,0.146,0.000743166554498082,"1","TRIM29"
3.29512266048272e-08,0.729387818799918,0.477,0.293,0.000795870976186391,"1","IKBIP"
3.43777454750552e-08,0.605566518986854,0.864,0.741,0.000830325686459008,"1","PET100"
4.06297244139615e-08,0.851657323256086,0.535,0.354,0.000981329733770412,"1","ABHD2"
4.39159063793343e-08,0.367278843742804,0.947,0.882,0.00106070088678006,"1","TAGLN2"
4.41593938037103e-08,0.62201109198169,0.523,0.329,0.00106658183854101,"1","NDUFS8"
4.47414537215511e-08,0.711762256363875,1,0.997,0.00108064033173662,"1","TSC22D1"
4.55194018502718e-08,0.590651097424919,0.782,0.626,0.00109943011288962,"1","PID1"
4.58046117134484e-08,0.666962873560138,0.539,0.358,0.00110631878671492,"1","CKLF"
4.98472020979399e-08,0.679996068848312,0.634,0.471,0.00120395947227154,"1","PSME2"
4.986677261297e-08,0.380754826335054,0.827,0.622,0.00120443215892107,"1","SPECC1"
5.06795413710075e-08,0.325935710833855,0.938,0.896,0.00122406296273394,"1","COX4I1"
5.11633225315162e-08,0.715501215612993,0.469,0.285,0.00123574772910371,"1","SPTLC2"
5.32967991495021e-08,1.0920230503737,0.317,0.165,0.00128727758985792,"1","BMP1"
5.33582239929358e-08,0.614330210296491,0.807,0.656,0.00128876118410138,"1","CAPG"
5.71395117499435e-08,0.25158772683972,0.831,0.665,0.00138009062729638,"1","TMED3"
6.00227962051991e-08,0.659844220804177,0.778,0.613,0.00144973059674417,"1","LHFP"
6.07823460683875e-08,0.709210230613992,0.724,0.579,0.00146807600458976,"1","CHIC2"
6.31056552868857e-08,0.735512887524425,0.654,0.474,0.00152419089214415,"1","CD58"
6.62215569492966e-08,0.863634859956138,0.514,0.344,0.00159944926499636,"1","CNRIP1"
7.12346657221376e-08,0.304243053021618,0.996,0.979,0.00172053088118679,"1","RPL12"
7.67887846961522e-08,0.392160116710163,0.523,0.335,0.00185467951676616,"1","PTHLH"
7.91118931611638e-08,0.514725687388273,0.864,0.761,0.00191078955552159,"1","WISP3"
8.21749144926529e-08,1.05975597039149,0.267,0.13,0.00198477070974105,"1","FAM49A"
9.10428675102196e-08,0.411367102773665,0.984,0.955,0.00219895837897433,"1","CDO1"
9.52131401798292e-08,0.56299526280801,0.272,0.128,0.00229968297476341,"1","N4BP2L1"
9.85984309915497e-08,0.693592483668206,0.613,0.432,0.0023814479037389,"1","MPV17"
1.06404324236721e-07,0.519080120349435,0.712,0.565,0.00256998364328952,"1","ADI1"
1.0784743654672e-07,0.93325192716628,0.267,0.131,0.00260483913491292,"1","SLC2A12"
1.07864802202899e-07,0.436034598977279,0.885,0.766,0.00260525856760662,"1","DYNC1I2"
1.10092816329615e-07,0.49821318145575,0.901,0.832,0.00265907179280919,"1","NOP10"
1.12006775801392e-07,0.844760926720804,0.823,0.714,0.00270529965593102,"1","ITGB5"
1.16619836782758e-07,0.35554137066686,0.934,0.896,0.00281671891781394,"1","NDUFB2"
1.1754809556862e-07,1.43932827219841,0.267,0.13,0.00283913915226889,"1","MORC4"
1.17860924826159e-07,0.447690591053148,0.901,0.771,0.00284669491732621,"1","TMEM30A"
1.19818338389552e-07,0.452467571204784,0.889,0.756,0.00289397232712284,"1","ERLEC1"
1.22090702548962e-07,0.615238195832121,0.807,0.691,0.00294885673866507,"1","CNIH4"
1.34130034291017e-07,0.797218046402133,0.379,0.214,0.00323964271823094,"1","WIPI1"
1.34493456194835e-07,0.462890444327191,0.819,0.621,0.00324842044747385,"1","TMEM179B"
1.36509007978199e-07,0.781535371733369,0.675,0.533,0.00329710206969744,"1","KDELR3"
1.40966719484815e-07,0.413919240866306,0.971,0.938,0.00340476917571674,"1","TCEB2"
1.4301370641485e-07,0.383536179976045,0.988,0.949,0.00345421005103788,"1","VKORC1"
1.4466797655578e-07,0.34531197499418,0.436,0.261,0.00349416563775176,"1","ANK2"
1.55842129862275e-07,0.369003495746296,0.984,0.946,0.00376405496256352,"1","GABARAPL2"
1.56214452240208e-07,0.67601524537244,0.568,0.387,0.00377304766495775,"1","PGM2L1"
1.56272847373901e-07,0.401835303232632,0.959,0.872,0.00377445808262184,"1","PAM"
1.66360936420024e-07,0.627298359781882,0.391,0.226,0.00401811569735284,"1","CD8B"
1.69253470165095e-07,0.291854834355025,0.889,0.714,0.00408797906489755,"1","TRPS1"
1.69824413707584e-07,1.24925066494593,0.251,0.122,0.00410176906427928,"1","LINC01105"
1.75614891968793e-07,0.253779266103008,0.996,0.988,0.00424162648572226,"1","RPS24"
1.81632374688212e-07,1.0241949877691,0.28,0.142,0.00438696674584439,"1","GMNN"
1.909102816435e-07,0.464193209357161,0.93,0.836,0.00461105603253545,"1","MYEOV2"
1.93986373775098e-07,0.659952140252366,0.848,0.74,0.00468535288578995,"1","CD151"
1.96430638876162e-07,0.629376605045688,0.519,0.34,0.00474438922077595,"1","OAF"
1.98756692778878e-07,0.645998900043218,0.679,0.522,0.00480057040068823,"1","TMCO3"
1.99197283283843e-07,0.591968935142802,0.996,0.959,0.00481121198315465,"1","SQSTM1"
2.01842908801978e-07,0.345485653992191,0.967,0.919,0.00487511177629418,"1","RPSA"
2.05284094913174e-07,0.704251170114714,0.523,0.359,0.0049582267444379,"1","HIGD2A"
2.11397364838243e-07,0.463358974590093,0.584,0.404,0.00510588055293809,"1","MAN1A1"
2.18163252872491e-07,1.18510161907081,0.412,0.252,0.00526929704662928,"1","DENND3"
2.19170471493951e-07,0.600648777659207,0.663,0.482,0.0052936243979934,"1","SUMO3"
2.24091350164513e-07,0.490887343600571,0.276,0.135,0.00541247838052347,"1","CDK6"
2.34258176666296e-07,0.643151064638653,0.469,0.299,0.00565803774102105,"1","PDGFRA"
2.63792863898546e-07,0.972906809149667,0.893,0.758,0.00637138904174158,"1","RGS2"
2.65118059533282e-07,0.894171362922825,0.461,0.288,0.00640339649190737,"1","SEMA3A"
2.68058960316778e-07,0.49573727762076,0.642,0.455,0.00647442806853114,"1","MPC1"
2.72171826350265e-07,0.71074885425886,0.412,0.25,0.00657376612183795,"1","C16orf45"
3.08812366285517e-07,0.889351022834016,0.325,0.181,0.00745874508289408,"1","CACHD1"
3.14524360094419e-07,0.644163716897161,0.486,0.314,0.0075967068693605,"1","PEX13"
3.19915963340009e-07,0.462886570238725,0.844,0.699,0.00772693026255124,"1","TWSG1"
3.30215490455653e-07,0.521903671353713,0.609,0.421,0.00797569474097538,"1","TMEM47"
4.015375270818e-07,0.569192164690995,0.593,0.407,0.00969833589160672,"1","IFT43"
4.0770001502522e-07,0.30839959838681,0.992,0.941,0.00984717846290413,"1","ITGB1"
4.08255553942764e-07,1.27230368577793,0.313,0.174,0.00986059639437957,"1","FZD1"
4.31672609851668e-07,0.289555545881573,0.708,0.528,0.0104261885457473,"1","PRKCA"
4.39190883109728e-07,0.846035479188964,0.395,0.233,0.0106077773997493,"1","COG6"
4.53936098301898e-07,1.06631064629932,0.416,0.26,0.0109639185822858,"1","SLC31A2"
4.5584843939635e-07,0.613998011068499,0.56,0.395,0.01101010735674,"1","ELOVL4"
4.8639587962952e-07,1.04098103366139,0.259,0.132,0.0117479196806918,"1","GALK1"
5.34176979312384e-07,0.53532616937762,0.564,0.376,0.012901976581332,"1","MIA3"
5.66523381753468e-07,0.709586651663003,0.527,0.364,0.0136832392394915,"1","C15orf61"
5.78927272592779e-07,0.394385085883564,0.959,0.907,0.0139828304149334,"1","NDUFA13"
5.9754787825494e-07,0.524293153007234,0.65,0.472,0.0144325739034916,"1","ARL2BP"
6.18273301561626e-07,0.360789420158453,0.848,0.73,0.014933155052618,"1","ATOX1"
6.24384676668771e-07,0.519703023360292,0.642,0.464,0.0150807630955808,"1","PLAGL1"
6.24783836177627e-07,0.303168861761475,0.975,0.963,0.0150904039951982,"1","COX7A2"
6.29670782115046e-07,1.22494933856433,0.309,0.172,0.0152084384004247,"1","UROC1"
6.9104591247131e-07,0.629944923156641,0.741,0.59,0.0166908319239195,"1","FKBP11"
7.00567484735069e-07,0.469529577612799,0.486,0.323,0.0169208064588061,"1","PCMTD1"
7.03044808484476e-07,0.584478723122952,0.593,0.434,0.0169806412593256,"1","GPX8"
7.15274504507085e-07,0.362701782841123,0.84,0.652,0.0172760251073596,"1","RER1"
7.64505931373509e-07,0.614814911634386,0.737,0.601,0.0184651117604644,"1","PDK3"
7.90356330501574e-07,0.404637089934948,0.951,0.895,0.0190894764506045,"1","REEP5"
8.00503947809412e-07,0.287249674955811,0.996,0.985,0.0193345718514407,"1","SERF2"
8.21994228544358e-07,0.442177723613077,0.827,0.681,0.0198536266020319,"1","NDUFV2"
8.26123449381881e-07,0.332801700551476,0.967,0.896,0.0199533596729206,"1","COX6B1"
8.77672344701529e-07,0.414289422441566,0.872,0.719,0.021198420141576,"1","RNASE4"
8.92258724677166e-07,0.627077009677965,0.469,0.298,0.0215507249771276,"1","PTPN12"
9.0229724013986e-07,0.327893680313549,0.444,0.287,0.021793185241098,"1","KLF5"
9.05668671589249e-07,0.580173459640077,0.576,0.413,0.0218746154248951,"1","SDC1"
9.07776458713076e-07,0.308202431361847,0.942,0.908,0.0219255248072969,"1","NDUFA11"
9.69979481608763e-07,0.44217631892876,0.646,0.476,0.0234279144192965,"1","ANKRD28"
9.72329828239435e-07,0.443482023271216,0.807,0.694,0.0234846823414671,"1","RTN3"
1.06294304284518e-06,0.666700980770249,0.531,0.366,0.0256732633138397,"1","MATN2"
1.11950360555469e-06,0.282366912861688,0.819,0.706,0.0270393705849625,"1","CAPZA2"
1.15426695150326e-06,0.589533153070869,0.704,0.526,0.0278790096796583,"1","LTBP4"
1.25841713781647e-06,0.399539280382514,0.905,0.859,0.0303945491296812,"1","NDUFC2"
1.27270690046898e-06,0.490396815212784,0.486,0.318,0.0307396897670274,"1","FAM96A"
1.2747568920372e-06,0.376815776845181,0.918,0.827,0.0307892032133744,"1","NDUFB6"
1.27984993287036e-06,0.619832708350625,0.811,0.666,0.0309122154286177,"1","AXL"
1.3030851605478e-06,0.554061525850875,0.551,0.367,0.031473415882711,"1","SLC39A13"
1.35877172819241e-06,0.646298979136166,0.412,0.257,0.0328184135510313,"1","SLC25A28"
1.3606112194249e-06,0.994355936250994,0.288,0.157,0.0328628427827697,"1","MFAP4"
1.3816203933637e-06,0.568178417820293,0.786,0.683,0.0333702773609134,"1","GLRX"
1.38482668904777e-06,0.660379792517327,0.848,0.749,0.0334477190205707,"1","SGK1"
1.40996384380275e-06,0.539768767797936,0.872,0.745,0.0340548567193678,"1","MAGED1"
1.42195872301921e-06,0.341759332668786,0.354,0.197,0.0343445690370829,"1","KEAP1"
1.4806249745248e-06,0.389428980389508,0.687,0.544,0.0357615350096974,"1","PFDN4"
1.51654869589984e-06,0.592931530990242,0.593,0.418,0.0366292006520688,"1","FNIP2"
1.54405078180327e-06,0.714540421061155,0.317,0.178,0.0372934585328944,"1","MEGF10"
1.5520926642377e-06,0.652632676512494,0.654,0.516,0.0374876941193332,"1","CLSTN1"
1.59457251588658e-06,0.353568979964338,0.889,0.762,0.0385137099762086,"1","TMEM230"
1.60487988641694e-06,0.368591972362263,0.963,0.888,0.0387626638966284,"1","ATP5I"
1.65439079672054e-06,0.438164356824754,0.733,0.582,0.0399585009131912,"1","PGRMC1"
1.66167096474523e-06,0.263648705151257,0.963,0.936,0.0401343388114915,"1","PFN1"
1.70500733507535e-06,0.502816067858682,0.786,0.632,0.0411810421640749,"1","TMEM43"
1.76550341971693e-06,0.397617344116272,0.864,0.75,0.0426422040964231,"1","ATP5A1"
1.772361429578e-06,0.557544223863046,0.556,0.392,0.0428078456085975,"1","GPR108"
1.78241209832386e-06,0.987891026294983,0.362,0.226,0.0430505994108163,"1","LYPLA1"
1.79485940957547e-06,0.66651326468977,0.473,0.325,0.0433512393194763,"1","STX8"
1.8640289356024e-06,0.550241215821269,0.609,0.463,0.0450218908816047,"1","HSPB11"
1.88746291415289e-06,0.423436155309373,0.609,0.421,0.0455878917655349,"1","PCSK1N"
1.90014206574391e-06,0.429703600944851,0.827,0.715,0.0458941313139127,"1","ERP44"
1.93522858913e-06,0.585057717874783,0.753,0.616,0.0467415761132568,"1","AKR1A1"
1.99504878615463e-06,0.95069255322024,0.325,0.188,0.0481864133319927,"1","WDFY1"
2.04166739032402e-06,0.318702128019016,0.934,0.857,0.0493123924784961,"1","HIST1H4C"
2.09802052253257e-06,0.85813508834865,0.416,0.268,0.0506734896807293,"1","HIVEP1"
2.15935814374052e-06,1.08220203325151,0.284,0.159,0.0521549772457648,"1","ITGA1"
2.20895964033467e-06,0.724881596920125,0.457,0.307,0.0533530021930032,"1","ATXN3"
2.22016860977292e-06,0.848854030790413,0.383,0.243,0.0536237324318453,"1","CASP3"
2.36978719853868e-06,0.719970343933842,0.374,0.228,0.0572374702063046,"1","NRK"
2.71451508200276e-06,0.303696024203264,0.996,0.969,0.0655636827756127,"1","RPL28"
2.77608666726143e-06,0.439077193321992,0.852,0.701,0.0670508212743654,"1","JTB"
2.79614799546724e-06,0.351534134634083,0.996,0.982,0.0675353625345202,"1","H2AFZ"
2.8945433689486e-06,0.537612946158629,0.333,0.188,0.0699119059902156,"1","VAMP8"
2.90268001544234e-06,1.14847975488912,0.391,0.521,0.0701084304129788,"1","TWISTNB"
2.92228065852532e-06,0.694570935663,0.802,0.674,0.070581844745362,"1","MRC2"
3.04610448164909e-06,0.440430132983654,0.893,0.774,0.0735725615452704,"1","LTBP3"
3.13871952319676e-06,0.746289270597337,0.663,0.514,0.0758094926437714,"1","LOXL2"
3.2259887134856e-06,0.408827591588541,0.551,0.386,0.0779173053968178,"1","PROS1"
3.27711608477608e-06,0.639488767836766,0.403,0.266,0.0791521847955966,"1","MT1H"
3.34033534136913e-06,0.388806051436314,0.959,0.894,0.0806791195000886,"1","ZFAND5"
3.43259348308776e-06,0.404469971900107,0.848,0.711,0.0829074303970187,"1","YIPF3"
3.47342352059091e-06,0.513924219067042,0.679,0.504,0.0838935982928322,"1","MBTPS1"
3.50454345227357e-06,0.445806207345387,0.811,0.643,0.0846452380027636,"1","FKBP7"
3.66352787538929e-06,0.413632159852598,0.901,0.821,0.0884851887742774,"1","SEC11A"
3.75459467732112e-06,0.484985332822582,0.774,0.647,0.0906847252413369,"1","PSMA4"
3.91942894620989e-06,0.720590408608952,0.765,0.617,0.0946659673378075,"1","COL12A1"
3.96191808133231e-06,0.425404791831364,0.889,0.835,0.0956922074184192,"1","NDUFB11"
4.12236890729284e-06,0.300224046319943,0.292,0.16,0.0995675762178441,"1","ADAM10"
4.14512567167839e-06,0.545693658969209,0.621,0.445,0.100117220348048,"1","ATP2B4"
4.18228044049848e-06,0.749442528668533,0.481,0.325,0.10101461947936,"1","CCDC28A"
4.19566489457792e-06,0.761739134031435,0.704,0.587,0.101337894198741,"1","UBE2D1"
4.22632939875768e-06,0.790714730073842,0.251,0.132,0.102078533968194,"1","GLRB"
4.23118916712596e-06,0.961577503405506,0.317,0.189,0.102195911953593,"1","ARMCX1"
4.28439249584962e-06,0.718167448729755,0.465,0.316,0.103480931952256,"1","LYRM4"
4.63304889943436e-06,0.435564402920635,0.934,0.875,0.111902030068038,"1","ARID5B"
5.22089097799916e-06,0.702308973570818,0.296,0.168,0.126100179791614,"1","CCDC167"
5.44240552574521e-06,0.315464783991306,0.947,0.888,0.131450420663324,"1","NDFIP1"
5.45548106387393e-06,0.463070808584987,0.527,0.372,0.131766234135747,"1","SNAP23"
5.54879093392325e-06,0.312724797737379,0.942,0.91,0.134019947427048,"1","ATP5J"
5.74530291615746e-06,0.512300584238714,0.519,0.36,0.138766301333951,"1","NDUFA9"
6.48830867856081e-06,0.616549033782278,0.399,0.246,0.156712119513279,"1","PLEKHA4"
6.60164377714017e-06,0.571575683657246,0.309,0.178,0.159449502149266,"1","DERA"
6.67982906466504e-06,0.591842743067307,0.309,0.172,0.161337911398855,"1","LRP11"
6.91136921279221e-06,0.542088461666166,0.601,0.457,0.16693030059657,"1","GNA13"
7.07849124737157e-06,0.504986236885205,0.539,0.387,0.170966799097765,"1","CMC1"
7.15880705003483e-06,0.604930557389069,0.387,0.245,0.172906666679491,"1","TM9SF4"
7.33173532427451e-06,0.697505970675703,0.588,0.45,0.177083403287202,"1","DNER"
7.50394521248184e-06,0.504394059477564,0.992,0.976,0.181242788717074,"1","TXN"
7.60247455092924e-06,0.484797691194523,0.761,0.675,0.183622567828594,"1","SEMA3E"
7.7494616925584e-06,0.37769724894481,0.905,0.798,0.187172748260363,"1","TM9SF2"
7.84030964182543e-06,0.32365588857224,0.399,0.25,0.18936699877901,"1","ATP5EP2"
7.89756428431183e-06,0.395122609709989,0.675,0.518,0.190749870158984,"1","MFSD1"
8.00889157459337e-06,0.398640191085352,0.498,0.346,0.193438758201154,"1","KLF9"
8.30194471581231e-06,0.406145474199771,0.922,0.869,0.200516870721015,"1","RBX1"
8.59845746231441e-06,0.594074003666446,0.296,0.17,0.20767854308728,"1","GNAQ"
8.87676821930418e-06,0.294659397092314,0.765,0.62,0.214400582800854,"1","GSTM3"
9.12433696530458e-06,0.339479839363292,0.93,0.822,0.220380110723002,"1","CTSK"
9.21814991190429e-06,0.495839605479992,0.84,0.716,0.222645974822224,"1","CDK2AP1"
9.68624493537747e-06,0.449374756547438,0.745,0.581,0.233951873924172,"1","ISCU"
1.00665469451463e-05,0.396998078962543,0.909,0.833,0.243137308366119,"1","RAB2A"
1.00846045493583e-05,0.85063016171197,0.605,0.484,0.24357345368065,"1","PDLIM7"
1.03590938968546e-05,0.482155227878065,0.317,0.185,0.250203194890728,"1","GLT8D1"
1.05418816184758e-05,0.667561083901438,0.317,0.183,0.254618066731045,"1","PRR34-AS1"
1.05726207625588e-05,0.761325376120636,0.416,0.289,0.255360509278082,"1","SORT1"
1.06875886869558e-05,0.460813330858064,0.761,0.631,0.258137329556044,"1","AP2S1"
1.09863661935401e-05,0.572813199325926,0.416,0.264,0.265353702672575,"1","TMEM141"
1.0999922416145e-05,0.545664520109098,0.514,0.36,0.265681126117149,"1","TMEM109"
1.10066353176903e-05,0.633435479581807,0.617,0.477,0.265843262828173,"1","BOLA3"
1.15182006786193e-05,0.795151223822107,0.49,0.357,0.278199100990693,"1","NQO1"
1.16191837080295e-05,0.367434636877374,0.395,0.252,0.280638144100036,"1","CEBPD"
1.2492151443979e-05,0.408609836725956,0.609,0.457,0.301722933826425,"1","CAPZB"
1.26961215153396e-05,0.494206086072383,0.44,0.296,0.306649422959998,"1","EML1"
1.27267580756557e-05,0.277082314729827,0.996,0.993,0.307389387801311,"1","RPL31"
1.27883143034833e-05,0.366682074635537,0.638,0.491,0.308876155372033,"1","MBNL2"
1.29563337554499e-05,0.845421358338408,0.296,0.172,0.312934329195381,"1","DENND2C"
1.34385579074883e-05,0.482934148435379,0.523,0.368,0.324581489139565,"1","ZMPSTE24"
1.49229032335911e-05,0.401032040143772,0.605,0.435,0.360432881800926,"1","APOPT1"
1.61698347654756e-05,0.281796489372729,0.432,0.28,0.390550019090531,"1","VPS13C"
1.68291116134739e-05,0.332327602258118,0.671,0.515,0.406473532800235,"1","KCTD9"
1.68513412375624e-05,0.347214623177347,0.296,0.17,0.407010444910843,"1","PDIA5"
1.72817974404032e-05,0.261451041293453,0.942,0.893,0.417407253578058,"1","WDR83OS"
1.73877181988413e-05,0.318279625241283,0.753,0.615,0.419965557656613,"1","DCTN6"
1.75557578686037e-05,0.695502597898266,0.317,0.19,0.424024219800384,"1","LEPROTL1"
1.76120686541229e-05,0.339590442311074,0.774,0.611,0.42538429420303,"1","TNFRSF1A"
1.78870336573935e-05,0.453469488593055,0.514,0.371,0.432025523927026,"1","CPNE1"
1.80342658275517e-05,0.359918426150857,0.79,0.663,0.435581622532856,"1","SEPT2"
1.82279842021171e-05,0.423977546911233,0.255,0.14,0.440260502433734,"1","CLIC6"
2.16685595832901e-05,0.373339398106384,0.802,0.69,0.523360719615205,"1","SLC16A7"
2.17885760171504e-05,0.76741097999022,0.362,0.246,0.526259476542233,"1","KREMEN1"
2.19708359038214e-05,0.605824864467536,0.272,0.152,0.530661599584998,"1","FGF18"
2.21492768396377e-05,0.382139317470304,0.77,0.622,0.534971483507769,"1","REEP3"
2.2154752096112e-05,0.364279626632541,0.416,0.267,0.535103727377394,"1","COPRS"
2.22587087111997e-05,0.539190158841303,0.535,0.388,0.537614591501606,"1","ANO6"
2.25785214058704e-05,0.599441614511298,0.276,0.158,0.545339027515987,"1","HTATIP2"
2.3228455372586e-05,0.349525081902355,0.494,0.356,0.56103688261407,"1","PHACTR2"
2.33606425755555e-05,0.321264446234458,0.617,0.445,0.564229600127393,"1","GSTK1"
2.36954797593833e-05,0.55936897505469,0.634,0.512,0.572316922628384,"1","ID4"
2.37690106444342e-05,0.728216005549354,0.263,0.148,0.574092914095019,"1","SIGIRR"
2.43396283151059e-05,0.755505314949123,0.296,0.173,0.587875042694754,"1","CHSY3"
2.57093428327975e-05,1.35009274094708,0.255,0.149,0.620957757440559,"1","DNM1"
2.57615022649272e-05,0.700283060768084,0.469,0.332,0.622217564204788,"1","LINC00998"
2.61987124945531e-05,0.778978472708346,0.391,0.263,0.632777502880941,"1","STAT1"
2.73232629404096e-05,0.645436613738844,0.416,0.285,0.659938769799713,"1","CTDNEP1"
2.85710845877799e-05,0.426717583446972,0.588,0.432,0.690077406048648,"1","PDGFC"
3.00210175811555e-05,0.348252815930288,0.955,0.913,0.725097637637649,"1","APLP2"
3.00848268285668e-05,0.428557586374787,0.914,0.837,0.726638822390373,"1","UBE2B"
3.01291757812245e-05,0.402839751842552,0.424,0.277,0.727709982643916,"1","RPLP0P2"
3.08048817793235e-05,0.814186061855781,0.366,0.24,0.744030309615999,"1","ZDHHC20"
3.09592447519017e-05,0.706088986593963,0.626,0.491,0.747758638492683,"1","ABL2"
3.12281235041105e-05,0.607334852050656,0.49,0.358,0.75425286699478,"1","MYO6"
3.20280210186411e-05,0.443253160135087,0.658,0.518,0.773572791663239,"1","GLRX2"
3.2633807587467e-05,0.256325396575083,0.963,0.946,0.788204354660091,"1","COX6C"
3.54415328942529e-05,0.575044932724778,0.663,0.537,0.856019343994891,"1","ARRDC3"
3.55404230093868e-05,0.577134175377294,0.449,0.318,0.85840783694572,"1","PSMD10"
3.56837732301303e-05,0.562465958562094,0.453,0.338,0.861870174827337,"1","KLHL24"
3.5706300247354e-05,0.457485563335965,0.72,0.609,0.862414269874341,"1","FBXO30"
3.57714204616994e-05,0.50167483306262,0.654,0.523,0.863987118411425,"1","ETFB"
3.58468810175298e-05,0.860673606012526,0.313,0.198,0.865809717216396,"1","ELOVL1"
3.64266972325222e-05,0.701738484754169,0.494,0.361,0.87981401825711,"1","PIM1"
3.64543478913264e-05,0.313087446845857,0.942,0.865,0.880481864619206,"1","SNRPD2"
3.66264642911777e-05,0.287255162147921,0.996,0.966,0.884638992024815,"1","PMP22"
3.7147307028457e-05,0.259558733022243,0.897,0.809,0.897218906658321,"1","PSMB5"
3.84249893371909e-05,0.341737258142624,0.79,0.674,0.928078767461173,"1","KDELR1"
3.93119614605015e-05,0.267890947479004,0.885,0.786,0.949501805155492,"1","MBNL1"
3.93978701760482e-05,0.506722038134399,0.272,0.158,0.951576758362092,"1","GPX7"
3.9812514664428e-05,0.341140665138414,0.716,0.555,0.961591666689929,"1","LSM1"
3.98995831738308e-05,0.344293586731094,0.638,0.493,0.963694632397535,"1","BLOC1S1"
4.00245750059625e-05,0.449992077640619,0.712,0.583,0.966713560119011,"1","DPY30"
4.13777539943624e-05,0.363615693229881,0.959,0.921,0.999396892225835,"1","ROMO1"
4.19466616345555e-05,0.519415507596405,0.28,0.16,1,"1","CRADD"
4.22271079038452e-05,0.350486878942296,0.741,0.616,1,"1","NFKBIZ"
4.29090499998416e-05,0.31332767813471,0.988,0.937,1,"1","TSPO"
4.43275717265521e-05,0.676202102400205,0.366,0.237,1,"1","ADAMTS2"
4.43719567735898e-05,0.273674308130321,0.988,0.968,1,"1","HMGB1"
4.46241052978508e-05,0.298044608257504,0.798,0.659,1,"1","ARPC5"
4.47012797870579e-05,0.377992732038156,0.51,0.372,1,"1","OSGIN2"
4.79680901418723e-05,0.447566966232127,0.584,0.453,1,"1","STEAP3"
4.83712898827092e-05,0.254518605597974,0.576,0.432,1,"1","MIEN1"
4.87121390433494e-05,1.00430427726925,0.251,0.14,1,"1","KANK2"
5.05831229698497e-05,0.486196454387114,0.934,0.87,1,"1","USMG5"
5.11267102671086e-05,0.362105441078792,0.708,0.564,1,"1","HADHA"
5.13798363356724e-05,1.03805889796901,0.259,0.155,1,"1","CBY1"
5.16201902370335e-05,0.444296922065378,0.996,0.977,1,"1","NUPR1"
5.26558312525302e-05,0.592875343169605,0.564,0.437,1,"1","FAM20C"
5.57826969160058e-05,0.636674075537164,0.568,0.44,1,"1","CAMK1D"
5.84197554850836e-05,0.323845331113689,0.708,0.573,1,"1","CAV2"
5.96772927548388e-05,0.582669495710498,0.683,0.565,1,"1","C1orf122"
6.15646085939131e-05,0.322098147189865,0.93,0.886,1,"1","COX5B"
6.16156359346754e-05,0.323780974291056,0.778,0.64,1,"1","C9orf3"
6.48727946333576e-05,1.00262741490788,0.321,0.206,1,"1","STK38"
6.48814625995269e-05,0.410434722805634,0.712,0.577,1,"1","EMC3"
6.99195531364467e-05,0.662393429924054,0.407,0.287,1,"1","GABRA4"
7.59599406597024e-05,0.48024880777049,0.403,0.27,1,"1","MCOLN3"
7.7611771615862e-05,0.437862648630113,0.449,0.306,1,"1","IAH1"
8.05998024103191e-05,0.800819233703569,0.251,0.149,1,"1","ETHE1"
8.39813353076705e-05,0.425461137186607,0.794,0.67,1,"1","DYNLT3"
8.70441750996021e-05,0.49846016517924,0.412,0.29,1,"1","EFTUD1"
8.8202482886368e-05,0.477887350843769,0.551,0.409,1,"1","PTPN14"
8.86883875919943e-05,0.967883652490807,0.259,0.155,1,"1","SLC17A5"
8.94952608063297e-05,0.345115510079453,0.333,0.211,1,"1","RFTN2"
8.96673202867595e-05,0.618330896377867,0.424,0.291,1,"1","ARL6IP6"
9.26625988133841e-05,0.421448429050862,0.49,0.355,1,"1","FAM195B"
9.32359466676662e-05,0.459028171438525,0.72,0.59,1,"1","RORA"
9.64989263649421e-05,0.258320064675121,0.967,0.913,1,"1","ATP5L"
9.71333722044136e-05,0.436322853710867,0.416,0.291,1,"1","PTPRK"
9.7180820453284e-05,0.477536740604687,0.457,0.316,1,"1","NUDT5"
9.91873922976155e-05,0.428985926840441,0.683,0.569,1,"1","SEL1L"
9.92198091572444e-05,0.625212476930232,0.597,0.483,1,"1","ARHGDIB"
0.000100196215460311,0.50212185519476,0.63,0.5,1,"1","MTMR2"
0.000103869238150671,0.401896567061878,0.56,0.419,1,"1","DTD1"
0.000110288771263506,0.409582665023374,0.523,0.388,1,"1","LAMTOR2"
0.000110867231324152,0.339685702266313,0.835,0.721,1,"1","TECR"
0.000112678996869189,0.759573740659635,0.3,0.185,1,"1","AIDA"
0.000117591715696225,0.725859753988451,0.325,0.213,1,"1","PON2"
0.000118575848506334,0.293587504483359,0.272,0.161,1,"1","CTTNBP2NL"
0.000119864918056471,0.424295273276603,0.49,0.335,1,"1","P3H1"
0.000121090396391682,0.442545807965317,0.572,0.443,1,"1","SARNP"
0.000121675992408749,0.445241621549977,0.416,0.288,1,"1","RRAS"
0.000125138702646009,0.363944064766752,0.663,0.51,1,"1","UFD1L"
0.000125406727549593,0.256743460257401,0.827,0.732,1,"1","UNC50"
0.00012885885528593,0.357793926151727,0.942,0.893,1,"1","COX7A1"
0.000137730078619568,0.357565728232235,0.757,0.654,1,"1","LINC01420"
0.000139336351456716,0.911806871158765,0.259,0.155,1,"1","CRAT"
0.000145768184221866,0.868686503419232,0.354,0.237,1,"1","FARP1"
0.000148866632232122,0.537004777177801,0.601,0.475,1,"1","VPS26A"
0.000149354393629919,0.744354956612285,0.354,0.237,1,"1","ELMOD2"
0.000149381394699853,0.436403490170354,0.432,0.301,1,"1","CD276"
0.00015587515652358,0.306241144482676,0.963,0.885,1,"1","HSBP1"
0.0001564792981616,0.465872114777921,0.267,0.161,1,"1","ELMO1"
0.000159139609268247,0.379777132942322,0.835,0.765,1,"1","TMEM167A"
0.000159166247970624,0.338939557951791,0.881,0.776,1,"1","GLG1"
0.000160122520327924,0.392909251330393,0.432,0.312,1,"1","RPAP3"
0.000160464321315248,0.481465131228828,0.461,0.325,1,"1","MED28"
0.000163390601355929,0.44487944695008,0.387,0.259,1,"1","WNT5B"
0.000165143513285563,0.663293197664452,0.296,0.19,1,"1","PRADC1"
0.000168640680738502,0.693672403125848,0.72,0.598,1,"1","CDC26"
0.000168678493228555,0.554250168261053,0.49,0.366,1,"1","TMEM9"
0.000168818147907494,0.255283443127808,0.988,0.957,1,"1","GABARAP"
0.000173099749480475,0.328853708625163,0.827,0.71,1,"1","NFE2L2"
0.000174561095004238,0.252169800542696,0.979,0.934,1,"1","TMEM258"
0.000175126930746108,0.871299344293751,0.3,0.195,1,"1","TMEM87B"
0.000175168093765098,0.518671372830548,0.667,0.54,1,"1","NDUFB5"
0.000176834071929158,0.259296551030069,0.852,0.752,1,"1","SSR1"
0.000185363787790662,0.592219395362341,0.395,0.275,1,"1","SCAMP2"
0.000192025038991594,0.449101187540802,0.461,0.332,1,"1","NSMCE1"
0.000195222462212025,0.521664661781899,0.362,0.243,1,"1","GDE1"
0.000205409481848581,0.33786764135963,0.819,0.699,1,"1","C5orf15"
0.00021019471829488,0.350461592006539,0.774,0.665,1,"1","BCAP29"
0.000215692012311829,0.530588051142254,0.543,0.42,1,"1","YAP1"
0.000219841976305134,0.434862632994389,0.576,0.444,1,"1","JKAMP"
0.000220883552069764,0.301161972447002,0.979,0.93,1,"1","POLR2L"
0.000221404384469082,0.318334036799029,0.551,0.41,1,"1","CISD2"
0.000223297109865571,0.49047211306735,0.506,0.384,1,"1","MZT1"
0.000223393746243405,0.68340307487707,0.852,0.769,1,"1","PLS3"
0.000227859064937657,0.413433877452638,0.733,0.647,1,"1","DERL1"
0.000236836504682921,0.262992431061817,0.305,0.19,1,"1","DDX26B"
0.000237778282928626,0.275176617724684,0.926,0.835,1,"1","CLIC1"
0.000241295551181004,0.293913794126554,0.712,0.565,1,"1","COPZ2"
0.00024219804876103,0.34747875643666,0.852,0.739,1,"1","ZCRB1"
0.000247100864562694,0.395378395769289,0.683,0.555,1,"1","RAB6A"
0.000247835349501365,0.359181180472625,0.65,0.518,1,"1","SMIM19"
0.000250290979851348,0.31170383375641,0.572,0.437,1,"1","GTF3A"
0.000251726609578133,0.301380883652086,0.835,0.759,1,"1","TXNDC12"
0.000251891238607441,0.269238439672126,0.967,0.934,1,"1","EEF1D"
0.000254029702083492,0.278000206414557,0.996,0.958,1,"1","TNFRSF11B"
0.000255237013703106,0.278801003127264,0.889,0.809,1,"1","TUBA1A"
0.000256059946690429,0.298536048979006,0.737,0.628,1,"1","RNF13"
0.00025749542147955,0.294600644457015,0.691,0.552,1,"1","NTN4"
0.000265660308957935,0.403398980571703,0.613,0.474,1,"1","IQSEC1"
0.000267615494546487,0.762047923435638,0.313,0.211,1,"1","EGFLAM"
0.000268334482519331,0.353849050901156,0.556,0.429,1,"1","ZMYM6NB"
0.000270750981620497,0.292497043883069,0.807,0.732,1,"1","TMBIM1"
0.000271050164359815,0.425450780616,0.506,0.377,1,"1","ZFYVE21"
0.00027193712491898,0.45819796999754,0.473,0.336,1,"1","JOSD2"
0.000273556770075696,0.278826422530435,0.951,0.893,1,"1","AK1"
0.000273760938165104,0.422102681308851,0.461,0.335,1,"1","PDZD11"
0.000275762989614417,0.289997058157399,0.399,0.274,1,"1","BMS1P20"
0.000281506627187892,0.523494484367457,0.811,0.726,1,"1","BPGM"
0.000282975106363314,0.587004242717545,0.506,0.403,1,"1","NFKB1"
0.000290837636325181,0.579029522304982,0.366,0.248,1,"1","C16orf62"
0.000293875057081549,0.367796294052625,0.765,0.628,1,"1","TSG101"
0.000294802245136599,0.291486352443498,0.671,0.517,1,"1","TBL1XR1"
0.000297845325787912,0.460354452007584,0.519,0.382,1,"1","SETD7"
0.000315828549311188,0.357463679863208,0.959,0.922,1,"1","UQCRQ"
0.000323781195246686,0.735690170044414,0.444,0.322,1,"1","UBALD2"
0.000323977356785323,0.321609073395396,0.568,0.431,1,"1","YIPF2"
0.000333547373679162,0.305559062117559,0.815,0.713,1,"1","NDUFB3"
0.000334255627903114,0.319913290747735,0.7,0.57,1,"1","SMIM7"
0.00033697815894036,0.258303940949701,0.255,0.154,1,"1","C15orf65"
0.00034108803463964,0.678283822563011,0.296,0.199,1,"1","NTN1"
0.00034331372734952,0.362690826364065,0.885,0.845,1,"1","ATP5H"
0.000352470930137482,0.526593151384001,0.366,0.25,1,"1","PDGFA"
0.000355550563837507,0.646147714809092,0.325,0.22,1,"1","CASP4"
0.000357399972737639,0.461757348320678,0.383,0.262,1,"1","TRAPPC1"
0.000357571422056252,0.441426683155976,0.7,0.569,1,"1","FAM32A"
0.000367276392122259,0.417731465620817,0.354,0.244,1,"1","PDE6D"
0.000367938922016321,0.414395860127908,0.449,0.326,1,"1","NFU1"
0.000371353021410421,0.425274260739719,0.44,0.312,1,"1","BET1"
0.000371518143524275,0.303004263149431,0.963,0.911,1,"1","MRPL33"
0.000376770468436479,0.284214206841748,0.543,0.404,1,"1","LINC00673"
0.000387885850425123,0.435024260309394,0.436,0.316,1,"1","MGMT"
0.000389075414371901,0.403425584826018,0.658,0.543,1,"1","CYLD"
0.000391088428225002,0.340971837602972,0.852,0.746,1,"1","DAZAP2"
0.000401861802862459,0.508549765774196,0.374,0.256,1,"1","TMEM242"
0.000407464345331621,0.392292987477939,0.44,0.315,1,"1","CCDC25"
0.000414477980630274,0.708158129143502,0.325,0.217,1,"1","RAP1GDS1"
0.000414538780267139,0.865276054650846,0.313,0.21,1,"1","NCSTN"
0.000415307187772091,0.538543572754061,0.539,0.403,1,"1","DCTN2"
0.000416656356791296,0.376769999855684,0.527,0.405,1,"1","SHISA5"
0.000418686635934288,0.360211381653763,0.362,0.248,1,"1","IARS2"
0.000428843514858766,0.608543405662324,0.358,0.25,1,"1","RAB8B"
0.000430547442667402,0.431764608687278,0.761,0.677,1,"1","EMC7"
0.000434790113853228,0.406938999028159,0.786,0.704,1,"1","LSM5"
0.000453768958723508,0.382465308004067,0.251,0.152,1,"1","PC"
0.000454031964407521,0.307241660039595,0.728,0.598,1,"1","ZFAND6"
0.000459848922569591,0.300633671669789,0.527,0.387,1,"1","HPRT1"
0.000465698203787943,0.49331097226692,0.444,0.32,1,"1","TRAPPC2L"
0.000475901787791788,0.381474803894405,0.609,0.491,1,"1","MRPS16"
0.00048169165384233,0.26026663225552,0.922,0.845,1,"1","OST4"
0.000496144427641877,0.428603135316994,0.617,0.482,1,"1","CRIPT"
0.000500085676014616,0.320530613875268,0.909,0.84,1,"1","PSMB3"
0.000527149311661572,0.60857452659412,0.519,0.411,1,"1","MT1M"
0.000540655648263761,0.328629898238385,0.444,0.318,1,"1","TIA1"
0.000547586332088727,0.493240630771216,0.535,0.42,1,"1","MAP7D3"
0.000558633742474432,0.63224543489038,0.251,0.156,1,"1","RBM4B"
0.000563657270925684,0.365441719911558,0.37,0.258,1,"1","SGCE"
0.0005674463830079,0.283611770926656,0.955,0.888,1,"1","ENY2"
0.000579522621087296,0.405498416741629,0.576,0.462,1,"1","TMEM106B"
0.000584020116473021,0.369774101078331,0.42,0.311,1,"1","MAN2A1"
0.00060855172085316,0.295132448250731,0.984,0.955,1,"1","COL6A2"
0.000612254267687592,0.425534187856153,0.576,0.457,1,"1","TANK"
0.000612930316398989,0.485866027749671,0.531,0.405,1,"1","GGPS1"
0.00062901421878017,0.419089849592709,0.77,0.68,1,"1","EPS8"
0.000653381991262054,0.341558885243662,0.634,0.516,1,"1","DDAH1"
0.000657267707754979,0.319440929352605,0.93,0.857,1,"1","TSC22D3"
0.000659091835838215,0.297984785101825,0.831,0.715,1,"1","TGFBR2"
0.000660535450247442,0.541450059453526,0.428,0.319,1,"1","CLN5"
0.000666050145557023,0.257037481776959,0.802,0.682,1,"1","SNX3"
0.000681238616838441,0.584847794234947,0.284,0.185,1,"1","RMDN1"
0.000682914813018665,0.261422877811603,0.897,0.809,1,"1","PIGT"
0.000691777782880975,0.274885599769052,0.502,0.378,1,"1","CISD1"
0.000697054434222295,0.270770443452855,0.37,0.262,1,"1","SLC35A1"
0.000699412106451949,0.643358557246757,0.313,0.208,1,"1","STX7"
0.000708491817625519,0.561289056878637,0.51,0.414,1,"1","ETFA"
0.000708822503749465,0.351198522993009,0.543,0.426,1,"1","PWP1"
0.000708911311112892,0.355856740088725,0.403,0.282,1,"1","ETV5"
0.000713586994824756,0.479367780374325,0.691,0.623,1,"1","TMEM208"
0.000740563076704097,0.538560896409284,0.346,0.239,1,"1","PLGRKT"
0.000754125195411702,0.30678263607581,0.358,0.256,1,"1","IRF1"
0.000756644390079773,0.306251809221369,0.626,0.501,1,"1","PTTG1"
0.000773896061909049,0.386502810242807,0.337,0.229,1,"1","SLC35B3"
0.000790470395380151,0.377998230941601,0.572,0.464,1,"1","TM2D3"
0.000803076288611437,0.250319024654284,0.514,0.385,1,"1","MRPS33"
0.000833878765012209,0.805492578455699,0.321,0.221,1,"1","LYNX1"
0.00083953303676195,0.648342941433985,0.321,0.224,1,"1","LRP12"
0.00092394504665552,0.275684444666219,0.72,0.602,1,"1","TXNDC15"
0.000924326024798372,0.433143452576576,0.605,0.494,1,"1","BRD8"
0.000931755820744823,0.395540095947081,0.284,0.186,1,"1","FAM35A"
0.000954006726347023,0.285695926549159,0.753,0.649,1,"1","IGFBP6"
0.000967245623923041,0.441437784922305,0.477,0.354,1,"1","SLC39A1"
0.000985788410295934,0.273487971542947,0.543,0.412,1,"1","RHBDD2"
0.0010110678748533,0.275056737906318,0.601,0.477,1,"1","STAG2"
0.00101765115354955,0.37884912503687,0.309,0.208,1,"1","SLC39A7"
0.00101809604806372,0.270853076246236,0.844,0.723,1,"1","RWDD1"
0.00104402996490684,0.45426836124418,0.263,0.167,1,"1","PARP6"
0.00107109442169285,0.298663236797009,0.527,0.4,1,"1","PTPN1"
0.00107751945713301,0.625306651967811,0.284,0.196,1,"1","ARL4A"
0.00111524409085866,0.408602037601068,0.527,0.407,1,"1","MRPL42"
0.00112436850398928,0.263123083332759,0.86,0.774,1,"1","UBXN4"
0.00115940545311653,0.30240212572261,0.835,0.773,1,"1","IER3IP1"
0.00117486885212428,0.278597035292223,0.37,0.262,1,"1","TPGS2"
0.00117873682483788,0.334726392546692,0.848,0.705,1,"1","ARL1"
0.00118049325863004,0.594959800690225,0.284,0.19,1,"1","HAUS4"
0.00120033666152838,0.286370599456983,1,1,1,"1","FTL"
0.00120825765807998,0.38442981003539,0.576,0.493,1,"1","C11orf73"
0.00121396142932547,0.279370298732791,0.383,0.263,1,"1","TSTA3"
0.00121727662802403,0.272564075145072,0.835,0.731,1,"1","MXRA7"
0.00123368721690083,0.332644043433056,0.416,0.302,1,"1","ATE1"
0.00125159325289095,0.362340676619948,0.947,0.859,1,"1","BCAT1"
0.00125654276446313,0.304522917525575,0.333,0.231,1,"1","DHRS7B"
0.00125673069518109,0.445744297449236,0.663,0.569,1,"1","LSM8"
0.00126215535328669,0.440887831434656,0.407,0.287,1,"1","ADAM12"
0.00126528296972173,0.447633022715754,0.56,0.445,1,"1","AAMDC"
0.00128302985186877,0.535464432152235,0.436,0.328,1,"1","C10orf11"
0.00130315231460409,0.304484752924806,0.407,0.296,1,"1","CTSO"
0.00132945433923436,0.350546262152261,0.671,0.544,1,"1","PGM1"
0.00133166013850798,0.551898302061034,0.436,0.332,1,"1","AKT3"
0.00134607653336637,0.309385108783601,0.634,0.498,1,"1","UQCC2"
0.00135843298344735,0.290822494303398,0.51,0.394,1,"1","C6orf89"
0.00138432102749778,0.684543030965856,0.432,0.339,1,"1","CHST6"
0.00141969726116685,0.332828994559949,0.663,0.551,1,"1","CCDC53"
0.0014225979152463,0.252519573573485,0.638,0.53,1,"1","ITFG1"
0.00143257903685903,0.652319795547372,0.391,0.285,1,"1","RPSAP58"
0.00143427275150397,0.318429390952341,0.519,0.406,1,"1","PLSCR1"
0.00144165706212214,0.340714568716949,0.782,0.72,1,"1","HMGN1"
0.00146919436602192,0.270761355424153,0.72,0.6,1,"1","CPNE3"
0.00152484872012534,0.425382784592533,0.374,0.268,1,"1","G6PC3"
0.00154383240188508,0.323615292285496,0.428,0.317,1,"1","MARVELD1"
0.00157005685439002,0.339463889357086,0.325,0.227,1,"1","TCEAL1"
0.00157314237544656,0.31834931602512,0.576,0.468,1,"1","PIGP"
0.00159766081131241,0.329937565362594,0.584,0.456,1,"1","MAST4"
0.00161856781902013,0.668735894562094,0.251,0.165,1,"1","GNPDA2"
0.00162848941481239,0.284087203653491,0.387,0.282,1,"1","MMGT1"
0.00164658533425208,0.253256164133286,0.412,0.3,1,"1","MPG"
0.00165553883840752,0.323171501221991,0.539,0.414,1,"1","PIGH"
0.00167758801997479,0.818094026593867,0.387,0.282,1,"1","STARD4"
0.00167901713659138,0.471684124596362,0.366,0.266,1,"1","SCCPDH"
0.00170867540958636,0.437279771292819,0.486,0.397,1,"1","GINM1"
0.00170947176322383,0.359141843650672,0.49,0.37,1,"1","C14orf1"
0.00171706375764373,0.439098923421962,0.317,0.219,1,"1","GLOD4"
0.00179085831922722,0.316378519096458,0.449,0.336,1,"1","MAGOH"
0.00180900053090049,0.326897156619199,0.877,0.799,1,"1","AHNAK"
0.00181630147856204,0.359787616861329,0.412,0.309,1,"1","UBASH3B"
0.00183423256796143,0.40324098767042,0.42,0.315,1,"1","AGPAT4"
0.00183861738291574,0.33630050092901,0.679,0.562,1,"1","HSD17B10"
0.00185002488165382,0.39117835389257,0.473,0.357,1,"1","MYOF"
0.00186308604256647,0.253182635508254,0.959,0.919,1,"1","NDUFC1"
0.00187517956202405,0.502512580126716,0.329,0.231,1,"1","AP1S2"
0.00188925772305724,0.537186693679033,0.42,0.321,1,"1","HBP1"
0.00195934516418151,0.464680373298548,0.313,0.222,1,"1","SH3D19"
0.00201088017965303,0.392891397441463,0.658,0.572,1,"1","FKBP3"
0.00205850557141218,0.460984984920271,0.37,0.277,1,"1","TTC37"
0.00208824416768171,0.401522180513262,0.296,0.202,1,"1","PQLC3"
0.0021150004396766,0.306036709103735,0.761,0.67,1,"1","TXNDC17"
0.00212060615860212,0.28692393578285,0.626,0.513,1,"1","PSME1"
0.00212380988372438,0.477723031050454,0.251,0.165,1,"1","BCL2L12"
0.00216370873855425,0.464620016264965,0.346,0.247,1,"1","UFSP2"
0.00218127270299534,0.456849975513681,0.263,0.176,1,"1","SPPL3"
0.00218915536360294,0.27313884636818,0.774,0.682,1,"1","FAM127A"
0.00224661061672682,0.398582301285274,0.424,0.309,1,"1","ACADM"
0.0022622214854969,0.520138884632241,0.3,0.21,1,"1","POLG2"
0.00229951954536366,0.585513408851835,0.329,0.242,1,"1","ALG14"
0.00231885597581732,0.259267315887237,0.984,0.957,1,"1","PRDX4"
0.00232009725769305,0.469519270111335,0.428,0.331,1,"1","EFNA1"
0.0023918375747558,0.516592182763302,0.366,0.265,1,"1","SACM1L"
0.00239485902633049,0.342691034858521,0.947,0.871,1,"1","IQGAP1"
0.00240624760911553,0.322381313825405,0.765,0.684,1,"1","LMAN2"
0.00242961154618394,0.360909681721169,0.667,0.543,1,"1","TPRKB"
0.00249848266153609,0.503098261300882,0.436,0.34,1,"1","TMED1"
0.00250144944227675,0.467017532692918,0.473,0.373,1,"1","TTC17"
0.00253061619973791,0.572344288416301,0.362,0.275,1,"1","INPP4B"
0.00267774445013276,0.404272958176864,0.613,0.519,1,"1","MAT2B"
0.0027103012389198,0.747358912476564,0.506,0.396,1,"1","EAF2"
0.00278581684401463,0.32479907219382,0.284,0.19,1,"1","WLS"
0.00283237366338724,0.616139811276289,0.535,0.431,1,"1","HHIPL2"
0.00287821088868956,0.377034349944431,0.346,0.25,1,"1","SNAPIN"
0.00289070513009266,0.301272063053106,0.831,0.726,1,"1","EFEMP2"
0.00290244470926073,0.407549421500402,0.86,0.757,1,"1","EIF4EBP1"
0.00294942047991449,0.275930843022158,0.716,0.609,1,"1","MDH2"
0.00301097189704339,0.251477785307914,0.934,0.858,1,"1","NDUFB4"
0.00313771776565908,0.259351674319871,0.276,0.185,1,"1","GSS"
0.00324366481927259,0.675854003934232,0.255,0.177,1,"1","ABHD16A"
0.003298798459329,0.566908978794215,0.362,0.277,1,"1","CDK13"
0.00332794604432372,0.307870904894939,0.584,0.473,1,"1","COA3"
0.00341832323721392,0.543422529493847,0.465,0.376,1,"1","RALB"
0.00363545818390672,0.412633704731454,0.449,0.35,1,"1","GLB1"
0.00366516681047672,0.463648813874215,0.267,0.184,1,"1","ACBD5"
0.00372519390760026,0.340976623993993,0.49,0.382,1,"1","DGCR6L"
0.00381722302053069,0.472821297124745,0.337,0.25,1,"1","TP53BP2"
0.00384133213395479,0.291598942528698,0.453,0.345,1,"1","FBXL5"
0.00390683824482086,0.370071046572568,0.296,0.21,1,"1","STYX"
0.00392166504163784,0.45235982998944,0.259,0.175,1,"1","COQ5"
0.00394857948053837,0.350981484102777,0.284,0.201,1,"1","MVB12A"
0.00402732531638852,0.251957820286614,0.691,0.567,1,"1","SPTBN1"
0.00404955227218548,0.254067525548018,0.835,0.76,1,"1","ANAPC16"
0.00408831292333104,0.514437880433939,0.292,0.211,1,"1","MYO5A"
0.00425953931312869,0.290827655634533,0.457,0.356,1,"1","TMTC3"
0.00435649963411158,0.256145989722495,0.712,0.615,1,"1","SCPEP1"
0.00451259284223804,0.354944398670333,0.428,0.335,1,"1","AGTRAP"
0.00452375106440638,0.42371313776509,0.436,0.329,1,"1","IFT20"
0.00474573594918456,0.588177671709733,0.547,0.45,1,"1","WDR26"
0.00477630234861612,0.73063430885347,0.255,0.18,1,"1","JAZF1"
0.00478567202654624,0.575025750265743,0.337,0.259,1,"1","STXBP3"
0.0047924933656595,0.679251476772859,0.84,0.786,1,"1","C1orf43"
0.00496422995743973,0.351814469728572,0.263,0.185,1,"1","ZHX2"
0.00522047835121986,0.304710510707295,0.49,0.378,1,"1","TMEM134"
0.00539794175870114,0.336186189165498,0.708,0.626,1,"1","CERS2"
0.00542731351816232,0.38059517625725,0.481,0.375,1,"1","TP53I13"
0.00544544820090286,0.4576966546836,0.897,0.823,1,"1","ATP5J2"
0.00559730100939851,0.275222695590998,0.453,0.342,1,"1","MAN2B2"
0.00561962501837707,0.307659181418337,0.58,0.494,1,"1","COBLL1"
0.00566107903854388,0.300149536569827,0.86,0.811,1,"1","ATP6V1F"
0.00586777019334374,0.652538277348389,0.292,0.209,1,"1","GATAD2B"
0.00592893123455348,0.294403532666205,0.728,0.64,1,"1","PDIA4"
0.00598732600359004,0.372398370524537,0.638,0.558,1,"1","SCAMP3"
0.00599144471535287,0.387755288209448,0.407,0.309,1,"1","CCDC127"
0.00602450391999995,0.460513473862204,0.481,0.399,1,"1","FIBP"
0.00603434304769998,0.378486509309271,0.716,0.671,1,"1","SRPR"
0.00613658919706824,0.480144449579576,0.58,0.474,1,"1","PIGK"
0.00615863724693169,0.614153485053294,0.251,0.175,1,"1","CBX4"
0.00621528421331354,0.508587602159117,0.325,0.243,1,"1","B3GNT2"
0.00632566993931372,0.307556456770766,0.49,0.392,1,"1","TSEN15"
0.0063670999728541,0.464340760693685,0.259,0.178,1,"1","ATG9A"
0.00641782541711563,0.758773198738314,0.284,0.206,1,"1","INPP5F"
0.00659961140393241,0.363003007383927,0.424,0.328,1,"1","LTA4H"
0.00667411503465217,1.02159442689541,0.593,0.495,1,"1","P3H4"
0.00680459904830321,0.406516358915618,0.617,0.563,1,"1","SBSPON"
0.0069508676181168,0.287494750270971,0.675,0.565,1,"1","ITPRIPL2"
0.00704088527690804,1.07612524907082,0.255,0.182,1,"1","FASTKD5"
0.00710908677834386,0.907654667175024,0.309,0.233,1,"1","SORBS2"
0.00723324837833781,0.5192817275516,0.313,0.239,1,"1","CMTM3"
0.0073509483522191,0.268986042912341,0.844,0.742,1,"1","FAM114A1"
0.00749508360326441,0.412878661739299,0.325,0.246,1,"1","WWC3"
0.00752317173759384,0.409710851681134,0.379,0.287,1,"1","METTL9"
0.00772780890510646,0.255827211679142,0.621,0.53,1,"1","SVIP"
0.00773370795464292,0.69250137025454,0.3,0.22,1,"1","CHCHD3"
0.00774759761379677,0.445017104426615,0.329,0.249,1,"1","CNOT6L"
0.00813785104344924,0.457124909052482,0.366,0.275,1,"1","UNK"
0.00845716761205692,0.470389916041372,0.498,0.398,1,"1","ADD1"
0.00880048106664509,0.506017579483319,0.267,0.191,1,"1","NIPSNAP3A"
0.00894272551310952,0.326186676121217,0.313,0.233,1,"1","GPR107"
0.00903556842238994,0.320911439470421,0.757,0.687,1,"1","ANKRD12"
0.00932170866650644,0.43882208020396,0.263,0.185,1,"1","ESRG"
0.00934566944996946,0.538437369193116,0.313,0.235,1,"1","B4GALT2"
0.0095105265033616,0.525151046706478,0.728,0.647,1,"1","ASPH"
0.00959393768117396,0.270286133090502,0.704,0.604,1,"1","CHCHD7"
0.00971867986804303,0.433397143133916,0.296,0.218,1,"1","SPHK1"
0.00972119658675957,0.37678346112836,0.42,0.337,1,"1","ECHDC1"
0.00985512476482315,0.796715046232128,0.56,0.494,1,"1","LHFPL2"
0.00993570892120698,0.263687639021714,0.477,0.386,1,"1","MANBAL"
0.00998350898255601,0.552697782813218,0.366,0.285,1,"1","QARS"
3.96125970590094e-33,2.67177940807885,0.989,0.919,9.56763056766255e-29,"2","CHI3L1"
1.97345193103044e-27,1.01407192091442,1,0.983,4.76647844901781e-23,"2","H2AFZ"
3.48408074158858e-22,2.07222867263372,0.59,0.295,8.41510021515891e-18,"2","TMEM176B"
5.06035365435947e-21,0.495446229939986,1,1,1.22222721813744e-16,"2","MALAT1"
1.55457296149398e-20,2.00072295490302,0.629,0.322,3.75476007389642e-16,"2","TMEM176A"
1.5850254039258e-20,1.17774368159856,0.933,0.801,3.828311858102e-16,"2","CKS2"
2.1128831853241e-20,1.13052683696102,0.944,0.834,5.1032467575133e-16,"2","TUBB4B"
2.35699554572997e-19,2.31712267516881,0.646,0.382,5.69285134160159e-15,"2","CDKN1C"
5.49045716517154e-18,0.684300183458187,0.983,0.974,1.32611011910388e-13,"2","SAP18"
5.96836714794949e-18,0.73911838452624,1,0.99,1.44153971724424e-13,"2","GPX3"
9.11138624232814e-18,0.727227297256422,0.966,0.947,2.20067311910952e-13,"2","DNAJA1"
2.96912442570344e-17,1.08217708316531,0.927,0.781,7.17132622540151e-13,"2","EIF4A3"
1.47476315632589e-16,0.858265469019615,0.983,0.94,3.56199545147393e-12,"2","GEM"
5.55963215557485e-16,0.828578362162744,1,1,1.34281795453599e-11,"2","PLA2G2A"
6.50654821338936e-16,0.613582611125363,1,1,1.57152658997993e-11,"2","CLU"
8.14014450565507e-16,1.05114388602664,0.86,0.677,1.96608910245087e-11,"2","GLRX"
1.0913451288094e-15,1.18184617072148,0.989,0.974,2.63592588961335e-11,"2","SOD2"
1.48568091515627e-15,0.939567452699847,0.888,0.746,3.58836511437693e-11,"2","EFEMP1"
2.00171769276086e-15,0.752109003308931,0.978,0.953,4.83474874332532e-11,"2","TUBA1B"
3.17630496572989e-15,1.24270169576036,0.792,0.622,7.67172938372742e-11,"2","COL12A1"
5.8014084165504e-15,0.814446638457411,0.983,0.98,1.40121417484942e-10,"2","NEAT1"
1.15699997509413e-14,0.737300089783848,0.949,0.896,2.79450203984485e-10,"2","PPP1R15A"
1.35366621255386e-14,1.02657577451959,0.972,0.956,3.26951000318134e-10,"2","CHI3L2"
2.61633747753806e-14,0.82366634327611,0.966,0.897,6.31923990949768e-10,"2","IFITM2"
2.66562457025406e-14,0.732167634158821,0.961,0.922,6.43828302453462e-10,"2","RAB7A"
5.30834521995938e-14,0.887263144220146,0.938,0.867,1.28212462097679e-09,"2","KLHL21"
7.03873680338083e-14,0.546198458573581,0.978,0.963,1.70006610012057e-09,"2","IFITM1"
9.08101922976664e-14,0.654913230299333,0.983,0.92,2.19333857456554e-09,"2","EIF1B"
9.46292142938898e-14,0.857976878195154,0.91,0.826,2.28557941284032e-09,"2","SNRPB"
1.60377282853084e-13,1.12897709365522,0.933,0.893,3.87359251275054e-09,"2","SERTAD1"
1.72055330715639e-13,0.65145134641548,1,0.983,4.15565240277484e-09,"2","CFH"
1.9719001580651e-13,0.72094253119879,0.983,0.965,4.76273045177464e-09,"2","SLC3A2"
2.670003034475e-13,0.763727547571759,0.989,0.963,6.44885832916747e-09,"2","SQSTM1"
6.36297452872046e-13,0.712779406480915,0.972,0.939,1.53684923792185e-08,"2","NCL"
8.07860981662113e-13,1.05238481379091,0.904,0.81,1.9512266290085e-08,"2","FOSL1"
1.48445546915662e-12,0.776364851925907,0.949,0.888,3.58540529465399e-08,"2","CNN3"
2.1811237040288e-12,0.568097699852795,0.989,0.974,5.26806808234077e-08,"2","IFITM3"
2.35685193210453e-12,0.892263580347955,0.888,0.726,5.69250447161207e-08,"2","LTBP2"
2.60426212049866e-12,1.02041440261623,0.82,0.679,6.29007429964042e-08,"2","MAP2K3"
3.00947442558599e-12,0.818254820695802,1,0.997,7.26878358011785e-08,"2","MMP3"
4.68345244417937e-12,0.673349317669865,0.916,0.835,1.13119426884264e-07,"2","CHMP1B"
5.09257295690315e-12,0.719106247696331,0.994,0.955,1.23000914628082e-07,"2","SERPING1"
6.00628626316425e-12,1.15020822217968,0.944,0.865,1.45069832114206e-07,"2","HMOX1"
6.28129386328173e-12,1.17526258320647,0.854,0.783,1.51712090679844e-07,"2","TOB1"
2.14320588562688e-11,0.52526742466165,0.994,0.98,5.17648517555461e-07,"2","HERPUD1"
5.30613307354119e-11,0.563785395776047,0.949,0.898,1.2815903212524e-06,"2","GNG5"
5.62941082992523e-11,0.407583008041993,1,0.997,1.35967159775184e-06,"2","CALM2"
6.04860448915976e-11,0.439113553444011,0.927,0.734,1.46091944226676e-06,"2","RARRES2"
6.12752301575032e-11,0.790362528009787,0.91,0.848,1.47998063399417e-06,"2","ARL6IP1"
6.98912848664677e-11,1.71341788288709,0.444,0.236,1.68808420337979e-06,"2","STEAP4"
7.64205063483141e-11,0.594596908327424,0.989,0.963,1.84578448983083e-06,"2","RPL36AL"
1.27165171360298e-10,0.410225743366023,1,0.986,3.07142038386528e-06,"2","FAU"
1.60231159840242e-10,0.632153574187335,0.955,0.904,3.87006320362137e-06,"2","TUBA1C"
1.78403213869362e-10,0.784345471616767,0.944,0.913,4.3089728245867e-06,"2","THBS1"
3.10890610866153e-10,0.378490095955208,1,1,7.50894092425019e-06,"2","FTH1"
4.063534674396e-10,0.404513916293381,1,0.986,9.81465529906866e-06,"2","PTMA"
4.20754041576821e-10,0.493088648564288,0.966,0.944,1.0162472366205e-05,"2","MAP1LC3B"
4.42283760049938e-10,0.678390761828871,0.955,0.926,1.06824796564861e-05,"2","NNMT"
5.34818143454859e-10,1.16499309174382,0.73,0.555,1.29174626188652e-05,"2","ZNF622"
6.94396811876398e-10,0.505027910191679,0.983,0.984,1.67717661972506e-05,"2","ATF4"
8.11150692180454e-10,0.947872532856359,0.787,0.64,1.95917226682345e-05,"2","OSMR"
1.53848127628791e-09,1.1155627843117,0.685,0.525,3.71589382661819e-05,"2","SNHG17"
1.56479541964898e-09,1.13061579630902,0.725,0.545,3.77945037707819e-05,"2","TNFRSF10D"
1.58882974427563e-09,1.50992840614829,0.399,0.203,3.83750048134893e-05,"2","EGFLAM"
1.74364621063343e-09,0.497123299883425,0.989,0.968,4.21142869254293e-05,"2","TPI1"
3.06422825916493e-09,0.870868854544078,0.888,0.799,7.40103051436107e-05,"2","ODC1"
3.49454241885558e-09,0.560910659400359,0.994,0.986,8.44036830426189e-05,"2","S100A11"
5.73959975314722e-09,0.471485069826048,1,0.996,0.000138628552837765,"2","ANXA1"
7.46698089225097e-09,0.467809062173794,0.781,0.605,0.000180349989490538,"2","ADM"
8.12635387796889e-09,1.04212111862839,0.787,0.666,0.000196275825214583,"2","MAFF"
9.91205457415949e-09,0.526373981050246,0.972,0.941,0.000239405854129674,"2","KLF4"
1.03540261069141e-08,0.491368887009265,0.966,0.928,0.000250080792560297,"2","CTSL"
1.09175033460079e-08,1.12313717403551,0.68,0.52,0.00026369045831613,"2","KLF3"
1.56761352067872e-08,1.06383804814148,0.691,0.525,0.000378625693649531,"2","SHISA2"
1.77785276262616e-08,0.465540546372726,0.994,0.968,0.000429404777757097,"2","UAP1"
1.82232476067098e-08,1.43238854060452,0.444,0.259,0.000440146099444862,"2","TUBA4A"
2.74762967643088e-08,0.35822460233565,1,0.983,0.00066363499574835,"2","TM4SF1"
2.82370731238276e-08,0.943474226661329,0.854,0.716,0.000682010027159807,"2","THBD"
2.91911254913126e-08,1.40964433162776,0.579,0.416,0.000705053253991674,"2","ATP6V1B2"
3.38933602874582e-08,0.481323323440995,0.961,0.874,0.000818626331022978,"2","ARID5B"
4.18222955969796e-08,1.58576063757937,0.36,0.185,0.00101013390555385,"2","FMNL2"
4.73116296334514e-08,0.806184696170009,0.848,0.768,0.00114271779053675,"2","AKIRIN2"
4.87831111108297e-08,0.571679711991822,0.949,0.886,0.00117825848265987,"2","AMD1"
5.86655584308079e-08,0.926567036664167,0.652,0.504,0.0014169492327793,"2","HN1"
5.87601514199533e-08,0.530076483365204,0.989,0.969,0.00141923393724613,"2","PMP22"
6.30078270054503e-08,0.350489358529823,1,0.998,0.00152182804566264,"2","VIM"
6.82716832827851e-08,0.824711122225638,0.82,0.765,0.00164896596632911,"2","TGIF1"
7.41127614008171e-08,0.433035409192384,0.983,0.952,0.00179004552611393,"2","CYCS"
1.00236488864945e-07,0.612418332508851,0.899,0.82,0.00242101191555501,"2","CRY1"
1.04494585071239e-07,0.805470968066198,0.444,0.252,0.00252385771322564,"2","FAM46C"
1.47906575554656e-07,0.989172396217755,0.41,0.235,0.0035723875193716,"2","ITGBL1"
2.09911957291474e-07,0.491051324305442,0.904,0.844,0.00507000350446098,"2","HLA-E"
2.29606797257287e-07,0.616542320333392,1,1,0.00554569297415525,"2","MT2A"
2.3198800285795e-07,0.820900191577971,0.787,0.684,0.00560320623302806,"2","HMGB2"
2.40249181618966e-07,0.71061535348304,0.854,0.745,0.00580273848364289,"2","SLC38A1"
2.73611825490828e-07,0.283504057188805,1,1,0.00660854642107997,"2","EIF1"
2.82214443194852e-07,0.356671142593752,0.989,0.966,0.00681632544648526,"2","CNBP"
3.15761968364323e-07,0.634795848691918,0.837,0.771,0.00762659882190349,"2","BTG3"
3.46457247468234e-07,0.315272257852576,0.994,0.992,0.00836798189810026,"2","DDX5"
3.71291411072867e-07,1.17520146435316,0.562,0.407,0.00896780145164296,"2","MAFB"
4.28896860042938e-07,1.76267762253593,0.275,0.136,0.0103591458606171,"2","FBLN1"
4.64690132846586e-07,0.391349143699244,1,0.996,0.0112236607786436,"2","CD55"
4.95112146231099e-07,0.542566306143774,0.775,0.613,0.0119584436679197,"2","CDC42EP3"
5.61419043234568e-07,0.721348802074927,0.876,0.786,0.0135599541512445,"2","GNL3"
7.31670400780287e-07,0.271476825402302,1,1,0.0176720351900463,"2","DCN"
8.18969255307686e-07,0.540627913743917,0.916,0.907,0.0197805644234465,"2","CHD2"
8.54111061006497e-07,0.452049587526458,0.82,0.711,0.0206293444564899,"2","HEXIM1"
8.68615604355592e-07,1.12579919496597,0.629,0.505,0.0209796726920006,"2","POLR1C"
8.7344991969474e-07,0.685722769165394,0.837,0.744,0.0210964359103871,"2","NOP16"
9.6694746923353e-07,0.745161023782417,0.899,0.873,0.0233546822243975,"2","SLC25A5"
1.19014285009654e-06,0.589769862336591,0.91,0.887,0.0287455202583817,"2","ATP1B3"
1.26841296476681e-06,0.999654763193419,0.343,0.187,0.0306359783380127,"2","CDC42EP4"
1.2809639930257e-06,0.481166603111679,0.961,0.921,0.0309391233235498,"2","PRNP"
1.54315878584369e-06,0.744315358871347,0.815,0.753,0.0372719141544825,"2","GRPEL1"
1.63473078370663e-06,0.353496063474448,1,1,0.0394836526188662,"2","CTGF"
1.70679712944466e-06,1.34100554355707,0.388,0.237,0.0412242710674768,"2","PLEKHO2"
1.9355245942863e-06,0.686592123654185,0.809,0.721,0.046748725525797,"2","NXF1"
2.0813270814349e-06,0.577824781593927,0.972,0.955,0.0502702929978971,"2","SLC38A2"
2.4027546476345e-06,0.340679056969664,0.994,0.962,0.0580337330043161,"2","CFL1"
2.58349998447745e-06,0.892382174193803,0.691,0.537,0.0623992751250839,"2","NIP7"
2.96813787642697e-06,0.969196655589034,0.59,0.434,0.0716894341293405,"2","FSCN1"
3.25553045158218e-06,0.430185823817106,0.955,0.888,0.0786308269970644,"2","OAT"
3.31000390589745e-06,0.824329677128747,0.674,0.543,0.0799465243391412,"2","KPNA2"
3.40815059070867e-06,0.522064765666768,0.899,0.877,0.0823170612173865,"2","RHEB"
3.99843625924441e-06,0.820345395883799,0.466,0.313,0.0965742309695303,"2","SLC9A3R1"
4.61557387147329e-06,0.763537075043966,0.635,0.486,0.111479955717694,"2","ZFP36L2"
4.72064610004224e-06,1.6418169262656,0.315,0.177,0.11401776525432,"2","EPHA2"
4.86314935637001e-06,1.06427457382016,0.753,0.649,0.117459646404405,"2","SLC25A37"
5.0036998322235e-06,0.530525253426446,0.949,0.89,0.120854362047694,"2","FHL1"
5.28808784762724e-06,0.79653813478605,0.551,0.369,0.127723185783741,"2","PDK4"
6.44411535374101e-06,0.260504829124466,1,1,0.155644718138907,"2","FTL"
6.52137370862906e-06,0.53950076567226,0.944,0.9,0.157510739184518,"2","JMJD1C"
6.63009728451203e-06,0.437170066535178,0.86,0.767,0.160136739712819,"2","U2AF1"
7.25054632186452e-06,1.34218635006193,0.399,0.253,0.175122445311994,"2","GCH1"
7.38824999131317e-06,1.43258587024258,0.449,0.315,0.178448402040187,"2","MARCH3"
7.45287256235865e-06,0.277144907079972,0.989,0.984,0.180009230998648,"2","SOD1"
8.34981221381921e-06,1.06390685652246,0.511,0.353,0.201673014400375,"2","CA2"
8.46485301707784e-06,0.416087923133626,0.983,0.958,0.204451594921481,"2","DYNLL1"
8.88259703451316e-06,0.807388260007025,0.787,0.697,0.214541366174596,"2","SCARA3"
1.23547304588637e-05,0.439329208030443,0.938,0.898,0.298403804772934,"2","ILF2"
1.36654565768809e-05,0.497448940626064,0.944,0.902,0.330061772701404,"2","C1S"
1.41296177512757e-05,0.710026599937631,0.708,0.577,0.341272657546561,"2","CD14"
1.50987310619122e-05,0.415726386412602,0.938,0.885,0.364679651338365,"2","NDRG1"
1.51205538207749e-05,0.826607343656443,0.775,0.688,0.365206736433176,"2","NANS"
1.65776267103514e-05,1.03574701508936,0.629,0.52,0.400399417935117,"2","RNF103"
1.66125177083965e-05,0.443657606986381,0.949,0.929,0.401242140210901,"2","ATP6V1G1"
1.68854445953174e-05,1.14087161352036,0.36,0.223,0.407834143310701,"2","STX11"
1.70125004518294e-05,0.92363313027168,0.747,0.66,0.410902923413034,"2","CP"
1.7088070323087e-05,0.346168241948182,0.989,0.989,0.412728162513519,"2","BTG1"
1.80221594010398e-05,0.46561609351085,0.978,0.937,0.435289216013315,"2","AEBP1"
1.89300705609802e-05,0.500040677022833,0.938,0.908,0.457217994259354,"2","TCEB1"
2.04882339395625e-05,0.387471099990592,0.966,0.927,0.494852314342253,"2","SERP1"
2.12406011368681e-05,0.452780958026905,0.961,0.956,0.513024239258774,"2","CDKN1A"
2.15593021992956e-05,0.750738118815316,0.73,0.619,0.520721826019588,"2","WDR43"
2.24750256749627e-05,0.412848352118364,0.955,0.943,0.542839295127373,"2","RBM8A"
2.37653677946154e-05,0.431497216311089,0.978,0.982,0.574004928343347,"2","RGCC"
2.41923397160701e-05,0.78095217591431,0.725,0.624,0.584317581162241,"2","MGAT1"
2.60174341557608e-05,0.757499058484461,0.787,0.682,0.62839908716409,"2","UBE2D2"
2.76471873054764e-05,0.976610931345416,0.556,0.424,0.667762514989172,"2","ETS1"
2.92681265154928e-05,0.309772859691478,0.989,0.969,0.706913059728697,"2","SELM"
3.153411087536e-05,0.562340358237177,0.843,0.779,0.76164337997257,"2","GPX1"
3.27332340962747e-05,0.263618984940507,1,0.998,0.790605803127323,"2","H3F3B"
4.35147993474341e-05,0.384233185886797,0.916,0.893,1,"2","LMNA"
4.663630285553e-05,0.602271154032938,0.826,0.76,1,"2","HNRNPF"
4.74765479042677e-05,1.60273589529467,0.287,0.173,1,"2","SNAPC2"
4.83948005636582e-05,0.331324174756993,1,1,1,"2","MGP"
4.86394550024966e-05,1.50770036475881,0.281,0.169,1,"2","RASL11A"
5.44373638430036e-05,0.618397801228967,0.697,0.568,1,"2","AAMP"
5.90373117799852e-05,0.559387546385676,0.792,0.709,1,"2","HSPA2"
5.94081189870136e-05,0.656862435739769,0.455,0.329,1,"2","H2AFX"
6.08178423387854e-05,0.378844112640233,0.927,0.891,1,"2","RUNX1"
6.20012773431293e-05,0.483569526273683,0.927,0.874,1,"2","DUSP14"
6.33524314684602e-05,0.914612589547345,0.764,0.705,1,"2","DAB2"
6.58080457504936e-05,0.806655468431384,0.708,0.616,1,"2","ICAM1"
6.63295917920198e-05,0.653188953557583,0.77,0.744,1,"2","GSPT1"
6.68126040175372e-05,0.734373342669639,0.455,0.31,1,"2","PLA2G16"
7.03378281785715e-05,0.723216618920717,0.567,0.445,1,"2","MAP1LC3B2"
7.18792189397844e-05,0.703095143057306,0.652,0.513,1,"2","ZC3HAV1"
7.48466609431036e-05,0.282817204259812,0.949,0.95,1,"2","ARF1"
7.48486302878911e-05,0.290432803802806,1,0.972,1,"2","TNFRSF12A"
7.54642668449839e-05,0.704924177451859,0.854,0.801,1,"2","RNPS1"
8.06942678192254e-05,0.726664430316309,0.764,0.716,1,"2","C1R"
8.09694209128385e-05,0.714477401149903,0.365,0.224,1,"2","RP2"
8.20887765101173e-05,0.329324555057937,0.994,0.972,1,"2","SKP1"
8.66472295792824e-05,0.467960261287258,0.725,0.602,1,"2","ZFP36L1"
9.11846452811167e-05,0.592160375406957,0.719,0.624,1,"2","NEU1"
9.74612830266022e-05,0.295395129599098,0.994,0.982,1,"2","OAZ1"
0.00010272486756722,1.11763846000717,0.702,0.612,1,"2","NKX3-1"
0.000116841776914024,0.924878669797388,0.685,0.602,1,"2","RORA"
0.000124764252284335,0.491284955098027,0.764,0.661,1,"2","CDK2AP2"
0.000128411052293043,0.578879610214105,0.697,0.573,1,"2","CTR9"
0.00014837150204228,1.56368798643289,0.343,0.217,1,"2","LGR4"
0.000148491405159129,0.537629230815291,0.831,0.781,1,"2","TOP1"
0.00015373227395983,1.11641932163626,0.309,0.194,1,"2","ZNF703"
0.000154091166427268,0.907921492080795,0.579,0.493,1,"2","TXLNG"
0.000155783027609269,1.83564957789421,0.494,0.357,1,"2","SGCD"
0.000159988372644058,0.252701019599779,0.994,0.983,1,"2","NPM1"
0.000165696592735544,0.626663321094836,0.781,0.751,1,"2","EPB41L2"
0.00017421692421674,0.327235784667034,0.865,0.748,1,"2","CCL2"
0.000174892722164595,0.368633455121566,0.899,0.874,1,"2","TUBB2A"
0.000185576061285973,0.543861891460264,0.781,0.693,1,"2","CHD1"
0.000189915612099402,1.62153843992288,0.494,0.374,1,"2","SLPI"
0.000193107056898822,0.77260391522415,0.449,0.328,1,"2","KITLG"
0.000195003688608109,0.774670632401965,0.253,0.141,1,"2","AQP7P3"
0.000197800478701558,0.456181918362397,0.758,0.635,1,"2","ETNK1"
0.00020114849828095,0.552047978814229,0.657,0.541,1,"2","MAT2A"
0.000203881393964341,0.972276428599249,0.601,0.517,1,"2","GPATCH4"
0.000222584863935205,0.813300749534558,0.921,0.904,1,"2","DDIT4"
0.000226311637943942,0.277940986018214,0.978,0.976,1,"2","SON"
0.000240166435554915,1.12362896919895,0.652,0.562,1,"2","UBE2S"
0.000250851229309348,1.06904576856163,0.618,0.515,1,"2","SLC25A4"
0.000251818445351217,0.533197658183822,0.758,0.681,1,"2","VASN"
0.00026531042940722,0.342420941958063,0.888,0.865,1,"2","RSL1D1"
0.00026572123452438,0.570642880117567,0.809,0.736,1,"2","PRPF4B"
0.000266707102521949,0.253389231057647,0.64,0.52,1,"2","SERPINB9"
0.000276476969027447,0.29932702463572,0.994,0.978,1,"2","NUPR1"
0.000282731297083257,0.554058965053427,0.82,0.737,1,"2","SLC16A1"
0.000287086642464709,0.570481435144003,0.472,0.342,1,"2","ARID5A"
0.000302777366430353,0.703733951760883,0.584,0.475,1,"2","IMP3"
0.000309010741358733,0.334133739751197,0.803,0.757,1,"2","GTF2B"
0.000321881622163663,0.680182240627187,0.41,0.29,1,"2","AVPI1"
0.000340420277458118,0.266407816995531,0.933,0.892,1,"2","SBDS"
0.000340608217263738,1.54111229598292,0.275,0.174,1,"2","RAPGEF5"
0.000346346809305927,0.749185555906068,0.511,0.392,1,"2","UGCG"
0.00036675254838641,0.507383447308268,0.815,0.799,1,"2","SRGN"
0.000376627114164037,1.24742217018092,0.264,0.156,1,"2","ABCD4"
0.000381056894632383,0.976738519056238,0.517,0.394,1,"2","SMTN"
0.000387563800948101,0.857195345982688,0.534,0.428,1,"2","SPSB1"
0.00038874287057715,0.414683698187864,0.916,0.924,1,"2","EMP2"
0.000398533345690604,0.34158912781745,0.983,0.969,1,"2","EMP1"
0.000398886442137798,0.758819701086028,0.697,0.616,1,"2","NMB"
0.000401237394175637,0.667812745445002,0.444,0.329,1,"2","GLA"
0.000406621604975734,0.317638497192669,0.921,0.926,1,"2","HLA-C"
0.00042249399766106,0.505411502531496,0.837,0.805,1,"2","MRPS6"
0.000425733250525196,0.765904255708412,0.629,0.519,1,"2","LINC-PINT"
0.000429687914707362,0.909801589964391,0.382,0.271,1,"2","C18orf25"
0.000434919986154671,0.678130635807074,0.652,0.576,1,"2","STOM"
0.000448550049297782,0.443758927843344,0.798,0.733,1,"2","BPGM"
0.000454630956950121,0.474746889132105,0.871,0.812,1,"2","EIF5A"
0.000456517217250735,1.04108709635025,0.472,0.353,1,"2","MEPCE"
0.000485534014761177,0.445596000251968,0.758,0.701,1,"2","NASP"
0.000496260527248495,0.95829338595641,0.275,0.169,1,"2","TAF4B"
0.000499879297608718,0.405256859495132,0.927,0.901,1,"2","PNRC2"
0.0005022173696882,0.403415179191375,0.949,0.893,1,"2","PRDX6"
0.000506875515979405,0.274180887314204,0.646,0.512,1,"2","RSPO2"
0.00050959413590315,0.461085635413543,0.697,0.599,1,"2","LRRC8A"
0.000510393903003196,0.471203139121126,0.938,0.918,1,"2","APLP2"
0.000512721097471352,0.655783350087581,0.32,0.203,1,"2","KALRN"
0.000516679619629096,0.27027789492832,0.994,0.99,1,"2","ENO1"
0.000518098568718452,0.635016842796608,0.438,0.302,1,"2","USP38"
0.000521887266504062,0.701420258992038,0.657,0.589,1,"2","LUZP1"
0.000553220538632508,0.391942885355529,0.831,0.73,1,"2","ADRM1"
0.000571354546807818,0.50243481159734,0.826,0.743,1,"2","OSER1"
0.000618771501884002,0.382718606510995,0.927,0.901,1,"2","SDCBP"
0.000631835941291142,0.845356953596672,0.545,0.426,1,"2","SLC41A1"
0.000656276677349538,1.08792486167073,0.596,0.487,1,"2","NUP98"
0.000666695140741485,0.602858502016165,0.669,0.569,1,"2","LGALSL"
0.000674112681056904,0.30897160723934,0.848,0.753,1,"2","JUND"
0.000676105649573789,0.402509813134568,0.854,0.797,1,"2","SGMS2"
0.000702999018029992,0.96710382968664,0.449,0.337,1,"2","IL1RL1"
0.000708428369330891,0.346306587425985,0.657,0.515,1,"2","KIF21A"
0.00071098545655928,1.19883939874668,0.494,0.384,1,"2","MT1A"
0.000722865802925752,0.710149384531984,0.539,0.413,1,"2","FER"
0.000738389515583315,0.547128523853051,0.635,0.527,1,"2","TRMT10C"
0.000795220957325976,0.865637618927674,0.517,0.42,1,"2","POLE4"
0.000804499767073865,1.05024807411668,0.579,0.515,1,"2","PTTG1"
0.000805165397783483,0.726429427866698,0.657,0.583,1,"2","NGDN"
0.0008055246549478,1.19678442556844,0.354,0.251,1,"2","NFKBIB"
0.000825660726232726,0.499554277760825,0.775,0.704,1,"2","COQ10B"
0.000849552692932294,0.296779948382666,0.978,0.963,1,"2","UBE2D3"
0.000852049409143804,0.898124993515451,0.36,0.248,1,"2","DIO2"
0.000898936981990974,1.02899010934217,0.298,0.198,1,"2","MARCKSL1"
0.000900449604302518,0.387751163037284,0.916,0.895,1,"2","ATP6V0C"
0.000925414327063775,0.830777364973978,0.421,0.333,1,"2","SH2D4A"
0.000971258945647923,0.937153276280779,0.556,0.472,1,"2","STAM"
0.0010419040146008,0.661731663546915,0.601,0.493,1,"2","ANKRD28"
0.00104966128852837,0.522050906795199,0.478,0.365,1,"2","UPF3B"
0.0010748528792512,0.662944837960928,0.618,0.523,1,"2","CPSF6"
0.00109568118754209,0.825894451069648,0.399,0.289,1,"2","PPRC1"
0.00113245758254383,0.255210272082714,0.393,0.269,1,"2","COTL1"
0.00113382476026034,0.588958948361508,0.747,0.678,1,"2","IPO5"
0.00118333687038535,1.15991827807697,0.264,0.171,1,"2","LOC646626"
0.00119986090278529,1.04342071095088,0.287,0.189,1,"2","DRAM1"
0.0012154649279221,0.329173152466831,0.815,0.701,1,"2","SNHG15"
0.0012395986020377,0.664567354382744,0.287,0.187,1,"2","STK17B"
0.00126076028261134,0.364883923926809,0.86,0.773,1,"2","CTNNAL1"
0.00126194398832339,0.634099329079805,0.831,0.788,1,"2","G3BP1"
0.00129085287621271,0.528363340529789,0.82,0.807,1,"2","CHAC1"
0.00134190907771583,0.662784335105489,0.725,0.609,1,"2","TMEM165"
0.00135085029396247,0.402726920340188,0.77,0.714,1,"2","NDUFAF4"
0.00136253654923873,0.617278450192129,0.809,0.751,1,"2","KIF5B"
0.00136681937320984,0.665949175484879,0.691,0.622,1,"2","TIMM44"
0.00139497404258391,0.498569102354779,0.719,0.65,1,"2","NXT1"
0.00143058529290591,0.336268148501919,0.933,0.908,1,"2","LAMTOR5"
0.00144583292994306,0.563447594557546,0.803,0.732,1,"2","DHX15"
0.00145923835981851,0.454311374058993,0.371,0.258,1,"2","CNP"
0.00146426816048271,0.858764212945106,0.775,0.683,1,"2","AK6"
0.00151983141264465,0.974848352202123,0.376,0.273,1,"2","STK3"
0.00152877543203747,0.829831292013065,0.584,0.513,1,"2","TOB2"
0.00152994334412952,0.456082660024994,0.747,0.688,1,"2","NAMPT"
0.00156538980798635,0.665795824619228,0.348,0.241,1,"2","SMG1P2"
0.00165690101904106,0.447015408479897,0.753,0.638,1,"2","RAPGEF2"
0.00167162766708222,0.555045836265873,0.764,0.709,1,"2","DANCR"
0.00180677596661183,0.440553297004718,0.837,0.754,1,"2","KDM6B"
0.00182857329749772,0.592711769490937,0.669,0.568,1,"2","CUL1"
0.00183021766652996,0.432506978077486,0.798,0.731,1,"2","TPD52L1"
0.00185514636188554,0.843505768182579,0.427,0.337,1,"2","EFNA1"
0.00187681252098619,0.91147687703188,0.59,0.518,1,"2","RMND5A"
0.00188482115784192,0.942379645470733,0.36,0.257,1,"2","PTPN13"
0.00191776398369411,0.936104068676345,0.365,0.263,1,"2","SLC25A44"
0.00193623730013929,1.10270243390588,0.719,0.636,1,"2","GSTM3"
0.00194798336897293,0.799415233180975,0.376,0.274,1,"2","TBCC"
0.00195262842937785,0.30145843334083,0.972,0.952,1,"2","GPRC5A"
0.00199498189687633,0.620846234434431,0.635,0.556,1,"2","SMIM4"
0.00208177435051977,0.51391569827062,0.764,0.743,1,"2","PNISR"
0.00210104125674284,0.879921048714144,0.27,0.178,1,"2","LRIG1"
0.00216338746027645,0.293625182511625,0.978,0.965,1,"2","MORF4L2"
0.00216865648456616,0.414309049199203,0.725,0.667,1,"2","PELO"
0.00221279054177411,0.477411786025564,0.865,0.813,1,"2","KDSR"
0.00229549002982041,0.888879384554101,0.41,0.315,1,"2","PMF1"
0.00231095117982561,0.600463851852044,0.573,0.47,1,"2","RELT"
0.00241002763989793,0.529100926405217,0.848,0.826,1,"2","HSPB8"
0.00241308795406215,0.437384850141432,0.77,0.71,1,"2","CDC37"
0.00246095784358667,1.00349434815562,0.27,0.177,1,"2","ROM1"
0.00249960669783819,1.45238746818386,0.601,0.476,1,"2","SDHA"
0.00251526673669654,0.710412827008518,0.612,0.559,1,"2","SAFB2"
0.00253028585125107,0.36944586074047,0.882,0.838,1,"2","SNRPE"
0.00259834500847504,0.621104882203464,0.657,0.617,1,"2","ACAP2"
0.00272088336198026,0.610871624637644,0.461,0.362,1,"2","CNRIP1"
0.00274881133329257,1.23091062021322,0.376,0.285,1,"2","FBXO32"
0.00275994288469941,0.385325847485332,0.809,0.718,1,"2","SYNE1"
0.00277827512206085,0.330030555770808,0.916,0.887,1,"2","DDX24"
0.00280530621103478,0.449942576953481,0.264,0.171,1,"2","BIRC3"
0.00283761192174585,0.454830307440616,0.663,0.563,1,"2","PPP2R2A"
0.00284319250983742,0.319627239190858,0.949,0.91,1,"2","SF3B6"
0.00286187084022962,0.343314027687654,0.36,0.491,1,"2","MAN1A2"
0.00286862646781008,0.350282227126079,0.815,0.744,1,"2","PEA15"
0.00293760531260349,0.820496693856047,0.303,0.213,1,"2","CHKA"
0.00293779141734906,0.48795715346597,0.865,0.838,1,"2","EIF4E"
0.00295172838242003,0.516499512145606,0.607,0.515,1,"2","GJA1"
0.00297413020846173,0.445867754804476,0.315,0.214,1,"2","CDKL1"
0.00316049842167952,0.634969731216664,0.663,0.602,1,"2","TMED5"
0.00320567167102333,0.621524402750546,0.455,0.356,1,"2","PTHLH"
0.0032488520599563,0.630649643106087,0.629,0.545,1,"2","ATP6V0D1"
0.0033476625197598,0.520134248983918,0.871,0.84,1,"2","RABGEF1"
0.00338318537247371,0.532101324813406,0.635,0.522,1,"2","GBP2"
0.0034524019516149,0.750463397097431,0.489,0.391,1,"2","ZPR1"
0.0035092292474413,0.648183784943128,0.573,0.491,1,"2","RC3H1"
0.00359658563327386,0.590577037172939,0.59,0.527,1,"2","FOXO3"
0.00373019658456592,0.545018038691845,0.562,0.464,1,"2","CBR1"
0.00389959004867077,0.262242587948315,0.989,0.969,1,"2","HMGB1"
0.00397625773817561,0.35014615607138,0.809,0.734,1,"2","CAST"
0.00405022337825056,0.530629346775607,0.736,0.678,1,"2","RNH1"
0.00406365732153098,0.50873140201666,0.758,0.731,1,"2","PRPF40A"
0.00406871754234134,1.21386072305979,0.337,0.251,1,"2","TIFA"
0.00408228841124643,0.489315622013793,0.927,0.887,1,"2","DNAJB9"
0.00409462621758845,0.888332108007337,0.438,0.358,1,"2","UBIAD1"
0.00428875897604971,0.41455839133662,0.798,0.746,1,"2","MAPRE1"
0.00456309043079962,0.962869406499466,0.315,0.221,1,"2","ZNF143"
0.00459168677442974,1.1267236516111,0.382,0.295,1,"2","HIF1AN"
0.00459501494448499,0.775281617160559,0.657,0.597,1,"2","CHIC2"
0.00468408755830721,0.782694340122754,0.371,0.282,1,"2","PLIN2"
0.00486585698492206,0.333915526477241,0.955,0.932,1,"2","KTN1"
0.00495632101896141,0.954571929105769,0.264,0.183,1,"2","EZH2"
0.00508638505178448,1.14050724225691,0.309,0.228,1,"2","PES1"
0.00516056361343749,0.459339103541251,0.253,0.164,1,"2","LPXN"
0.00524126024510532,0.67073647585608,0.725,0.745,1,"2","ANP32B"
0.00524424975601855,1.37281713359334,0.506,0.432,1,"2","DDX39A"
0.00549195331905263,0.284134021469544,1,0.98,1,"2","NACA"
0.00550709916916237,0.371214997715096,0.624,0.524,1,"2","BAZ1A"
0.00566733886754017,0.281430070530275,0.933,0.89,1,"2","VAPA"
0.0056945350232067,0.32614096336232,0.725,0.622,1,"2","PNO1"
0.00573242722705153,0.631209499355044,0.539,0.466,1,"2","UBE2G2"
0.0058263417350613,0.9163717113996,0.292,0.207,1,"2","INSR"
0.00587803962331253,1.37362993703359,0.275,0.202,1,"2","KLHL11"
0.00606583288398227,0.284923957905878,0.511,0.4,1,"2","C3orf58"
0.00618372301241404,0.574760149923232,0.517,0.435,1,"2","TMEM106C"
0.00623564753973335,0.339216675505254,0.949,0.942,1,"2","LRP1"
0.00628556679205396,0.291754692902593,0.899,0.853,1,"2","DNAJC3"
0.006415200592029,0.349469236282476,0.837,0.784,1,"2","DPP7"
0.00641732770621205,0.503028189320696,0.444,0.337,1,"2","UBXN7"
0.00645668645200648,0.660959885879514,0.522,0.474,1,"2","CLTB"
0.00661239202887267,1.4457108501239,0.292,0.209,1,"2","CCDC71L"
0.00666825107047254,0.447277025833682,0.843,0.765,1,"2","TFRC"
0.00669922796337655,0.70860075513042,0.489,0.389,1,"2","FGFR2"
0.00671538013371904,0.700838367143755,0.427,0.333,1,"2","ZCCHC8"
0.00678276877863906,0.394769324669985,0.798,0.757,1,"2","MRPL32"
0.00708035849608502,0.351246200117406,0.927,0.923,1,"2","CD44"
0.00708615744053317,0.283575997648326,0.978,0.953,1,"2","DDX3X"
0.00712959827659894,0.370140020004759,0.522,0.427,1,"2","ERO1LB"
0.00713943320432062,0.965550488662225,0.326,0.24,1,"2","CDKN2B"
0.00716044632077871,0.326017846400948,0.82,0.819,1,"2","WSB1"
0.00716197547313469,0.303053544304085,0.461,0.37,1,"2","NOP2"
0.00718694837676608,0.957232449764771,0.494,0.405,1,"2","TGM2"
0.0074752349973755,0.647706576935484,0.197,0.296,1,"2","MCEE"
0.00762532041386288,0.285942154795427,0.646,0.535,1,"2","DMKN"
0.00763818985328705,0.641989963906083,0.584,0.522,1,"2","FNBP4"
0.0076670667488009,0.406031457935557,0.629,0.574,1,"2","KIAA1191"
0.00771456828526411,1.68616366907706,0.275,0.191,1,"2","CXCL2"
0.00794801834997829,0.921115773033745,0.455,0.408,1,"2","TP53RK"
0.00810840990947595,0.498956992220588,0.371,0.269,1,"2","COX11"
0.00821092632803174,0.419897133618726,0.781,0.763,1,"2","DAZAP2"
0.00842443287378701,0.747419526128744,0.253,0.174,1,"2","PIM2"
0.00857378417673009,0.901612277120134,0.292,0.205,1,"2","NTN1"
0.00873063096447125,0.702564541017927,0.517,0.448,1,"2","GRWD1"
0.00875831967556241,0.709412082191284,0.298,0.215,1,"2","EMC8"
0.0089304668272781,0.353523548455759,0.764,0.716,1,"2","NOLC1"
0.00915910706712162,0.633381753251072,0.59,0.514,1,"2","BRIX1"
0.00929999606528395,0.836037307916169,0.393,0.319,1,"2","FARSA"
0.00947113487487508,0.585059754430765,0.315,0.234,1,"2","IQCA1"
0.00949734708968204,1.13684688690959,0.331,0.25,1,"2","H1FX"
0.00950569097996026,0.673699006214175,0.455,0.368,1,"2","LATS2"
0.00969485144160206,0.511642245612733,0.77,0.735,1,"2","PNN"
0.00979544137063857,0.548574636704137,0.764,0.739,1,"2","OSBPL8"
0.00986106281006893,0.865266342504611,0.416,0.344,1,"2","LRRC41"
0.00995743294918484,0.288160017647884,0.882,0.823,1,"2","IST1"
2.86787497739849e-56,2.49844653164889,0.792,0.235,6.92677843291058e-52,"3","DDX3Y"
3.36041020635315e-40,1.92600467012612,0.958,0.948,8.11639877140476e-36,"3","BMP2"
3.91438750720377e-39,1.60566163409668,0.708,0.218,9.45442014614926e-35,"3","RPS4Y1"
5.00630439980876e-31,6.27020811211345,0.274,0.037,1.20917270168581e-26,"3","DLK1"
3.16935509806798e-30,1.60128286097655,0.887,0.959,7.65494336836358e-26,"3","RTN4"
8.53472825767909e-28,1.08159219826565,0.964,0.992,2.06139291607723e-23,"3","BTG1"
1.22374027214438e-27,1.43208603226694,0.946,0.957,2.95569987931033e-23,"3","FGF2"
1.34930840797686e-27,1.24573876691198,1,0.997,3.2589845977865e-23,"3","MMP3"
1.86998060182554e-27,1.18931348516348,0.976,0.992,4.51656414758923e-23,"3","ERRFI1"
1.09329800575839e-22,1.30638779467784,0.97,0.978,2.64064267330823e-18,"3","C11orf96"
9.24844299542567e-22,0.559119771581697,0.994,0.998,2.23377643668516e-17,"3","TPT1"
9.59980974284721e-22,0.904914523373166,0.923,0.976,2.31864204718989e-17,"3","SLC39A14"
1.27198045811705e-21,1.42423692717526,0.875,0.856,3.07221440049011e-17,"3","P3H2"
1.71164366333804e-21,1.29701742692322,0.851,0.901,4.13413294006036e-17,"3","SFPQ"
2.37469874918058e-21,1.35519384739343,0.875,0.882,5.73560988889585e-17,"3","DDX21"
3.58333101510452e-20,1.46976099698209,0.869,0.89,8.65481940078196e-16,"3","PTRF"
5.41739529840789e-20,0.868505399365544,1,0.996,1.30846348642446e-15,"3","CD55"
7.98538071173832e-19,2.19992458069503,0.708,0.462,1.92870900330616e-14,"3","TGFB1"
1.26375229382822e-18,1.84991600384107,0.952,0.939,3.0523409152833e-14,"3","PTGS2"
1.91621871942694e-18,1.15412518252887,0.982,0.97,4.62824307303189e-14,"3","EMP1"
2.33095414914478e-18,1.02883402146908,0.94,0.966,5.62995355642938e-14,"3","UGDH"
6.98797175493776e-18,4.1493530514509,0.952,0.876,1.68780481797012e-13,"3","SLC5A12"
1.13112924294357e-17,1.82278084212334,0.81,0.787,2.73201646048161e-13,"3","RYBP"
1.83225781453325e-17,0.698094898068919,0.976,0.985,4.42545229944216e-13,"3","ATF4"
3.66218139378408e-17,0.779833385693376,0.911,0.98,8.8452667204067e-13,"3","RPS2"
6.97021438905606e-17,3.40166141908771,0.988,0.981,1.68351588138871e-12,"3","ZNF585B"
9.69555717701641e-17,0.389768152027334,1,1,2.34176792496477e-12,"3","EEF1A1"
2.29572300654168e-16,0.75442124473921,1,1,5.54485977770012e-12,"3","BGN"
2.4805787020891e-16,2.95907010908432,0.929,0.897,5.99134173915579e-12,"3","LINC00958"
2.60298146612389e-16,0.811053489577642,0.988,0.996,6.28698113512903e-12,"3","INHBA"
1.13817063726493e-15,1.20049892910096,0.881,0.942,2.74902354018599e-11,"3","PMEPA1"
4.43000134695211e-15,1.16008908708797,0.863,0.85,1.06997822532934e-10,"3","NOTCH2"
5.24921405076906e-15,1.42179204844131,0.869,0.881,1.26784266968225e-10,"3","ELL2"
5.97647541495506e-15,0.847678685338448,0.887,0.971,1.4434981069741e-10,"3","COL6A2"
1.37814198520858e-14,1.59806070442509,0.762,0.645,3.32862633687428e-10,"3","METRNL"
1.45880972710881e-14,0.749918229431618,0.946,0.959,3.5234631338859e-10,"3","CHI3L2"
1.61842492876313e-14,1.09063161715022,0.875,0.912,3.9089817304416e-10,"3","NFATC2"
3.20242219566842e-14,0.733527674714147,0.935,0.971,7.73481032919794e-10,"3","SOD3"
5.50885128879102e-14,0.578044518024317,0.923,0.961,1.3305528517817e-09,"3","COL6A1"
8.08437441893301e-14,0.740951575207925,0.875,0.952,1.95261895340489e-09,"3","NAP1L1"
1.52395834829643e-13,1.42002594005505,0.75,0.65,3.68081659864038e-09,"3","HNRNPAB"
2.25961752907421e-13,1.85649733039196,0.732,0.612,5.45765421797295e-09,"3","CHSY1"
2.57469328397532e-13,1.21096725097478,0.821,0.837,6.21865668878559e-09,"3","ACTN1"
3.28504914411744e-13,1.48096731991005,0.78,0.721,7.93437919778684e-09,"3","ST3GAL1"
4.4142402600472e-13,0.54537884021246,0.994,0.999,1.0661714500092e-08,"3","ACTG1"
1.04939769266781e-12,0.708177888170445,0.923,0.959,2.53461024710056e-08,"3","GPRC5A"
1.35803162246821e-12,0.537149634176965,0.929,0.996,3.28005377774748e-08,"3","RPS8"
1.54563370623841e-12,1.55753632096129,0.786,0.783,3.73316909067762e-08,"3","SNX9"
1.9224225296856e-12,1.73225368306549,0.69,0.567,4.64322713594962e-08,"3","FAM101B"
2.25546057080507e-12,0.924331447864103,0.851,0.915,5.44761391666549e-08,"3","MSN"
3.33031296670383e-12,1.28093661428595,0.869,0.853,8.04370490847976e-08,"3","VEGFA"
3.71987282937471e-12,1.71164823633051,0.661,0.511,8.98460884478873e-08,"3","EIF3B"
5.56891757542557e-12,1.47482348011736,0.762,0.691,1.34506066199254e-07,"3","EPAS1"
5.87917070822639e-12,1.02542546443903,0.839,0.905,1.41999610115792e-07,"3","IL6ST"
8.28719685428163e-12,1.57589996290701,0.72,0.616,2.00160665621464e-07,"3","SLC4A7"
9.07345617023455e-12,0.42982634440918,0.988,1,2.19151186879675e-07,"3","VIM"
1.18268238595071e-11,0.94248345464699,0.881,0.939,2.85653276678676e-07,"3","LRRFIP1"
1.52556297761664e-11,0.983911784295967,0.869,0.896,3.68469225983748e-07,"3","TXNRD1"
2.05716693127056e-11,1.10169201159295,0.875,0.863,4.96867528909779e-07,"3","KIAA0040"
2.61826176773489e-11,0.580167816017845,0.458,0.73,6.32388764761009e-07,"3","TMED3"
2.92688787082396e-11,1.39859827791853,0.75,0.666,7.0693122744011e-07,"3","MAPKAPK2"
2.98557545238716e-11,0.728674035946057,0.905,0.964,7.2110603901507e-07,"3","XBP1"
4.57969084233309e-11,0.625708692307762,1,1,1.10613272914871e-06,"3","COMP"
7.93616928619323e-11,1.41095464863911,0.726,0.667,1.91682296769425e-06,"3","EIF4G1"
8.07212828072555e-11,1.92826470183842,0.786,0.785,1.94966114364364e-06,"3","ATP13A3"
8.31875431232655e-11,0.826334249208182,0.875,0.863,2.00922872905623e-06,"3","PTPRE"
1.24568499093366e-10,0.731777487924507,0.857,0.882,3.00870295860207e-06,"3","COL6A3"
1.72203426708114e-10,1.50344776507195,0.631,0.479,4.15922936528107e-06,"3","MAP4K4"
2.00852872848759e-10,1.50177362680332,0.601,0.427,4.85119943791608e-06,"3","KPNB1"
2.20168530177297e-10,1.35795266628198,0.786,0.742,5.31773050937225e-06,"3","NFIL3"
3.04651673587647e-10,3.86316690868285,0.756,0.637,7.35825187216245e-06,"3","HSD3BP4"
3.25462658702536e-10,1.66194105025756,0.5,0.3,7.86089959564236e-06,"3","CLMP"
3.73637430543644e-10,0.50185980811612,0.935,0.993,9.02446485992062e-06,"3","RPL4"
3.80746830900992e-10,0.878731438339082,0.875,0.931,9.19617820675165e-06,"3","CD44"
6.73794883927785e-10,1.22331667226252,0.744,0.685,1.62741678315078e-05,"3","CEBPB"
6.93050440114453e-10,0.880660954094938,0.952,0.969,1.67392472800844e-05,"3","SERPINE2"
7.02072448546048e-10,1.43765575744923,0.714,0.667,1.69571558497327e-05,"3","IPO7"
7.71582578480407e-10,1.21563806048205,0.774,0.789,1.86360340180373e-05,"3","CDV3"
9.0889462934191e-10,1.59457504724204,0.571,0.405,2.19525319824951e-05,"3","PHC2"
9.96878106103576e-10,0.70595391252538,0.881,0.927,2.40775968967197e-05,"3","MTHFD2"
1.13058642058613e-09,3.26473905186895,0.28,0.115,2.73070538164167e-05,"3","MMP1"
1.21272437355302e-09,1.28114292235595,0.762,0.752,2.92909317944261e-05,"3","PEA15"
1.22353482546494e-09,1.0369962712213,0.81,0.84,2.95520366394546e-05,"3","RAC1"
1.52759136086661e-09,1.92821675340379,0.714,0.654,3.68959141390111e-05,"3","SLC7A5"
1.97454248318225e-09,1.94881462268731,0.655,0.506,4.7691124596301e-05,"3","IFITM10"
2.31444821024353e-09,1.23089848710891,0.726,0.676,5.59008676220119e-05,"3","GLIS3"
4.78227717391745e-09,0.86329352367458,0.839,0.902,0.000115506340581628,"3","AMD1"
6.05027008705119e-09,0.602268234992645,0.911,0.982,0.000146132173412547,"3","EIF4G2"
7.0441408718474e-09,0.7848956801025,0.875,0.93,0.00017013713447773,"3","FERMT2"
7.31640861827886e-09,0.975539779312739,0.857,0.91,0.000176713217357289,"3","TGFBR1"
8.61621854105946e-09,0.609372837390727,0.917,0.978,0.000208107526422209,"3","DST"
8.66553832137907e-09,1.58006326945327,0.417,0.225,0.000209298747076269,"3","ALYREF"
9.66887594775321e-09,1.75069708703518,0.423,0.236,0.000233532360766083,"3","MESDC1"
1.18943547313098e-08,1.11310951735371,0.72,0.612,0.000287284349825325,"3","ARHGAP21"
1.29918836671246e-08,0.961217962057497,0.786,0.857,0.00031379296621206,"3","NR3C1"
1.31260803494524e-08,1.48397498338507,0.268,0.111,0.000317034218680325,"3","EIF1AY"
1.4769808959455e-08,2.09567673378283,0.28,0.121,0.000356735195797718,"3","DDX51"
1.48095807776196e-08,0.605596326987035,0.405,0.635,0.000357695804521847,"3","DCXR"
1.57170030779218e-08,0.715821432864419,0.952,0.961,0.000379612775341044,"3","FGF1"
1.81608343997126e-08,0.91235483590644,0.851,0.922,0.000438638633256259,"3","GLS"
1.95017728374077e-08,0.654828881640148,0.869,0.89,0.000471026319341909,"3","GARS"
2.02199833435908e-08,1.21397140848966,0.78,0.764,0.00048837325769775,"3","JUND"
2.0645331175191e-08,1.01486834118828,0.774,0.743,0.000498646683874388,"3","UBL3"
3.50962053584234e-08,1.16978573200479,0.685,0.621,0.000847678648022001,"3","RIF1"
3.60969084515715e-08,1.81262944364448,0.476,0.313,0.000871848629830807,"3","NOL9"
3.61436307423236e-08,1.53677557942443,0.649,0.532,0.000872977113319341,"3","SHISA2"
3.64103799112172e-08,2.44126309226181,0.333,0.163,0.000879419905995629,"3","CENPB"
3.67721134051365e-08,4.10225343270047,0.393,0.221,0.000888156855074261,"3","PARP12"
3.80540369172734e-08,0.490473926166563,0.47,0.687,0.000919119153662904,"3","EMC4"
4.11780027061278e-08,0.868875881289359,0.637,0.479,0.000994572299361106,"3","FBL"
5.56510306661544e-08,1.04334462261966,0.798,0.806,0.00134413934367963,"3","SGMS2"
5.62428748666892e-08,0.654435434887195,0.19,0.417,0.00135843415665514,"3","RSU1"
6.48651033475842e-08,0.524244384584065,0.518,0.757,0.0015666868411542,"3","CAPZA2"
7.92628480700903e-08,0.957785903032563,0.798,0.85,0.00191443556943689,"3","EIF3A"
8.71878645442551e-08,1.27765691791762,0.589,0.409,0.00210584849233739,"3","PPP1CC"
9.86201981318614e-08,1.49029337500702,0.81,0.918,0.00238197364547885,"3","EIF5B"
9.9141909134874e-08,1.98708022487767,0.357,0.197,0.00239457453133461,"3","UCK2"
1.01277022939042e-07,0.53491310342922,0.315,0.537,0.00244614393504669,"3","RAB13"
1.05293408410054e-07,0.509654281896128,0.94,0.965,0.00254315169332804,"3","PNP"
1.09026115426805e-07,1.9301950119599,0.577,0.447,0.00263330776590362,"3","FAM208B"
1.09913545085155e-07,0.563994044639248,0.875,0.962,0.00265474185444176,"3","PABPC1"
1.1911502883956e-07,1.67950546123681,0.786,0.712,0.00287698529156189,"3","GREM1"
1.21593645218336e-07,0.664611835797426,0.75,0.891,0.00293685131295847,"3","SPCS1"
1.27298045090336e-07,1.06258306025292,0.762,0.75,0.00307462968306688,"3","SNHG16"
1.29431214936954e-07,0.319900949882212,0.887,0.977,0.00312615213437225,"3","IFITM1"
1.30700958940901e-07,1.14109674176757,0.708,0.651,0.00315682026129957,"3","KPNA4"
1.39409109187804e-07,1.29595206033952,0.685,0.62,0.00336714821421302,"3","UBE3A"
1.41315172832381e-07,1.61162929778044,0.315,0.156,0.00341318536942049,"3","DHX33"
1.41536470712274e-07,1.05836542445611,0.696,0.64,0.00341853037711355,"3","SLC7A1"
1.43938352023773e-07,1.39630698553522,0.786,0.825,0.00347654301643018,"3","RAPH1"
1.48651739866932e-07,0.460853527084029,0.22,0.445,0.00359038547300602,"3","CHMP4A"
1.54391199514479e-07,1.27072185390304,0.625,0.504,0.0037290106418732,"3","SACS"
1.83938881640033e-07,0.7819525965882,0.798,0.753,0.00444267580825171,"3","MFI2"
1.87189497926737e-07,1.65945787067352,0.494,0.351,0.00452118794342448,"3","HIPK2"
1.94525620232993e-07,1.91511224865606,0.744,0.724,0.00469837730548748,"3","RBMS1"
2.06013793217861e-07,0.489597214897935,0.917,0.946,0.00497585114759101,"3","HSPA9"
2.10086514248282e-07,1.4944496404466,0.565,0.42,0.00507421957863876,"3","GATAD2A"
2.31119685740543e-07,0.61799545889895,0.56,0.837,0.00558223376969134,"3","MRPS21"
2.34176084914634e-07,2.06405779825536,0.857,0.901,0.00565605497894315,"3","LINC00504"
2.36642607780993e-07,1.81657455680498,0.78,0.768,0.00571562890573432,"3","PDE4B"
2.53754616162695e-07,1.07501976968313,0.768,0.733,0.00612893524417756,"3","TRIB1"
2.75458810380847e-07,1.11283781266199,0.75,0.718,0.00665315664712861,"3","NOLC1"
2.93393972114418e-07,0.470428025785362,0.452,0.707,0.00708634460847955,"3","CDK2AP2"
3.22861538610114e-07,0.680674201689402,0.851,0.92,0.00779807474205008,"3","TUBA1C"
3.33007362310472e-07,1.95205560035307,0.292,0.142,0.00804312682188483,"3","CLIC6"
3.40139112156044e-07,1.5478709277736,0.44,0.282,0.00821537997590494,"3","MDN1"
3.74625381850474e-07,1.22381508316218,0.607,0.471,0.0090483268478345,"3","USP7"
3.86166968860285e-07,0.505220209703235,0.911,0.961,0.00932709079888246,"3","RSL24D1"
4.11943983650386e-07,1.35630506379312,0.702,0.618,0.00994968303710778,"3","RAB21"
4.61169299043519e-07,1.6635553567111,0.345,0.199,0.0111386220797981,"3","YRDC"
4.68632199791776e-07,0.923012423336487,0.798,0.78,0.0113188735215708,"3","ETF1"
4.74091543560768e-07,1.32330346130437,0.542,0.387,0.0114507330516232,"3","TRIM44"
4.75614449439279e-07,0.792136242464064,0.821,0.909,0.0114875157973069,"3","YBX3"
4.85423824995701e-07,0.644282372028025,0.863,0.935,0.0117244416451212,"3","PRNP"
5.08458639668442e-07,0.981045742641259,0.762,0.766,0.0122808015239119,"3","KDM6B"
5.65155141727378e-07,1.19870902766762,0.595,0.468,0.0136501921381414,"3","LRRC8C"
5.76204432252078e-07,1.52970921093866,0.524,0.374,0.0139170656521844,"3","SKI"
6.2164824441823e-07,1.22747109202211,0.75,0.744,0.0150146700474335,"3","NPTN"
6.26108361116229e-07,1.44090218613345,0.571,0.439,0.0151223952460403,"3","CHMP4B"
6.67285715197038e-07,0.618434117379622,0.827,0.908,0.016116951879154,"3","SERBP1"
7.16221357776363e-07,1.92838147750803,0.304,0.156,0.0172988944543725,"3","CMIP"
7.24988463122532e-07,1.11184351555611,0.494,0.337,0.0175106463497985,"3","ASXL1"
7.26357646416357e-07,1.79897301576049,0.381,0.241,0.0175437162338943,"3","MBD2"
7.31495341107873e-07,0.758408757541487,0.786,0.875,0.0176678069737785,"3","SET"
7.73785191657659e-07,1.01386188255023,0.792,0.83,0.0186892337341074,"3","EIF3J"
7.98680452520593e-07,1.05930328691035,0.708,0.629,0.0192905289697299,"3","ANKRD11"
8.15366835301901e-07,1.8273642505234,0.726,0.675,0.0196935551730468,"3","ATP2A2"
9.30867474171834e-07,1.30473517649769,0.506,0.366,0.0224832421036723,"3","SPOCK1"
9.77507666282037e-07,0.488168412212902,0.875,0.916,0.0236097426637101,"3","CRTAC1"
1.05774950660683e-06,0.522955411267547,0.845,0.87,0.0255478238330748,"3","PLAUR"
1.06026959008312e-06,1.43659333477902,0.274,0.135,0.0256086914092776,"3","FAM89A"
1.14345137817812e-06,1.11839895607056,0.315,0.538,0.027617781137136,"3","UBE2E3"
1.27691400221755e-06,1.33856362420497,0.702,0.663,0.0308413038955605,"3","CDR1"
1.28355073157821e-06,1.36209618508948,0.679,0.577,0.0310016008198086,"3","RASSF8"
1.59756832341695e-06,0.695036908254283,0.786,0.755,0.0385860677154896,"3","SLC38A1"
1.63161634597876e-06,0.262510447495145,0.369,0.583,0.039408429604425,"3","COPG1"
1.71777441800805e-06,1.35019080284978,0.327,0.181,0.0414894055181485,"3","RBM15"
1.71997979615245e-06,0.479761279871051,0.97,0.983,0.0415426720164702,"3","RGCC"
1.72301293285365e-06,1.38440791201916,0.595,0.474,0.0416159313672142,"3","ZSWIM6"
1.76616237752288e-06,1.04287182200992,0.714,0.704,0.0426581199043101,"3","GCLM"
1.82643787435684e-06,0.565370054446441,0.875,0.975,0.0441139539793409,"3","PLOD2"
1.98809990757379e-06,1.01050777405567,0.601,0.453,0.0480185770676297,"3","SRM"
2.08062878976695e-06,1.24771297291156,0.56,0.428,0.0502534271592412,"3","ABCF2"
2.20910018244897e-06,1.13242787976266,0.643,0.567,0.05335639670669,"3","DENND5A"
2.234686404909e-06,1.14819992035802,0.726,0.712,0.053974380737767,"3","PPP2CB"
2.26762501110514e-06,1.14874328203106,0.56,0.436,0.0547699468932225,"3","ANKLE2"
2.28046537340515e-06,0.75885763714468,0.815,0.952,0.0550800801638547,"3","RPS10"
2.40535455494278e-06,0.92105243515503,0.762,0.746,0.0580965285655329,"3","LTBP2"
2.47766120202993e-06,1.7844807979618,0.345,0.206,0.0598429510126288,"3","STX6"
2.65087635200341e-06,0.924944697112473,0.762,0.748,0.0640266165299383,"3","SYNCRIP"
2.67428294832997e-06,2.04589996143466,0.399,0.258,0.0645919560510138,"3","PITPNM2"
2.74425174144137e-06,0.795817994057031,0.78,0.746,0.0662819123110333,"3","MXRA7"
2.84381764280978e-06,1.38905367224624,0.685,0.64,0.0686867275267846,"3","OGT"
2.88021933994828e-06,2.05065409583824,0.768,0.884,0.0695659377177708,"3","OPHN1"
2.89789325415865e-06,0.864316406482062,0.506,0.341,0.0699928157676939,"3","AGO2"
3.01094927874285e-06,0.850398897174922,0.786,0.83,0.0727234579294761,"3","PCBP2"
3.06401119946355e-06,1.07263005289316,0.708,0.688,0.074005062500643,"3","SIPA1L2"
3.59807350087123e-06,1.10750616648355,0.714,0.677,0.0869042692665428,"3","PSME4"
3.66417474345772e-06,0.872789769913351,0.595,0.455,0.0885008125787342,"3","MAN1A2"
3.95876930382373e-06,1.40107934650651,0.405,0.264,0.0956161549952545,"3","C16orf52"
4.37684277102004e-06,1.64204397879922,0.363,0.224,0.105713883448447,"3","KIRREL"
4.51328943608819e-06,0.471508710309129,0.899,0.965,0.109009479749838,"3","ANKH"
4.71148686156539e-06,1.31367572419266,0.405,0.267,0.113796542167389,"3","POM121C"
4.82807211880159e-06,0.468556435013861,0.917,0.96,0.116612425885415,"3","LINC00152"
4.96118462427054e-06,0.702050683923551,0.881,0.92,0.119827492230006,"3","HBEGF"
5.65630319280409e-06,2.90473697868916,0.47,0.328,0.136616691015797,"3","ABCC1"
5.67738633361738e-06,1.06720477904386,0.512,0.383,0.137125912115861,"3","NBPF8"
5.80304006450319e-06,1.4566666766117,0.435,0.286,0.140160826677945,"3","TOMM40"
6.59134884019145e-06,2.3926136988288,0.113,0.284,0.159200848537144,"3","LYPLAL1"
6.8511846190486e-06,1.89058574609729,0.625,0.569,0.165476662103881,"3","SYNJ2"
7.03862263384239e-06,1.04241584310227,0.726,0.717,0.170003852475195,"3","PPP1R15B"
7.47634051220607e-06,1.22952458896292,0.536,0.392,0.180576052391313,"3","SMTN"
7.6275659409544e-06,1.11238317839669,0.571,0.443,0.184228600171872,"3","HNRNPA0"
8.20207839746136e-06,0.890915133141067,0.78,0.798,0.198104799533884,"3","C1orf198"
8.21507772142247e-06,1.15731510379939,0.571,0.449,0.198418772205517,"3","BMP6"
8.25603619866035e-06,0.652583902596605,0.821,0.933,0.199408042306243,"3","EEF2"
9.09749388280372e-06,0.72151460367244,0.208,0.416,0.219731769751358,"3","FST"
9.42067570756258e-06,1.91214294796592,0.494,0.359,0.227537580364759,"3","SOX8"
1.02091143473945e-05,1.10367924503156,0.744,0.733,0.24658073883262,"3","THBD"
1.11272907366909e-05,0.987083306073484,0.804,0.865,0.268757453163295,"3","MT1G"
1.19999767511822e-05,1.0672739429497,0.458,0.309,0.289835438471305,"3","MUC1"
1.20692220311951e-05,0.767141423864425,0.696,0.625,0.291507919719455,"3","WDR43"
1.24726583276462e-05,0.394192182252329,0.548,0.738,0.301252116587638,"3","STK26"
1.35416540903539e-05,1.21917734900838,0.649,0.559,0.327071571244318,"3","MED13"
1.39113950261151e-05,2.23907491062608,0.452,0.345,0.336001924065757,"3","SLC15A4"
1.40281129047496e-05,1.31920360136495,0.53,0.42,0.338821010988417,"3","FZD8"
1.42599296828067e-05,2.1044174638424,0.649,0.554,0.344420081628831,"3","HTRA3"
1.42930103771718e-05,0.692224259825195,0.845,0.895,0.34521907963983,"3","EIF3E"
1.45147761428577e-05,0.302145955816597,0.321,0.507,0.350575388178442,"3","C21orf59"
1.58503610199561e-05,1.23887656472974,0.452,0.307,0.382833769715001,"3","FNDC1"
1.58896111216573e-05,0.559459680773169,0.25,0.445,0.38378177742139,"3","TMEM50B"
1.66932551430869e-05,3.57686730845946,0.446,0.324,0.403192191470977,"3","RBM47"
1.76335779432576e-05,0.546712765276569,0.857,0.978,0.425903808063501,"3","RPL17"
1.93888063346395e-05,0.518478209673188,0.119,0.271,0.468297839400548,"3","PHYH"
1.95556467292671e-05,1.60427899746388,0.405,0.275,0.472327535451988,"3","MT1H"
2.0292530124323e-05,1.13545829660203,0.315,0.185,0.490125480092774,"3","RCC2"
2.0507428125692e-05,0.258730282687466,0.726,0.922,0.495315911519839,"3","OAT"
2.07294034319338e-05,0.296877404702985,0.613,0.821,0.500677281091496,"3","SEC13"
2.16353109566922e-05,0.719160898896932,0.81,0.809,0.522557665536987,"3","CHAC1"
2.18527550644597e-05,1.11885759204654,0.583,0.479,0.527809593071894,"3","ADIPOR2"
2.34389157163756e-05,1.12752531480144,0.577,0.486,0.566120131297621,"3","MDFIC"
2.41724496414178e-05,0.320906323913722,0.893,0.987,0.583837176189165,"3","GNB2L1"
2.42087174446314e-05,1.33209314301139,0.429,0.292,0.584713152440183,"3","MICAL3"
2.70299404701636e-05,1.34942154077206,0.583,0.516,0.652854152175862,"3","HK2"
2.95957024688057e-05,0.680940346731255,0.286,0.475,0.714825001729065,"3","ZNRD1"
3.27335780290089e-05,2.28319029211325,0.28,0.163,0.790614110134653,"3","SHROOM4"
3.32074733995177e-05,0.957678889054157,0.696,0.7,0.80206010501855,"3","PITPNB"
3.46479888744696e-05,0.644535174655138,0.845,0.903,0.836852875285064,"3","RUNX1"
3.62992010745372e-05,0.920176357127092,0.732,0.749,0.876734603553297,"3","GSPT1"
3.81130193985462e-05,0.79615860687382,0.827,0.884,0.920543757533086,"3","KLHL21"
4.02929134589626e-05,0.975448509582646,0.238,0.392,0.973194738774324,"3","CUEDC2"
4.14311086360387e-05,1.12847662824485,0.357,0.222,1,"3","ADNP2"
4.174973925427e-05,1.79338487320593,0.387,0.275,1,"3","E2F4"
4.31352169335351e-05,0.771091934539846,0.423,0.621,1,"3","MPLKIP"
4.37176224493364e-05,1.06237452651536,0.601,0.528,1,"3","DKC1"
4.45449452722211e-05,1.67952899148525,0.411,0.29,1,"3","STK4"
4.73207649611052e-05,0.661607854552502,0.845,0.864,1,"3","ITGA5"
4.78678772390133e-05,0.742224443485609,0.839,0.827,1,"3","HSPB8"
4.80384154315704e-05,1.14021623425188,0.655,0.625,1,"3","RANBP2"
5.39878474894374e-05,0.333369441286063,0.988,0.998,1,"3","COL2A1"
5.46915506387069e-05,0.691756762491584,0.619,0.515,1,"3","GPATCH4"
5.75200060141679e-05,1.00426844949832,0.137,0.293,1,"3","JADE1"
5.84146088814108e-05,2.88648805075953,0.512,0.41,1,"3","WIPI2"
6.11652763237077e-05,1.30250877853713,0.25,0.136,1,"3","WIZ"
6.35118797926941e-05,1.15414056192332,0.696,0.66,1,"3","FAM3C"
6.40307709578777e-05,0.787479318832515,0.81,0.889,1,"3","LINC00657"
6.42123509217338e-05,0.708505254611256,0.833,0.907,1,"3","CTNNA1"
6.50876216614616e-05,1.43520568189004,0.405,0.289,1,"3","PPRC1"
6.58740207768786e-05,0.924325658551681,0.756,0.799,1,"3","AKAP13"
6.59228386367287e-05,0.391438028808038,0.875,0.961,1,"3","PAPSS2"
7.02484956601547e-05,0.488652959240929,0.869,0.954,1,"3","NCL"
7.7400497010423e-05,0.928460597667405,0.583,0.444,1,"3","YY1"
7.83214427617479e-05,0.848836766428603,0.732,0.714,1,"3","AFF4"
8.05468938478598e-05,0.95277309458163,0.512,0.382,1,"3","MLXIP"
8.22973060154084e-05,0.371519279040941,0.179,0.363,1,"3","DHCR7"
8.40416144447992e-05,1.34704627281278,0.494,0.379,1,"3","NBPF15"
8.55518616605947e-05,1.11663645915972,0.435,0.312,1,"3","UBASH3B"
8.87545065068354e-05,0.719496244644366,0.804,0.799,1,"3","UPP1"
9.0659784924835e-05,1.68824770335749,0.411,0.306,1,"3","RRAS2"
9.10013716423793e-05,1.69147943199909,0.298,0.18,1,"3","TTLL4"
9.3183764222362e-05,1.68269307397867,0.589,0.481,1,"3","KIAA0368"
9.39491705070064e-05,1.04285808830086,0.673,0.658,1,"3","OSMR"
0.000103840989537306,0.312950048841362,0.976,0.996,1,"3","ACAN"
0.000104663447283676,1.88922676148234,0.369,0.252,1,"3","KREMEN1"
0.000105588054785649,0.999379961627618,0.667,0.691,1,"3","IPO5"
0.000106956325000133,1.62356904456601,0.286,0.17,1,"3","C10orf2"
0.000108336057190578,0.84781588401581,0.714,0.693,1,"3","STK17A"
0.000109116769753114,1.25912210218466,0.315,0.201,1,"3","ZNF281"
0.000110271851952009,1.06869168549502,0.673,0.633,1,"3","STK40"
0.000110282335204712,0.28240132487065,0.351,0.577,1,"3","PITHD1"
0.000110352809987182,0.682335000072136,0.81,0.908,1,"3","FGFR1"
0.000112225520852918,1.64329100227245,0.458,0.351,1,"3","RASAL2"
0.000112495743419882,1.16134921782092,0.53,0.412,1,"3","BRI3"
0.000112703857191859,0.58596841747836,0.839,0.944,1,"3","HNRNPK"
0.000115217906720032,0.949593720902082,0.595,0.513,1,"3","LARP6"
0.000115602039101392,1.2850039440003,0.435,0.326,1,"3","SRGAP1"
0.000115630379444303,2.91997258587689,0.643,0.57,1,"3","RB1CC1"
0.000115753310309355,0.836814448941308,0.637,0.577,1,"3","ITPRIPL2"
0.000117194825371745,0.367209156939628,0.905,0.981,1,"3","PMP22"
0.000118722243148865,0.252621247703785,0.946,0.995,1,"3","RPLP0"
0.000119200835251238,1.62557881170509,0.577,0.492,1,"3","NBPF10"
0.000120228679324547,1.12688744375228,0.292,0.176,1,"3","SMARCA4"
0.000122448719846877,1.54239777626336,0.482,0.367,1,"3","NOP2"
0.000124618713336508,1.42078203942776,0.625,0.549,1,"3","TMEM2"
0.000125548810099533,0.956573164155024,0.78,0.804,1,"3","HNRNPU"
0.0001279183440293,1.00111992934555,0.411,0.283,1,"3","WDR3"
0.000131373110789167,0.434316496291538,0.94,0.976,1,"3","UAP1"
0.00013403987902998,0.769813481863705,0.661,0.602,1,"3","LAG3"
0.00013508090634182,1.67657114532447,0.274,0.162,1,"3","CHERP"
0.000139634178426039,1.4024671958285,0.488,0.375,1,"3","CTBP2"
0.000139773345364389,2.17292787089802,0.31,0.201,1,"3","UBE2E1"
0.000142077691834825,0.589806381823449,0.875,0.923,1,"3","THBS1"
0.00014400350721893,1.36604868175603,0.327,0.216,1,"3","LOC100190986"
0.000145759600448327,0.735722765721745,0.786,0.828,1,"3","FOSL1"
0.000145984384493137,0.765935046104707,0.28,0.164,1,"3","NOL6"
0.000149768411986548,0.898544076001386,0.673,0.614,1,"3","KIAA0020"
0.000151783340165935,1.03056870580901,0.607,0.559,1,"3","DIAPH1"
0.000152083742845987,1.5365246416432,0.619,0.585,1,"3","JHDM1D-AS1"
0.000154445916822603,1.01700715083085,0.613,0.533,1,"3","UBA2"
0.000156689407512666,1.34958169585291,0.387,0.267,1,"3","POM121"
0.00015678360176356,1.50286661704855,0.464,0.354,1,"3","URI1"
0.000160848948135641,0.265828055219508,0.899,0.984,1,"3","RPL28"
0.000161338198297221,0.829371000967029,0.411,0.285,1,"3","UTP3"
0.000162650356346666,1.7546057518774,0.363,0.247,1,"3","MAPK8"
0.00017724431986577,0.856428210089269,0.72,0.736,1,"3","ITGB5"
0.000178219408471427,1.51431711442503,0.429,0.344,1,"3","DIP2B"
0.000180551395481828,1.15702917823829,0.589,0.53,1,"3","BAZ1A"
0.000183018553811562,0.447715561955583,0.851,0.947,1,"3","KTN1"
0.000184146018903427,1.65170557950065,0.327,0.215,1,"3","BRD1"
0.000185188294911753,1.15450879284756,0.446,0.336,1,"3","KIAA0141"
0.000185189202280429,1.83544376552915,0.321,0.22,1,"3","CITED4"
0.000185306396028718,1.03157232158051,0.643,0.606,1,"3","ITGA2"
0.000189721631242559,1.43527966826912,0.601,0.53,1,"3","KPNA1"
0.000192707378573783,1.06012940313615,0.226,0.372,1,"3","CGRRF1"
0.000192991733067777,0.549928215427305,0.393,0.544,1,"3","DCTN3"
0.000193255595957548,0.356013474918932,0.887,0.976,1,"3","BZW1"
0.000203991782005126,1.14792082605145,0.565,0.497,1,"3","SOWAHC"
0.000205633510873464,1.66717902467107,0.28,0.169,1,"3","RNF126"
0.000211685940774582,1.03553250466058,0.577,0.481,1,"3","YWHAG"
0.000215877449112541,0.990498269582011,0.869,0.953,1,"3","HNRNPH1"
0.000216174681573322,1.14067045107239,0.405,0.28,1,"3","WDR82"
0.000222152963061691,0.550404311846472,0.839,0.954,1,"3","RHOA"
0.000223558365478759,0.626684143065596,0.81,0.861,1,"3","HNRNPM"
0.000223983638230748,1.06191236529485,0.667,0.618,1,"3","NKX3-1"
0.000227373913726397,4.06899252242431,0.25,0.15,1,"3","TRAPPC10"
0.000228514168881775,1.46073601628386,0.506,0.411,1,"3","RRP12"
0.00022871764726826,2.27363645274087,0.333,0.233,1,"3","WDR12"
0.000231825765996163,0.504458238547489,0.935,0.984,1,"3","HNRNPA2B1"
0.000235613149085965,1.16746734741107,0.786,0.845,1,"3","PCBP1"
0.000239922417335955,0.334465461671108,1,1,1,"3","CTGF"
0.000245273477286345,1.53206557644813,0.399,0.286,1,"3","SMEK1"
0.000246670108215949,0.656387740789745,0.804,0.869,1,"3","TARS"
0.000253981324827093,0.916541596979032,0.756,0.859,1,"3","MYADM"
0.000256249035079307,1.03061983924736,0.446,0.332,1,"3","TIMM8A"
0.000258230770746033,1.87293266036783,0.125,0.253,1,"3","RCHY1"
0.000260083591656518,0.587225038930401,0.155,0.294,1,"3","KLHDC2"
0.000265508687591843,1.21775610427782,0.56,0.484,1,"3","CDR2"
0.000269445585646618,0.828193983474192,0.679,0.646,1,"3","COL15A1"
0.00026980267376942,1.39004580312012,0.333,0.213,1,"3","DOCK9"
0.000270648440493436,0.752614381223711,0.673,0.607,1,"3","TP53INP2"
0.000277686517754392,0.990613711535271,0.435,0.321,1,"3","PEAK1"
0.000281292869090179,0.644345177071299,0.875,0.912,1,"3","ITM2C"
0.000282400477646527,0.796942717173676,0.732,0.744,1,"3","OSBPL8"
0.000300337086819924,1.14485807792516,0.423,0.313,1,"3","PI4K2A"
0.000301735104733179,0.449993148325275,0.893,0.966,1,"3","SLC38A2"
0.000308034149888559,1.47126286192372,0.375,0.269,1,"3","SMARCC1"
0.000309058337122248,0.707702249512372,0.357,0.239,1,"3","SMARCD1"
0.000325001189728442,2.74348546535105,0.482,0.362,1,"3","LINC00963"
0.000334025655345845,1.54598007515731,0.28,0.178,1,"3","HS6ST1"
0.000342836531253596,0.688598042914764,0.161,0.298,1,"3","DUSP12"
0.00036126233336274,0.51544607998082,0.756,0.756,1,"3","NOP16"
0.000369781962808108,2.3085740454698,0.333,0.226,1,"3","UTP20"
0.000370143602282481,1.12347490233645,0.482,0.382,1,"3","OTUD4"
0.000384725627579383,0.911324393458817,0.542,0.449,1,"3","ASAP1"
0.000393490377591958,1.31655561884495,0.31,0.203,1,"3","MBD3"
0.000399302453982391,0.930065298558954,0.345,0.231,1,"3","ZFAND3"
0.000403234732346099,0.966085761592225,0.673,0.653,1,"3","CAPRIN1"
0.000427120005118464,0.799047715837731,0.137,0.274,1,"3","HAS2-AS1"
0.000428636508667475,0.880589168685192,0.792,0.831,1,"3","PAPOLA"
0.000429225244117726,1.05157700144521,0.792,0.887,1,"3","YBX1"
0.000432439913701154,0.858896114875436,0.673,0.653,1,"3","KHDRBS1"
0.000433686672668779,0.769539424272124,0.381,0.591,1,"3","PERP"
0.000437029958071877,0.836594046877925,0.494,0.391,1,"3","UBE2Z"
0.000437168742415593,1.31674172489369,0.458,0.357,1,"3","CTBP1"
0.000438066437311794,1.26184402312102,0.583,0.509,1,"3","TNS1"
0.000443192221280279,1.06038168142532,0.512,0.409,1,"3","NCK2"
0.000452022255198596,0.903809754285614,0.399,0.277,1,"3","PTGES"
0.000480338234045868,0.804308673106654,0.452,0.353,1,"3","ACTN4"
0.000483528825659332,0.906568251178121,0.333,0.22,1,"3","ZBTB7A"
0.000484738052269379,1.31857851678899,0.321,0.216,1,"3","XPR1"
0.000490753834402843,1.0129424354069,0.339,0.225,1,"3","UBE2M"
0.000495436724956348,0.753227438077696,0.708,0.7,1,"3","DCAF13"
0.000513938664754071,1.21558885635925,0.411,0.312,1,"3","KLF13"
0.000517453921675931,0.555748169288886,0.81,0.905,1,"3","CSDE1"
0.000536376422627657,0.564969989185223,0.851,0.933,1,"3","EMP2"
0.000548002212203537,1.02505364458541,0.411,0.303,1,"3","LETM1"
0.00055395182681494,1.46877417047525,0.28,0.185,1,"3","CDC42BPB"
0.000556011966980682,0.606357736858765,0.887,0.927,1,"3","PHLDA1"
0.000582061553578744,0.460235961457631,0.857,0.944,1,"3","TIMP2"
0.000596246787360858,0.664819855225388,0.81,0.908,1,"3","KCNMA1"
0.000630205103024284,2.49107181876714,0.292,0.19,1,"3","TLK2"
0.000632069131804794,0.873920425402462,0.738,0.768,1,"3","SREK1IP1"
0.000636446506394295,1.24281940138687,0.643,0.603,1,"3","PICALM"
0.000643049253259232,0.922782998268118,0.601,0.532,1,"3","SNHG3"
0.000654142167582208,1.41317233562452,0.256,0.162,1,"3","POGK"
0.000658059133745422,1.03374071635282,0.643,0.654,1,"3","CSGALNACT2"
0.000662524001786425,0.372241188287168,0.137,0.269,1,"3","PEX3"
0.000673674035898925,1.68276102161152,0.607,0.571,1,"3","ACKR3"
0.000675936033686637,0.756048614717196,0.631,0.606,1,"3","STK24"
0.000681088698998158,0.853447608694826,0.47,0.372,1,"3","PDCD11"
0.000691996627543087,0.82388095803092,0.732,0.763,1,"3","WWTR1"
0.000693071459320097,1.29317633598884,0.44,0.34,1,"3","ROCK2"
0.000694482331551651,1.06740987642129,0.476,0.392,1,"3","DCP1A"
0.000732779565873104,0.998586138464456,0.458,0.354,1,"3","OTUD5"
0.000734285727024223,0.658247838892954,0.78,0.85,1,"3","FSTL1"
0.000736626605576941,0.704017505807304,0.72,0.719,1,"3","USP12"
0.000738454333605425,1.11038428167076,0.494,0.413,1,"3","AHCTF1"
0.000762541544959986,0.889532199518802,0.476,0.374,1,"3","NBPF20"
0.000767700774058676,1.99009424211171,0.268,0.417,1,"3","MEF2D"
0.000792735070545412,0.473927320202014,0.827,0.932,1,"3","PDLIM5"
0.000793780421029799,1.52442709610801,0.28,0.182,1,"3","POLR1E"
0.000804775943594946,1.30890222853754,0.345,0.519,1,"3","HMGCS1"
0.000838251589277403,0.943987037583171,0.607,0.572,1,"3","RPS6KA3"
0.00087023816851797,0.443718713788589,0.78,0.808,1,"3","MCL1"
0.000870717664074417,0.884920879050674,0.738,0.763,1,"3","TNS3"
0.000882421201807029,0.619729301887495,0.768,0.84,1,"3","PPP3CA"
0.00091428841074164,0.913068179197562,0.381,0.269,1,"3","NOL10"
0.000927135284669391,1.2414996742049,0.369,0.266,1,"3","LSG1"
0.000940850241793447,1.30109442523484,0.345,0.257,1,"3","VASP"
0.000953698803219919,1.13187751230632,0.375,0.265,1,"3","WIPF2"
0.000971234988898759,1.38936281790161,0.542,0.467,1,"3","STARD7"
0.000975428243155472,0.562109590075444,0.268,0.165,1,"3","DMWD"
0.000996852449569294,1.26265590775418,0.542,0.532,1,"3","RBM12"
0.00101880122501717,0.872695817348673,0.256,0.159,1,"3","DDX54"
0.00101973220208554,1.01243820892134,0.518,0.419,1,"3","MRTO4"
0.00102240250082308,0.73029648686602,0.44,0.326,1,"3","RBM15B"
0.00105050939243696,0.436369866371423,0.946,0.984,1,"3","OGN"
0.00107889442921733,1.10577226468275,0.262,0.169,1,"3","ZNF609"
0.00111783697658737,0.801769305336518,0.72,0.742,1,"3","AFF1"
0.00111850597731363,0.487395459274331,0.583,0.737,1,"3","ATP6V1D"
0.00113114840899434,1.8856805273346,0.256,0.165,1,"3","ABL1"
0.00113173929034823,1.91380316133529,0.399,0.312,1,"3","DCAF10"
0.00114444968980742,1.08455892466582,0.518,0.449,1,"3","GRWD1"
0.00117224265466677,1.61456860395521,0.268,0.175,1,"3","B4GALT5"
0.00119477727377158,0.757870458695939,0.524,0.446,1,"3","FAM120A"
0.00120578327413582,1.60128631949808,0.565,0.5,1,"3","SMG1"
0.0012361623223269,1.4546636437055,0.28,0.182,1,"3","RASA3"
0.00126978148565051,2.54637079732541,0.315,0.232,1,"3","VHL"
0.00127463358816997,0.970680331523568,0.292,0.456,1,"3","TUFT1"
0.00128279150753236,1.15222217340848,0.256,0.161,1,"3","NOP14"
0.00129355015470344,0.845298165731703,0.56,0.477,1,"3","UTP6"
0.00131043912155406,0.792898287124427,0.268,0.169,1,"3","DAZAP1"
0.00131368258177646,1.42464373182625,0.685,0.748,1,"3","NPR2"
0.00131920170191799,1.06026422431948,0.393,0.284,1,"3","SUZ12"
0.00132689870434709,0.595238828726108,0.821,0.893,1,"3","TPM4"
0.00134855048376399,0.27717438105774,0.149,0.271,1,"3","SNX2"
0.00137023403857134,0.343761212616142,0.512,0.695,1,"3","MED8"
0.00137038808039417,0.860123060297282,0.69,0.686,1,"3","PRPF38B"
0.00138198925337709,0.967959109640206,0.345,0.234,1,"3","GAR1"
0.00139869299300229,1.22013409101879,0.446,0.364,1,"3","LIFR"
0.00145558020139398,1.00974840475212,0.613,0.571,1,"3","PPP2R2A"
0.00146273263498776,0.90938005729998,0.679,0.717,1,"3","PTBP1"
0.00147203678472973,1.42877929885381,0.31,0.207,1,"3","CCDC71L"
0.00147453642320259,0.650185772068411,0.202,0.327,1,"3","MED31"
0.00148260621054754,0.43185799206445,0.423,0.592,1,"3","PFDN4"
0.00150242289335302,1.23814525987288,0.494,0.427,1,"3","SOS2"
0.0015069719913187,1.29761452611551,0.542,0.48,1,"3","KCTD12"
0.00150744592690266,2.28240928882264,0.268,0.175,1,"3","LOC55338"
0.00159823310885975,0.379234056323211,0.97,0.986,1,"3","CYR61"
0.00167119730102307,1.35094847168382,0.554,0.506,1,"3","YTHDF3"
0.00174929215443679,0.615236861733419,0.75,0.84,1,"3","EIF3L"
0.00175058660622786,1.04710035450646,0.512,0.443,1,"3","THBS2"
0.00175463887125633,0.334999094027351,0.637,0.761,1,"3","PSMC5"
0.00176907311050827,0.817393620049288,0.708,0.698,1,"3","COL27A1"
0.0017763099044142,1.34137122430548,0.25,0.157,1,"3","GATC"
0.00178384632126162,1.10911457590371,0.399,0.318,1,"3","EID3"
0.00184164532810784,0.867438469122994,0.458,0.345,1,"3","KIAA2026"
0.00187469717517285,0.803002119652075,0.357,0.256,1,"3","GNA11"
0.00187806036940329,1.0026592548687,0.286,0.195,1,"3","U2AF2"
0.00188760346259009,0.824343444164508,0.625,0.594,1,"3","CHD4"
0.00189164348479329,0.912913582756589,0.399,0.315,1,"3","BYSL"
0.00196163018274404,0.961702077411536,0.56,0.524,1,"3","MPP6"
0.00196200391766581,1.43035319060227,0.518,0.455,1,"3","CBFB"
0.00199690350035936,0.977507096603184,0.524,0.425,1,"3","TRIM8"
0.00200650888640274,0.769526122995845,0.762,0.804,1,"3","TSPYL1"
0.00201073271228646,0.29959054828803,0.869,0.979,1,"3","UBE2D3"
0.00204146437948238,0.877770764211903,0.762,0.779,1,"3","CCT2"
0.00208800543030798,1.0124178895784,0.619,0.627,1,"3","PPP1R14C"
0.00210839593666875,0.93765345825226,0.435,0.344,1,"3","BFAR"
0.00210958631338249,0.709728602617243,0.774,0.785,1,"3","FUBP1"
0.0021324260120594,0.717354928093818,0.595,0.766,1,"3","CAST"
0.0021927085360211,0.263745847269797,0.577,0.777,1,"3","CFLAR"
0.00221071035911413,0.954995966567618,0.476,0.382,1,"3","SKIV2L2"
0.00221109664914817,0.751700414640476,0.631,0.577,1,"3","SRRM2"
0.00222325704337349,0.925142355956789,0.554,0.496,1,"3","KDM7A"
0.00224564551180293,0.481238664648677,0.476,0.373,1,"3","AKR1C1"
0.00225945591542279,0.588509118566497,0.768,0.85,1,"3","FNDC3B"
0.0022734675902867,0.416769161918962,0.244,0.379,1,"3","JOSD2"
0.0023256462157131,1.15758881361592,0.357,0.26,1,"3","CASK"
0.00233287246389407,0.720535362831236,0.685,0.696,1,"3","SMOX"
0.00236561145871648,0.70182135537824,0.756,0.839,1,"3","DDX17"
0.00243578077422864,4.01916990158245,0.333,0.249,1,"3","LOC101927560"
0.00244126023873301,0.919085407466707,0.607,0.569,1,"3","ACVR1"
0.00244559673552682,0.886918314876549,0.679,0.68,1,"3","CTDSP2"
0.00246034498155942,1.41898694655674,0.256,0.172,1,"3","MIEF1"
0.00247498517205536,0.371536574455097,0.601,0.771,1,"3","SH3GLB1"
0.0024931936907567,0.658303371720703,0.286,0.401,1,"3","FAM120AOS"
0.00249704551839918,1.09038875956873,0.536,0.468,1,"3","PTBP3"
0.0025344624593655,0.964663937944256,0.589,0.563,1,"3","IMPAD1"
0.00254515806943486,1.09308930490004,0.417,0.338,1,"3","DNAJC21"
0.00258119645896199,1.54672667746487,0.649,0.644,1,"3","PUM1"
0.00259628394067908,2.22672790194406,0.25,0.166,1,"3","NUP205"
0.00260944610060365,0.26815014284201,0.339,0.488,1,"3","NFIA"
0.00268765709710575,0.512283897488676,0.774,0.865,1,"3","ATP1B1"
0.00269139132466008,0.630528956185141,0.488,0.669,1,"3","VAMP3"
0.00269905574415221,1.08740858642114,0.423,0.334,1,"3","TMEM185B"
0.00273871067573063,1.88864805812854,0.25,0.398,1,"3","CEBPZOS"
0.00277025116737186,0.319602291657948,0.607,0.774,1,"3","CHPF"
0.00279879528067639,0.387890438333092,0.446,0.605,1,"3","CYB5R1"
0.00281273513889209,0.847321753091813,0.595,0.526,1,"3","RNF103"
0.00291836405089074,0.855260455177964,0.53,0.482,1,"3","ERBB2IP"
0.00294718045818632,0.945844615066099,0.554,0.515,1,"3","FAM107B"
0.003109178504376,1.17737273099487,0.464,0.385,1,"3","ZNF800"
0.00311922857520617,0.957179920795882,0.661,0.657,1,"3","RNF11"
0.00312609740676715,0.677716446301457,0.595,0.521,1,"3","HIPK3"
0.00320714466030635,0.601159964591752,0.274,0.425,1,"3","MBOAT1"
0.00321981631982118,1.2042355117337,0.423,0.347,1,"3","OSBP"
0.00325878607198848,0.467878428529146,0.167,0.286,1,"3","FTSJ1"
0.00327485485314024,0.53944546468288,0.238,0.368,1,"3","ASNA1"
0.00329204406793818,1.41431453589822,0.399,0.328,1,"3","GOLGA8B"
0.00331366431397521,0.844770539937279,0.762,0.805,1,"3","PPP2CA"
0.00335092989711672,1.96727803523777,0.75,0.76,1,"3","LPP"
0.00337762345346453,0.435356884296902,0.464,0.598,1,"3","KIAA1191"
0.00346663008033654,0.545975627660155,0.696,0.706,1,"3","CHD1"
0.00348510110978612,1.09799519994091,0.429,0.349,1,"3","SSRP1"
0.0034853919353557,0.960673292963022,0.399,0.298,1,"3","SLC10A3"
0.00351503023674387,0.763644215275319,0.31,0.22,1,"3","RALGAPB"
0.00355384841138538,1.12476643497852,0.512,0.449,1,"3","FLT1"
0.00377778796553601,0.254156613910712,0.399,0.551,1,"3","PREPL"
0.00380078899379523,1.03166909466981,0.589,0.564,1,"3","SENP6"
0.00380463123810301,1.47033112984227,0.667,0.818,1,"3","PSMC1"
0.00385766765255389,1.39548253099873,0.304,0.218,1,"3","GRB10"
0.00388090275040497,2.90787132158614,0.149,0.258,1,"3","NSMCE2"
0.00389095952794898,0.327198776912151,0.155,0.262,1,"3","VTI1B"
0.00390054892740963,0.562636860811627,0.738,0.771,1,"3","CCNI"
0.00390413153505677,0.7694777695575,0.345,0.252,1,"3","PBX3"
0.00391707713206312,0.91864607180172,0.595,0.559,1,"3","UBE2H"
0.00393050660096701,0.580276826647493,0.399,0.296,1,"3","GNA12"
0.00405841606229575,1.06864956105212,0.369,0.271,1,"3","KHSRP"
0.004085767130046,0.539445299845855,0.411,0.313,1,"3","MED1"
0.00416179285885781,0.349550470946167,0.857,0.955,1,"3","LRP1"
0.00419411656751388,0.277150043034307,0.845,0.964,1,"3","EIF2S2"
0.00419470713820133,0.421519497037325,0.155,0.269,1,"3","NKIRAS1"
0.00424275020701096,1.05612464888981,0.458,0.382,1,"3","AGFG1"
0.00429515505374056,0.94948849705079,0.423,0.334,1,"3","MYO1B"
0.00432639166348124,0.544778132512214,0.292,0.42,1,"3","CDK5RAP3"
0.00438851697672078,1.15306764133875,0.298,0.205,1,"3","DNMBP"
0.00439607951637451,0.305724654794689,0.232,0.363,1,"3","ANKRD42"
0.0045677945330387,0.850350930386915,0.571,0.532,1,"3","SETX"
0.00458861638150323,1.06067282145751,0.19,0.308,1,"3","ANK2"
0.00471237037554116,2.56250536909772,0.339,0.257,1,"3","SART3"
0.00472429276239091,0.572351483108324,0.744,0.812,1,"3","CLCF1"
0.00481512515969065,0.664811720409608,0.732,0.786,1,"3","FGFRL1"
0.0048328276273316,1.46054238581613,0.458,0.376,1,"3","MTPAP"
0.00486230530467624,0.916200159209527,0.435,0.35,1,"3","PURB"
0.00493964040348186,1.53499972685293,0.5,0.45,1,"3","SLC35D1"
0.00495819891212603,2.05380327810266,0.274,0.191,1,"3","TIAM1"
0.00496327148390412,0.645567042607617,0.696,0.739,1,"3","CAPN2"
0.00500145149390897,1.52110421266561,0.327,0.238,1,"3","UBE2Q2P1"
0.00501018474201056,0.888471175566707,0.381,0.294,1,"3","PRKCI"
0.00510285457752226,0.780747884951964,0.524,0.441,1,"3","PAK1IP1"
0.00511843463339139,0.321257177634448,0.315,0.458,1,"3","ERO1LB"
0.00513667405446024,0.85664035181367,0.53,0.468,1,"3","FAM129B"
0.00516377074152701,2.966642817523,0.28,0.204,1,"3","PDP2"
0.00539742292975716,1.04740867427097,0.488,0.424,1,"3","ENAH"
0.00546953917687422,1.16683884630804,0.548,0.513,1,"3","PRRC2B"
0.00557121363078692,2.69417669169505,0.256,0.173,1,"3","LINC01087"
0.00558754460395247,0.302912576696545,0.845,0.934,1,"3","CD81"
0.00561497319417924,0.286845115533111,0.94,0.988,1,"3","RAN"
0.00562232200589182,0.707348998966778,0.512,0.451,1,"3","PRRC2A"
0.00574203057958822,0.452218310080291,0.315,0.218,1,"3","ZNF286A"
0.00577465979824619,0.630204681918455,0.75,0.784,1,"3","HMGA1"
0.00586452694342026,1.02305062385667,0.476,0.414,1,"3","UBR4"
0.00596871781033525,0.593989837045274,0.792,0.873,1,"3","CILP2"
0.00605950092242657,1.0471792643572,0.256,0.179,1,"3","CYTH3"
0.0061011581289105,0.418825140498443,0.19,0.309,1,"3","SOCS3"
0.00620425153464695,0.600149047047228,0.429,0.353,1,"3","MARK3"
0.00636145961909212,1.09722100630767,0.375,0.296,1,"3","SCAF8"
0.00637540500314154,1.70696143451821,0.494,0.431,1,"3","C3orf52"
0.00637757335388355,1.22829950520245,0.75,0.79,1,"3","HNRNPA3"
0.00654241603188555,1.0838448456615,0.369,0.292,1,"3","ELK4"
0.00655777811930257,0.770420710382402,0.708,0.755,1,"3","CDON"
0.00670812044842803,0.692506671401287,0.75,0.775,1,"3","CEBPG"
0.00685795052160837,0.765958432385095,0.613,0.605,1,"3","DHX9"
0.00688413368530637,0.905430076881583,0.589,0.601,1,"3","B3GNT5"
0.00694202604128988,0.800146821990668,0.702,0.739,1,"3","ELK3"
0.00695982006256446,1.5810769814534,0.345,0.26,1,"3","GCN1L1"
0.00697833960537636,1.31532369342399,0.286,0.209,1,"3","UTP15"
0.00698845298497382,0.712694244028334,0.167,0.27,1,"3","PPP1R3B"
0.00700653461459222,1.55795230079803,0.381,0.299,1,"3","UBALD1"
0.007013393209973,1.27580648965925,0.423,0.36,1,"3","SLC6A8"
0.00712130989611047,1.80693640723127,0.851,0.923,1,"3","UGDH-AS1"
0.00723106593273421,1.23769322699982,0.53,0.459,1,"3","PRDM2"
0.00724008517099868,0.735949147929702,0.286,0.198,1,"3","HEATR1"
0.00725351225682636,1.18428128867414,0.429,0.351,1,"3","ARHGEF2"
0.00727931339024525,0.625801174115105,0.804,0.926,1,"3","BIRC2"
0.00750924553867475,1.09652547491126,0.411,0.339,1,"3","SLC4A5"
0.00756808163245609,0.564467453849051,0.685,0.615,1,"3","PTPN11"
0.00760965011469564,1.00153629000645,0.375,0.278,1,"3","ZNF22"
0.00786719786736436,1.0043129348076,0.381,0.296,1,"3","RAD23B"
0.00787150992114045,1.14517406208729,0.649,0.61,1,"3","ARPC5L"
0.00787744582895505,2.47928874620516,0.827,0.857,1,"3","CCL5"
0.00787926947373314,1.63747611508793,0.411,0.342,1,"3","TOMM70A"
0.00796515341842078,0.912583883973355,0.435,0.359,1,"3","CCNY"
0.00797800079886799,0.639182700935642,0.708,0.748,1,"3","TM9SF3"
0.00799083739453208,0.438660355516107,0.839,0.918,1,"3","CHD2"
0.0081026601743669,1.08219760897566,0.577,0.534,1,"3","ABCE1"
0.00852164810837538,0.697236339338609,0.696,0.74,1,"3","PA2G4"
0.008521937224441,0.962778811685354,0.69,0.749,1,"3","DHX15"
0.00853398305681328,1.2281495795146,0.619,0.659,1,"3","RAPGEF2"
0.00856357578486674,0.488549921873142,0.28,0.426,1,"3","DR1"
0.00861616589874843,0.736700381184421,0.702,0.786,1,"3","SF1"
0.00902320966998147,0.973187098118155,0.423,0.354,1,"3","PXN"
0.00903016478467161,0.309592681425898,0.542,0.704,1,"3","GORASP2"
0.00904555333595731,0.492415053570729,0.714,0.78,1,"3","WAC"
0.00906883114939536,0.701872068454366,0.762,0.794,1,"3","PGM3"
0.00912565694802508,0.861216072737036,0.548,0.531,1,"3","ANK3"
0.0092270056441482,0.640098883302357,0.673,0.677,1,"3","PLEC"
0.00934193288546249,0.508232161792236,0.756,0.847,1,"3","WTAP"
0.00943505963889054,0.922975990827048,0.286,0.208,1,"3","URB2"
0.00945201121918848,1.11078840170227,0.47,0.416,1,"3","MLEC"
0.00947864727562699,1.21849281791281,0.274,0.202,1,"3","MTMR10"
0.00968051641698193,1.09707883670498,0.5,0.437,1,"3","RAB27A"
0.0097879065208154,0.697418246015277,0.661,0.64,1,"3","HUWE1"
0.00984676637150842,0.851046914828471,0.643,0.666,1,"3","AMOTL1"
0.00994271034052266,0.761220467242008,0.28,0.203,1,"3","GSK3A"
9.36551008245868e-60,3.84627827755263,1,0.591,2.26205165021624e-55,"4","JUN"
3.3191541355837e-59,3.52732013946209,1,0.98,8.01675298367531e-55,"4","FOS"
2.53426355006039e-50,2.5959921257254,1,0.961,6.12100675246086e-46,"4","DNAJB1"
1.04913697514676e-48,2.82841140662645,1,0.974,2.53398053607196e-44,"4","EGR1"
3.3289280176223e-48,2.81744510047127,0.982,0.749,8.04035984096313e-44,"4","PPP1R10"
1.01955794551478e-47,2.92939568684959,1,0.95,2.46253830580185e-43,"4","FOSB"
4.81986577518173e-47,3.31202035772669,0.955,0.554,1.16414218067964e-42,"4","RASD1"
6.27655076153445e-46,2.55722047754987,1,0.94,1.51597530543342e-41,"4","ID2"
9.43860406236331e-46,3.65428838078293,0.874,0.376,2.27970603918261e-41,"4","SNHG12"
1.78372046022596e-45,3.0435624821247,0.964,0.66,4.30822002758376e-41,"4","ID1"
2.12537206410328e-45,2.8210618809618,0.982,0.637,5.13341114642865e-41,"4","ID3"
2.17225419383789e-44,3.2013103409826,0.937,0.614,5.24664555437666e-40,"4","RGS16"
1.50962704698933e-43,2.4590394982822,0.982,0.81,3.64620220659332e-39,"4","BRD2"
4.46667612162501e-43,3.60365253078019,0.964,0.607,1.07883628365609e-38,"4","HES1"
2.37949756584127e-42,2.21791002364847,0.991,0.865,5.74720047077641e-38,"4","RSRC2"
7.52658410212545e-42,2.96626620618611,0.856,0.358,1.81789585818636e-37,"4","MYLIP"
1.08422289289003e-41,3.18180622478734,0.919,0.537,2.61872355319729e-37,"4","SNAI1"
8.37286232685348e-41,3.62771734715902,0.856,0.371,2.02229743780492e-36,"4","KLF2"
1.63253569038321e-40,2.71338115751522,0.955,0.599,3.94306345298257e-36,"4","ADM"
2.48343435811107e-40,3.6742832878177,0.721,0.205,5.99823900514566e-36,"4","RPPH1"
1.18546824002559e-39,2.65168298297665,0.964,0.797,2.86326144013381e-35,"4","IER2"
1.33749187091889e-39,2.37072187763101,0.973,0.815,3.2304441158304e-35,"4","TRA2B"
1.59607263877428e-39,2.76659043910381,0.991,0.682,3.85499424443152e-35,"4","NR4A1"
8.7709889345437e-39,2.89811659484441,0.937,0.697,2.11845695736034e-34,"4","RSRP1"
4.09605122017001e-38,1.77639917551534,1,0.992,9.89319251207661e-34,"4","HSPA8"
6.30769482372662e-36,1.76760549585769,1,0.945,1.52349753077469e-31,"4","DNAJA1"
1.62967805084739e-35,1.84204346293475,0.973,0.869,3.9361613962117e-31,"4","CLK1"
3.19281595528371e-35,1.91641973407453,0.991,0.969,7.71160837679675e-31,"4","GADD45B"
5.51109614380034e-34,2.9643850818649,0.721,0.245,1.3310950516121e-29,"4","CDKN2AIP"
1.34847775924417e-33,2.62097125161722,0.937,0.7,3.25697833190243e-29,"4","NR4A2"
1.76075567135394e-33,2.52880920179499,0.964,0.783,4.25275317302117e-29,"4","CCNL1"
2.22192840816328e-33,1.95647243215669,0.991,0.887,5.36662368423677e-29,"4","ZFP36"
3.23324030659259e-33,2.20066889707084,0.955,0.646,7.80924531251308e-29,"4","NUFIP2"
4.92845627400018e-33,1.54787107983192,0.991,0.953,1.19037004385926e-28,"4","ZFAS1"
7.5677343395922e-33,2.6039943352173,0.604,0.161,1.8278348750417e-28,"4","TTC28-AS1"
2.53649719409459e-31,1.90515945423908,0.982,0.797,6.12640167289665e-27,"4","NFKBIA"
1.04543077616739e-30,1.718062827365,0.973,0.916,2.52502895367711e-26,"4","EIF4A2"
1.81747072128847e-30,1.79194813316883,1,0.964,4.38973703312804e-26,"4","HSPA1A"
2.19538715618768e-30,1.82360467706397,0.991,0.941,5.3025185983401e-26,"4","KLF4"
2.02817820522738e-29,2.24237393631322,0.973,0.703,4.8986588190857e-25,"4","HEXIM1"
4.11814004586551e-29,2.31918418663361,0.892,0.575,9.94654365277896e-25,"4","PCF11"
9.47012361268304e-29,1.37664650742643,1,0.997,2.28731895617134e-24,"4","HSP90AB1"
1.11530068398625e-28,2.63425021427853,0.694,0.259,2.69378574203199e-24,"4","MASTL"
1.42978894167395e-28,1.42760142395424,1,0.994,3.45336923082509e-24,"4","HSP90AA1"
2.00803078035969e-28,2.94359870868639,0.468,0.11,4.84999674380275e-24,"4","FLJ37453"
2.69481344532177e-28,2.52016485141181,0.919,0.654,6.50878291448568e-24,"4","DNAJB4"
3.07858177807778e-28,1.80826492113869,0.982,0.942,7.43569856859127e-24,"4","SRSF3"
5.51871792067269e-28,1.79966199352719,0.919,0.627,1.33293593938007e-23,"4","DDIT3"
8.17597476161413e-28,2.62265713050216,0.568,0.171,1.97474318417266e-23,"4","PER1"
1.03801266150078e-27,2.15789426141566,0.748,0.324,2.50711198132282e-23,"4","INTS6"
3.24940309376657e-27,2.16722616458056,0.811,0.398,7.84828329237439e-23,"4","ING1"
3.74085536741949e-27,0.954781688175141,1,0.993,9.03528796892829e-23,"4","UBC"
6.2559790042118e-27,2.72862680697877,0.658,0.243,1.51100660888728e-22,"4","FAM46C"
1.73475670009337e-26,1.6631577799463,0.982,0.896,4.1899578577355e-22,"4","PPP1R15A"
4.5109728790866e-26,1.78941126284052,0.982,0.852,1.08953527948579e-21,"4","MT1E"
7.4665169301735e-26,2.29321120523573,0.874,0.531,1.80338783414481e-21,"4","ARRDC3"
2.30998355776287e-25,1.53602417650047,0.973,0.805,5.57930328706465e-21,"4","WSB1"
3.83815876478249e-25,1.92970909703323,0.991,0.9,9.27030486457915e-21,"4","DUSP1"
5.65963945399262e-25,1.98714899193381,0.973,0.748,1.36697271732284e-20,"4","SGK1"
7.3657728540471e-25,2.05093514699043,0.955,0.791,1.779055117438e-20,"4","MCL1"
7.85579420526158e-25,2.36486322550739,0.757,0.344,1.89740997439683e-20,"4","RHOB"
1.08395654502485e-24,2.43604357141903,0.874,0.577,2.61808024319852e-20,"4","ATF3"
1.52688774882032e-24,1.76745130351597,0.694,0.261,3.68789197972573e-20,"4","ZNF395"
1.53007776790322e-24,1.95008260810223,0.946,0.767,3.69559683281664e-20,"4","TRA2A"
2.69433093741509e-24,2.88956035571547,0.324,0.057,6.50761751313866e-20,"4","NUP210L"
3.94691935480821e-24,2.00439097908668,0.919,0.666,9.53299431766827e-20,"4","KLF10"
4.99969236870604e-24,1.74265071125963,0.964,0.806,1.20757569781357e-19,"4","CKS2"
5.0188951764179e-24,1.6164052189123,1,0.917,1.21221375196022e-19,"4","HSPA1B"
8.28118333212925e-24,1.89077112120054,0.865,0.544,2.00015421020918e-19,"4","SNHG1"
1.47895372346827e-23,1.39161684753135,0.973,0.776,3.57211692829292e-19,"4","TOB1"
3.13227498527099e-23,0.968992026786665,0.991,0.977,7.56538377192502e-19,"4","EIF5"
5.14400826461151e-23,2.95395710753051,0.667,0.307,1.24243231615162e-18,"4","OSR2"
5.61612407736088e-23,1.21132045092569,0.991,0.946,1.35646244840497e-18,"4","SRSF5"
5.82977522797714e-22,1.40777450405657,0.973,0.909,1.40806561081332e-17,"4","SNHG5"
9.13178987055087e-22,2.39809647742562,0.685,0.293,2.20560120743415e-17,"4","ARID4A"
1.01082131332942e-21,1.80238840057844,0.937,0.714,2.44143671808454e-17,"4","NXF1"
4.00036571577407e-21,1.02904530170821,1,0.994,9.66208331330911e-17,"4","UBB"
4.66696858359595e-21,1.67876459917724,0.946,0.671,1.12721292199593e-16,"4","TIPARP"
9.73809762074743e-21,3.71928824445958,0.261,0.042,2.35204271833913e-16,"4","CCNE2"
1.16858090589135e-20,1.73961043655818,0.919,0.591,2.82247346199937e-16,"4","ZFP36L1"
1.75280572159656e-20,1.46577424270791,0.982,0.903,4.23355165937217e-16,"4","SRSF2"
2.93251516303784e-20,1.44851682277196,0.946,0.787,7.08290387328528e-16,"4","EIF4A3"
3.50353500471296e-20,1.72159297494046,0.901,0.731,8.46208809688322e-16,"4","WWP2"
5.18718554842045e-20,1.29181653688215,0.505,0.167,1.25286092550999e-15,"4","SERTAD3"
7.47886672125322e-20,2.03101144098859,0.694,0.348,1.80637067918429e-15,"4","DLX5"
1.02187014521171e-19,2.04653600744945,0.532,0.185,2.46812296172985e-15,"4","ZNF292"
1.24470230445856e-19,2.0639913633488,0.901,0.647,3.00632947595876e-15,"4","TSPYL2"
1.70596335732913e-19,1.55882275282701,0.64,0.279,4.12041329695704e-15,"4","BHLHE41"
3.44943995238348e-19,2.26126135921553,0.486,0.161,8.33143231699183e-15,"4","CBX4"
6.13266603219051e-19,2.15487939995508,0.793,0.473,1.48122282675497e-14,"4","PLK2"
7.74843636839768e-19,0.953153867646183,1,0.973,1.87147983605909e-14,"4","SAP18"
8.53996335546905e-19,2.00490566156222,0.541,0.194,2.06265734924644e-14,"4","FAM13A"
9.99556693135981e-19,1.63544949070273,0.883,0.693,2.41422928093134e-14,"4","NASP"
1.13448078070835e-18,2.05203914901248,0.847,0.657,2.74011142964489e-14,"4","IER5"
1.44187082332482e-18,1.59806515920362,0.919,0.77,3.48255059957643e-14,"4","RGS2"
1.77731763061667e-18,1.36198324382419,0.955,0.848,4.29275527322844e-14,"4","ARL6IP1"
5.34408719739925e-18,3.63143981807244,0.36,0.096,1.29075738078784e-13,"4","CCDC173"
1.13742118491041e-17,1.89559986658968,0.973,0.906,2.74721338791412e-13,"4","HSPH1"
1.22524687802564e-17,1.5937229973681,0.964,0.835,2.95933878449533e-13,"4","CHMP1B"
2.09010590105024e-17,1.90259299799954,0.964,0.894,5.04823278280665e-13,"4","KCNQ1OT1"
2.51918634566619e-17,2.28102846681875,0.568,0.232,6.08459078068754e-13,"4","ALAS1"
2.91879847047689e-17,1.33187252683066,0.964,0.84,7.04977394574284e-13,"4","PNRC1"
6.96712143804209e-17,2.21575554681458,0.631,0.318,1.68276884093031e-12,"4","ZC3H12A"
7.05364615263048e-17,1.43241950726359,0.982,0.899,1.70366715524484e-12,"4","SNHG8"
9.0810532301701e-17,1.1994909709705,1,0.979,2.19334678668298e-12,"4","NEAT1"
1.09567667302227e-16,1.63926261999279,0.919,0.764,2.64638786835068e-12,"4","FIBIN"
3.04569591297232e-16,2.78222288027505,0.27,0.058,7.35626933860203e-12,"4","LOC101928093"
3.06890602890836e-16,1.70162273615986,0.64,0.297,7.41232873162236e-12,"4","GLI3"
3.09842939900447e-16,1.91883841681678,0.676,0.353,7.48363652741551e-12,"4","SLC40A1"
3.5521123574771e-16,1.5254240261234,0.865,0.635,8.57941697701444e-12,"4","KMT2E"
3.56340876442879e-16,1.14695737579873,1,0.941,8.60670118872485e-12,"4","SRSF7"
5.27338012099325e-16,1.68250967187102,0.775,0.482,1.2736795006235e-11,"4","ZFP36L2"
5.31481519129474e-16,1.97406728100399,0.505,0.201,1.28368731315342e-11,"4","POLG2"
1.14064255235248e-15,1.92718382100329,0.829,0.609,2.75499395669694e-11,"4","MRPL18"
1.1694143929755e-15,1.84469445844335,0.748,0.435,2.82448658335373e-11,"4","PFKFB3"
1.67194055939665e-15,1.3828337448062,0.937,0.787,4.03823803311074e-11,"4","C6orf62"
1.76031595146855e-15,1.31099109562049,0.937,0.778,4.25169111758199e-11,"4","SLC20A1"
2.46623712856632e-15,1.47738563533787,0.901,0.703,5.95670253662623e-11,"4","HSPA2"
2.53794158363692e-15,1.13574319917014,0.937,0.821,6.12989030695825e-11,"4","MTRNR2L2"
4.36916780165409e-15,1.69576102168754,0.766,0.46,1.05528509913351e-10,"4","NET1"
4.37089038759876e-15,2.16854935450681,0.559,0.27,1.05570115531673e-10,"4","SOCS3"
4.84696251465116e-15,2.24519110536979,0.523,0.23,1.1706868561637e-10,"4","PIK3R3"
7.14644119067541e-15,1.40203796478932,0.964,0.914,1.72607994078383e-10,"4","HSPD1"
9.49836328614833e-15,1.42998125130277,0.766,0.458,2.29413968450341e-10,"4","ISM1"
1.5368775613036e-14,1.29894881929107,0.847,0.682,3.7120203738166e-10,"4","RBBP6"
1.87192943629477e-14,0.770519616106588,1,0.964,4.52127116748275e-10,"4","MORF4L2"
2.0232689736295e-14,2.0083042450367,0.595,0.296,4.88680155200732e-10,"4","ZBTB10"
2.10482506328645e-14,1.27701163026755,0.964,0.944,5.08378397535576e-10,"4","GEM"
2.39686426496714e-14,1.52742897325214,0.423,0.152,5.78914625917513e-10,"4","C11orf72"
2.49597374297453e-14,1.71933630937104,0.892,0.679,6.02852538140639e-10,"4","EGR2"
2.60568692760991e-14,2.86283935429895,0.333,0.102,6.29351563625622e-10,"4","HILPDA"
2.98495926447633e-14,2.23430527643845,0.613,0.344,7.20957211148969e-10,"4","KATNA1"
3.71562581667978e-14,0.810028184298417,0.991,0.959,8.97435103502666e-10,"4","DYNLL1"
4.06909880828793e-14,2.53355752819368,0.441,0.175,9.82809435165784e-10,"4","NR1D1"
6.7176010553968e-14,1.10763012061721,0.982,0.965,1.62250218290999e-09,"4","JUNB"
7.94563808403797e-14,1.19958206313469,0.973,0.892,1.91910996643769e-09,"4","SKIL"
1.07633438065946e-13,1.52569950431123,0.82,0.539,2.5996704296068e-09,"4","THUMPD3-AS1"
1.61712146944339e-13,1.64449317123482,0.775,0.541,3.90583348514662e-09,"4","KPNA2"
1.62290408000427e-13,1.53463705192381,0.73,0.458,3.91980022443432e-09,"4","RSBN1"
1.67906870784629e-13,1.70245360588019,0.856,0.706,4.05545465006114e-09,"4","TSC22D2"
1.75345978061041e-13,1.74721962224053,0.784,0.525,4.23513140810833e-09,"4","BAMBI"
1.76899496049223e-13,3.33594103908775,0.351,0.119,4.27265352807688e-09,"4","HEY1"
2.19822605512967e-13,2.1479013300372,0.405,0.155,5.30937539095468e-09,"4","C10orf10"
2.41435725085099e-13,1.42293045073736,0.793,0.511,5.8313970679804e-09,"4","ID4"
2.58272682869404e-13,2.01282854760095,0.405,0.153,6.23806010934471e-09,"4","SERTAD4"
3.28689941346992e-13,0.606865397339013,0.973,0.981,7.93884815335389e-09,"4","CALM1"
3.51997481823339e-13,2.32843111580401,0.297,0.084,8.50179517847909e-09,"4","ZSWIM4"
4.03010131023046e-13,2.93759870708857,0.261,0.068,9.73390369459962e-09,"4","HRCT1"
4.36543234519047e-13,1.41332686298176,0.739,0.456,1.05438287433385e-08,"4","NKTR"
4.83006041795173e-13,2.2003770923248,0.595,0.323,1.16660449274788e-08,"4","H2AFX"
5.96375828554717e-13,1.36843144166823,0.973,0.959,1.44042653870821e-08,"4","HSPE1"
8.44444547690119e-13,1.82482601162792,0.667,0.409,2.03958691603594e-08,"4","MT1M"
1.56767500739213e-12,1.95338398304244,0.604,0.347,3.78640544535421e-08,"4","ADRB2"
1.74402861842406e-12,1.26063525451748,0.532,0.24,4.21235232207964e-08,"4","PPM1K"
2.08142281926438e-12,1.65262260801533,0.82,0.652,5.02726053536927e-08,"4","CSRNP1"
2.17639129345948e-12,2.26031747411466,0.306,0.094,5.25663789109268e-08,"4","PEG10"
2.41671160955853e-12,2.56420485456914,0.432,0.191,5.83708355056672e-08,"4","DDX26B"
4.80534764960558e-12,2.32592186329037,0.369,0.136,1.16063561780924e-07,"4","PRKCG"
7.1168715194799e-12,1.67816582743183,0.694,0.479,1.71893797809998e-07,"4","THAP9-AS1"
9.92862645677739e-12,1.74304056059357,0.613,0.357,2.39806114810544e-07,"4","ARL4D"
1.19879061770476e-11,2.96023134588719,0.315,0.106,2.89543897894232e-07,"4","PLEKHG2"
1.29222866981898e-11,1.99005013764032,0.252,0.068,3.12111990621377e-07,"4","JARID2"
1.81781224134873e-11,0.752403872211966,1,0.965,4.3905619065296e-07,"4","RBM39"
2.14625366325482e-11,0.918754678460622,0.982,0.911,5.18384647285936e-07,"4","DNAJB6"
2.37177901015504e-11,1.21146015193777,0.964,0.927,5.72855784322747e-07,"4","NNMT"
2.54133263332452e-11,1.89572183321394,0.685,0.438,6.13808070926871e-07,"4","LOC284454"
2.64904039343727e-11,1.71633741773374,0.333,0.119,6.39822726226903e-07,"4","PRR3"
2.68948499897275e-11,0.801277207270278,0.955,0.903,6.49591311801889e-07,"4","IVNS1ABP"
3.73060619108328e-11,1.48230895014213,0.568,0.299,9.01053313332344e-07,"4","LOC100996255"
4.40824157303023e-11,1.40052788489211,0.946,0.902,1.06472258713399e-06,"4","JMJD1C"
4.61638007306494e-11,1.75895276797959,0.685,0.458,1.11499427904738e-06,"4","LINC01578"
4.9810496390487e-11,2.71304874264444,0.279,0.089,1.20307291931943e-06,"4","KIR3DX1"
5.37008548323326e-11,1.59473970921586,0.721,0.503,1.29703674676533e-06,"4","TXNIP"
5.72648487769336e-11,1.45665992896315,0.811,0.606,1.38311789250928e-06,"4","FOXC1"
6.23323506794596e-11,0.727433308420358,0.991,0.955,1.50551326596099e-06,"4","GNAS"
7.04005293688244e-11,1.44796784004453,0.712,0.488,1.70038398584522e-06,"4","CENPC"
8.30536444684297e-11,1.40410614393618,0.658,0.399,2.00599467484598e-06,"4","FAM214A"
1.06199273964213e-10,1.74208497089405,0.649,0.408,2.56503106405763e-06,"4","MAFB"
1.17400572856984e-10,0.924855967412355,0.946,0.881,2.83557603621473e-06,"4","IFRD1"
1.37440264184851e-10,1.4296901207837,0.784,0.551,3.3195947008567e-06,"4","ZFAND2A"
1.54331699565753e-10,1.34477074853765,0.748,0.538,3.72757353961164e-06,"4","DHRS3"
1.86842961769469e-10,0.974601579468136,0.748,0.559,4.51281805561797e-06,"4","MTRNR2L1"
1.89823649247203e-10,0.672991117102197,0.937,0.837,4.58481060026769e-06,"4","MTRNR2L8"
1.96104885965071e-10,1.55506761842988,0.405,0.164,4.73652131071437e-06,"4","RASL11A"
2.46723550148318e-10,0.922222604737481,0.946,0.85,5.95911390673233e-06,"4","FAM46A"
2.62909159790737e-10,0.904512603334594,1,0.94,6.35004493642567e-06,"4","HNRNPDL"
3.04660801179394e-10,0.85919946593123,0.973,0.878,7.35847233088591e-06,"4","IDI1"
3.05300571002811e-10,1.56525122945794,0.712,0.46,7.3739246914309e-06,"4","C16orf72"
3.19832854706429e-10,2.43770698620335,0.559,0.355,7.72492293972438e-06,"4","CD83"
3.44597614489344e-10,1.92007702226225,0.495,0.259,8.32306618276112e-06,"4","CEBPD"
3.72567830487862e-10,2.00431139851527,0.405,0.178,8.99863080977333e-06,"4","LRIG3"
3.80221033166234e-10,1.53302292980987,0.631,0.381,9.18347861406406e-06,"4","C12orf65"
4.82370490348658e-10,1.50135715824718,0.36,0.142,1.16506944533911e-05,"4","SNHG11"
4.96898534437757e-10,1.15784428098374,0.892,0.783,1.20015903022751e-05,"4","PPP1R3C"
5.7472492507915e-10,1.83873714092362,0.73,0.546,1.38813311154367e-05,"4","HIST1H2BK"
6.57072683781855e-10,1.62209442313991,0.793,0.624,1.58702765313831e-05,"4","NFKBIZ"
8.40461283970101e-10,1.32563559210493,0.847,0.729,2.02996613917298e-05,"4","CFAP20"
1.01706212521846e-09,0.775972353234855,1,0.982,2.45651015104014e-05,"4","MT1X"
1.49739347941714e-09,3.50304844500475,0.252,0.086,3.61665447083622e-05,"4","FBXO48"
1.5985748765676e-09,1.568595444129,0.559,0.32,3.86103789937373e-05,"4","ZNF131"
1.90243857275202e-09,1.27395935171216,0.802,0.622,4.59495988476796e-05,"4","NEU1"
2.06653698463755e-09,1.35044263285449,0.622,0.373,4.99130677899506e-05,"4","RLF"
2.18287946947626e-09,1.31252851370355,0.685,0.479,5.27230878262602e-05,"4","HMGCS1"
2.47063076507573e-09,0.453242203204603,1,0.998,5.96731448688742e-05,"4","H3F3B"
2.57852681817484e-09,0.864228215185011,1,0.983,6.22791582393769e-05,"4","CYR61"
2.60302018131049e-09,1.51210331478377,0.685,0.496,6.28707464391923e-05,"4","SPTY2D1"
2.66968892572852e-09,0.745108350252757,0.937,0.84,6.44809966231208e-05,"4","AKAP9"
2.68538223625111e-09,1.47796245502334,0.523,0.286,6.48600371521731e-05,"4","DDX3Y"
3.09763896413715e-09,2.0900806568722,0.441,0.224,7.48172739008046e-05,"4","CCNG2"
3.26550815861286e-09,1.16845346595377,0.874,0.783,7.88718185549763e-05,"4","YTHDC1"
3.42570972195337e-09,0.679516602439738,1,0.975,8.27411669143397e-05,"4","HNRNPA2B1"
4.0012644473737e-09,1.15944124805618,0.865,0.714,9.6642540197417e-05,"4","NOP56"
5.1990447604281e-09,1.40829057810717,0.55,0.32,0.00012557252809862,"4","HBP1"
5.41423232637339e-09,1.37779028451887,0.378,0.17,0.000130769953378897,"4","EIF3J-AS1"
6.1273080084565e-09,1.5536902270012,0.676,0.485,0.00014799287032825,"4","MAF"
6.18572679405103e-09,1.05233728870422,0.883,0.707,0.000149403859256715,"4","TCP1"
6.48823298844801e-09,1.87769255742379,0.351,0.152,0.000156710291369985,"4","KDM3A"
7.4377410014122e-09,1.653135844497,0.523,0.292,0.000179643758407109,"4","PER3"
7.58043135479429e-09,0.962328114807992,0.838,0.685,0.000183090158512347,"4","ARID4B"
7.67144376789813e-09,1.57264418877236,0.595,0.357,0.000185288381326044,"4","SAV1"
8.15727672046246e-09,0.910564650001605,0.892,0.77,0.00019702270462933,"4","RBM25"
9.27742610012214e-09,1.30127716719115,0.495,0.262,0.00022407767259625,"4","LASP1"
9.61552891590572e-09,0.691166304888051,0.892,0.917,0.000232243869905871,"4","GOLGB1"
9.80201013869325e-09,0.576306864964954,1,0.946,0.000236747950879858,"4","PABPC1"
1.00294695596958e-08,1.90801301858664,0.351,0.152,0.000242241778275333,"4","CAPRIN2"
1.04041894345251e-08,0.76021815827769,0.946,0.902,0.000251292387412085,"4","ZFAND5"
1.16245929624528e-08,0.938358673750413,0.847,0.68,0.000280768793822121,"4","CSGALNACT1"
1.17898579873021e-08,1.01373440736542,0.712,0.476,0.000284760439967309,"4","POLR2A"
1.19989059333755e-08,1.21852991554993,0.559,0.315,0.000289809575008819,"4","WDR47"
1.3533582465754e-08,2.39632551906965,0.36,0.164,0.000326876617295356,"4","BCL2L12"
1.37440737369113e-08,1.3519609472013,0.784,0.613,0.000331960612967619,"4","NMB"
1.39501539576931e-08,2.3006239606998,0.261,0.094,0.000336938068540161,"4","AHDC1"
1.45825049924259e-08,1.39133044094322,0.604,0.353,0.000352211243082063,"4","ARIH1"
1.51681858818998e-08,1.47435443050498,0.514,0.308,0.000366357193605527,"4","KANSL2"
1.58221306324874e-08,1.21000800228055,0.649,0.432,0.000382151921166468,"4","PER2"
1.62470053089656e-08,1.00109331646749,0.685,0.448,0.000392413919227447,"4","PRDM2"
1.66817400866481e-08,0.727859097159417,1,0.953,0.000402914068312812,"4","SLC38A2"
1.86065141624537e-08,1.04827505937061,0.613,0.388,0.000449403136565744,"4","CSRNP2"
1.91721347128515e-08,1.71385488392392,0.333,0.147,0.000463064569719502,"4","DUSP10"
1.98914109082308e-08,2.14592944074722,0.468,0.257,0.000480437247666498,"4","IRF1"
2.04243556107247e-08,1.23267308777827,0.595,0.385,0.000493309461065834,"4","FGFR2"
2.16781839445713e-08,0.770898437347052,0.766,0.525,0.000523593176813231,"4","NFIC"
2.31351267337358e-08,2.1052393846072,0.378,0.178,0.00055878271599992,"4","USPL1"
2.37792334960479e-08,1.23389093834574,0.613,0.381,0.000574339826630044,"4","TNRC6A"
2.4766894672292e-08,1.98330798701029,0.459,0.255,0.000598194807019869,"4","CEP57"
2.64076420189381e-08,0.765489581870981,0.892,0.715,0.000637823777683412,"4","MTRNR2L9"
2.96495101625074e-08,2.14652780563737,0.514,0.306,0.000716124618955042,"4","RDH10"
2.99588865952028e-08,0.699750845453712,0.928,0.843,0.000723596987933933,"4","GAS5"
3.45823228741743e-08,1.68640722806314,0.532,0.306,0.000835266844379932,"4","LRP6"
3.47000681016697e-08,1.40027265978759,0.432,0.212,0.000838110744859628,"4","REL"
3.47658073480444e-08,1.27395169725172,0.414,0.201,0.000839698544877317,"4","DENND4A"
3.67014936185832e-08,1.9663310237057,0.396,0.206,0.00088645117536964,"4","PPM1D"
3.88686742013857e-08,2.08875383764741,0.64,0.456,0.000938795087986068,"4","EGR3"
4.50287575416901e-08,0.893979891827681,0.622,0.395,0.00108757958090444,"4","TNRC6B"
4.6307726309934e-08,1.85854905000523,0.459,0.245,0.00111847051356384,"4","ZMYM5"
4.75012935833613e-08,1.78281578560411,0.351,0.161,0.00114729874391893,"4","SCAPER"
5.44813707336875e-08,0.895145306993606,0.892,0.791,0.00131588854733075,"4","SRRM1"
5.7122129787875e-08,1.04263092503255,0.856,0.714,0.00137967080076654,"4","FUS"
5.74697982061341e-08,2.87601860144681,0.27,0.107,0.00138806803607276,"4","VSIG10"
5.77156386712398e-08,0.652839243823963,0.964,0.891,0.00139400582082645,"4","OAT"
6.5884380938077e-08,1.45107702553806,0.468,0.257,0.00159130545279737,"4","PIK3R1"
6.95186661080374e-08,1.96615156470269,0.378,0.184,0.00167908434250743,"4","HNRNPU-AS1"
7.47325162673608e-08,1.19272356068925,0.685,0.485,0.00180501446540557,"4","DDIT4L"
8.01672218658326e-08,2.32300851817294,0.45,0.264,0.00193627890972545,"4","SIX4"
8.70034722518088e-08,1.12419670422057,0.685,0.471,0.00210139486529794,"4","TCF4"
9.22004821782471e-08,0.949534194341592,0.874,0.798,0.0022269182460512,"4","AHSA1"
9.52521047591461e-08,0.7939348585543,0.847,0.713,0.00230062408624765,"4","BCLAF1"
1.10294250260474e-07,1.53152155608698,0.306,0.129,0.00266393702654123,"4","MAP1A"
1.14486907351231e-07,1.96454540030695,0.297,0.128,0.00276520227325428,"4","LOC439994"
1.23353404514939e-07,1.22753311252251,0.586,0.376,0.00297935477924933,"4","GGNBP2"
1.28025608704312e-07,2.40975153236966,0.261,0.103,0.00309220252703526,"4","NUSAP1"
1.42381631431991e-07,1.13615293332131,0.721,0.616,0.00343894354397688,"4","EPC1"
1.54292708461778e-07,1.51214198669151,0.541,0.339,0.00372663178747733,"4","HOXC10"
1.89462094272147e-07,0.806740752190785,0.739,0.542,0.00457607796295516,"4","SEC24A"
1.90674883068261e-07,1.65906192259319,0.486,0.29,0.0046053704507477,"4","KIAA1279"
1.93797960002846e-07,0.809468792591793,0.739,0.569,0.00468080212794874,"4","IRF2BP2"
1.97076740924168e-07,1.3671738936336,0.586,0.42,0.00475999452354142,"4","CITED2"
2.03185244183842e-07,1.74978754286586,0.514,0.334,0.00490753320277233,"4","EP300"
2.17592126563067e-07,1.40852564191362,0.613,0.429,0.00525550263287775,"4","TBPL1"
2.21585676945713e-07,1.60785864416768,0.559,0.386,0.00535195885526982,"4","PHIP"
2.2391061516484e-07,0.635754008353959,0.901,0.759,0.00540811308807639,"4","LOC100129434"
2.3227626725725e-07,0.620764168071641,0.973,0.96,0.00561016868306436,"4","HNRNPC"
2.4354287195587e-07,2.05564304427592,0.27,0.11,0.00588229098635013,"4","DARS2"
2.44254842516807e-07,1.17318793119729,0.667,0.493,0.00589948721130844,"4","FOXO1"
2.55763678643302e-07,1.29743419180375,0.468,0.275,0.00617746013027168,"4","DEDD2"
2.63021868257957e-07,1.57306466420655,0.568,0.377,0.00635276718403443,"4","PDK4"
2.64371143233155e-07,0.961474226440977,0.495,0.279,0.00638535622251039,"4","CEP126"
2.79190360971901e-07,1.03524125361183,0.811,0.703,0.00674328478855433,"4","GDF10"
2.86372630433046e-07,1.46877656469369,0.441,0.254,0.00691675814284936,"4","RMRP"
2.91489170923244e-07,1.94717160979317,0.369,0.186,0.00704033794530911,"4","PCDH9"
3.17313320890829e-07,2.20313367228857,0.351,0.18,0.00766406863947619,"4","EZH2"
3.43630802670972e-07,1.39683920639486,0.306,0.131,0.00829971477691198,"4","USP37"
3.69102992445664e-07,1.08239030466527,0.604,0.404,0.00891494457654013,"4","TCEAL8"
3.77165655674905e-07,0.445085145542337,0.955,0.922,0.00910968208151598,"4","EID1"
3.87142302861062e-07,1.19354967022686,0.468,0.26,0.00935064804100324,"4","ADSSL1"
4.02259113443342e-07,1.73247210421163,0.432,0.254,0.00971576436699703,"4","CASP3"
4.05073290624181e-07,1.02123608333652,0.739,0.573,0.00978373518844584,"4","CAMSAP2"
4.24988757531911e-07,0.631244615517805,1,0.986,0.0102647534606683,"4","HSPB1"
4.46303145194355e-07,1.28479668441167,0.622,0.423,0.0107795598658792,"4","ERO1LB"
5.15080056913405e-07,0.424342315014748,1,0.988,0.0124407286146295,"4","SAT1"
5.49540381291606e-07,0.698590745034311,0.919,0.835,0.0132730488293362,"4","METTL21A"
5.51476443412828e-07,0.970434417109634,0.532,0.34,0.01331981053775,"4","MTUS1"
5.57701628979814e-07,0.419324574230094,1,0.992,0.0134701674447495,"4","DDX5"
6.72145932084403e-07,0.771560423546663,1,0.952,0.0162343406976346,"4","DDX3X"
6.7482932968199e-07,1.65694169952459,0.486,0.305,0.0162991527998091,"4","USP38"
6.83343989085984e-07,1.14740901984997,0.739,0.555,0.0165048073683938,"4","LBH"
7.04099584075356e-07,1.14732287906677,0.414,0.217,0.0170061172541721,"4","NBEAL1"
7.89687904212715e-07,0.453151149313674,0.964,0.862,0.0190733319504497,"4","LOC102724699"
8.15789341744032e-07,0.868557656547111,0.739,0.574,0.0197037599711436,"4","JMJD6"
8.9776584748498e-07,0.846812925102491,0.856,0.729,0.0216837385143047,"4","PNN"
9.09313289109413e-07,1.4508390328596,0.36,0.184,0.0219626438718597,"4","ING2"
1.03355791875825e-06,1.53687192303743,0.459,0.269,0.024963524411768,"4","TMEM204"
1.08925026268452e-06,1.47747902291022,0.297,0.133,0.0263086615946193,"4","BBS4"
1.18682546815273e-06,1.47872225105068,0.586,0.411,0.0286653955322929,"4","IKZF5"
1.27203780652896e-06,1.5506459852857,0.45,0.262,0.030723529141094,"4","SHC4"
1.27969314654895e-06,0.70312488523295,0.892,0.825,0.0309084285685969,"4","IST1"
1.28432071371009e-06,1.51536938419849,0.414,0.219,0.0310201981982399,"4","EXTL2"
1.34437005132492e-06,0.631610053211268,0.982,0.944,0.0324705698496509,"4","MAP1LC3B"
1.44000976547176e-06,1.99722025365929,0.369,0.201,0.0347805558654395,"4","KDM3B"
1.67255481713552e-06,1.37142856933119,0.541,0.354,0.0403972164982743,"4","DSEL"
1.74366984355962e-06,0.502966253771851,0.586,0.368,0.0421148577314955,"4","MKNK2"
2.02184498484695e-06,1.67998735997014,0.432,0.252,0.0488336219190085,"4","RNF138"
2.37022263628471e-06,0.708417684728971,0.865,0.745,0.0572479873341845,"4","USP53"
2.39372415660289e-06,1.24249909209662,0.333,0.165,0.0578156195544297,"4","ARRDC2"
2.45867001240521e-06,1.61087153245168,0.387,0.213,0.059384256809623,"4","RIPK1"
2.512136688036e-06,1.23501729768905,0.423,0.236,0.0606756374261335,"4","ZC3H6"
2.6835692386274e-06,1.18261366260873,0.649,0.526,0.0648162478205676,"4","FOXO3"
2.74037789534969e-06,1.04963049602207,0.928,0.862,0.0661883473063811,"4","BAG3"
2.74578686787182e-06,1.42963023430111,0.595,0.428,0.066318990219708,"4","KDM5B"
2.98362130484282e-06,1.26820872970038,0.568,0.376,0.0720634053758685,"4","UBAP2L"
3.31066863030205e-06,0.797094401408655,0.946,0.815,0.0799625794276853,"4","NOP58"
3.31341034504896e-06,1.41222829084398,0.486,0.301,0.0800288000639676,"4","ANKRD36B"
3.57021171350461e-06,1.20407682773487,0.532,0.346,0.0862313235162769,"4","KAT6B"
3.7094096198535e-06,0.863180890821951,0.73,0.6,0.0895933705483216,"4","CACYBP"
3.71980135941257e-06,2.04148889395789,0.378,0.217,0.0898443622338918,"4","FLJ42627"
3.81581408497648e-06,2.20660318462537,0.36,0.201,0.0921633575944368,"4","WEE1"
4.03644178304764e-06,1.4429704556238,0.405,0.231,0.0974921783859496,"4","FRMD4B"
4.27254093430113e-06,1.39208841919782,0.432,0.259,0.103194681186175,"4","ARMCX2"
4.30357205013309e-06,1.18446379261106,0.73,0.568,0.103944175726864,"4","CREB5"
4.33941894013871e-06,0.805013064440475,0.631,0.455,0.10480998566117,"4","NFIA"
4.44065621659597e-06,1.73850790099781,0.514,0.343,0.107255169599442,"4","MCM7"
4.81937971948728e-06,1.39227455969256,0.297,0.139,0.116402478364776,"4","DCUN1D3"
5.03492289586447e-06,0.880480722378944,0.45,0.257,0.121608492703814,"4","JADE1"
5.13163132682739e-06,1.25494367012233,0.459,0.273,0.123944291436862,"4","SPATS2"
5.15126422322433e-06,1.08760121899651,0.396,0.217,0.124418484783537,"4","NR1D2"
5.43529336758674e-06,1.45870914759927,0.793,0.681,0.131278640707322,"4","CHORDC1"
5.46557452371293e-06,0.871539604015164,0.775,0.671,0.132010021471238,"4","MPHOSPH8"
5.71613839979103e-06,0.942707984802881,0.82,0.705,0.138061890770153,"4","RPL22L1"
5.97044248461395e-06,1.03935330570908,0.342,0.176,0.144204097330881,"4","RNF217"
6.32486936882619e-06,1.05696965113576,0.667,0.507,0.152764569865259,"4","TRIM28"
6.50050725383489e-06,1.82844854325626,0.306,0.154,0.157006751701874,"4","ANKRD26"
6.69660057717957e-06,1.27476188077933,0.604,0.441,0.161742993740618,"4","ABHD5"
6.74501478724564e-06,0.775108729103667,0.865,0.821,0.162912342156344,"4","SRSF11"
6.92161923069436e-06,1.19523346751474,0.288,0.134,0.167177869278961,"4","GABBR1"
7.04453987243521e-06,1.69431181678912,0.297,0.143,0.170146771538928,"4","SPG7"
7.30256736158427e-06,1.8220623565634,0.613,0.484,0.176378909484345,"4","DNAJA4"
7.46960634345959e-06,0.905579795661123,0.73,0.568,0.180413402013579,"4","KIAA1191"
7.90821887104732e-06,1.04573313087262,0.658,0.511,0.191007210392406,"4","ASH1L"
7.99078920819624e-06,0.768932600860084,0.838,0.724,0.193001531745564,"4","ZC3H11A"
8.53134970892859e-06,1.08567685126668,0.703,0.579,0.206057689519752,"4","CTR9"
8.62470023487976e-06,1.8027530924195,0.523,0.362,0.208312384773051,"4","ATP1B2"
9.06654102817221e-06,0.697033162739118,0.523,0.325,0.218984165453443,"4","NFIB"
9.38663038071828e-06,0.974744766045178,0.712,0.543,0.226715283585489,"4","LMCD1"
9.68565713370054e-06,0.578113713138495,0.955,0.871,0.233937676750269,"4","TUBB2A"
1.06468811989045e-05,1.35518199599221,0.27,0.126,0.25715412159714,"4","FAM76B"
1.0876964920395e-05,0.67483231917165,0.55,0.384,0.2627113337223,"4","MEF2D"
1.23713417584164e-05,1.55866824443146,0.532,0.341,0.298805017491031,"4","ASXL1"
1.27134941368587e-05,1.46840728953834,0.27,0.13,0.307069023887548,"4","SSH1"
1.32254943644177e-05,0.732713385262318,0.261,0.119,0.319435365383781,"4","ZNF827"
1.36825927108357e-05,0.329132538891525,1,1,0.330475661744815,"4","MALAT1"
1.41735222841956e-05,0.507948044661813,0.892,0.792,0.342333083730176,"4","LSP1"
1.42720236200823e-05,0.848571262061123,0.694,0.535,0.344712186495848,"4","PITHD1"
1.43442586291335e-05,0.688890389516028,0.82,0.749,0.346456878669462,"4","EPB41L2"
1.49178081698946e-05,1.36074662033768,0.423,0.262,0.360309820727465,"4","UBN2"
1.50951466942557e-05,0.54509653965253,0.847,0.762,0.364593078106357,"4","SOX4"
1.52211051290153e-05,1.12435600272109,0.694,0.576,0.367635352181106,"4","SLC25A36"
1.73781034278443e-05,1.59157090999938,0.369,0.204,0.419733332092723,"4","BARX1"
1.78514553712546e-05,1.0691292778706,0.676,0.523,0.431166201581912,"4","SERTAD4-AS1"
1.81261017758315e-05,1.97044770918715,0.333,0.187,0.437799736191658,"4","ZHX2"
1.816099281317e-05,1.2920252504323,0.577,0.437,0.438642459416496,"4","FKBP4"
1.92909056397619e-05,1.07733122377406,0.631,0.481,0.465933243917169,"4","RBMXL1"
2.10923111613891e-05,1.12092300110522,0.541,0.369,0.50944259148103,"4","RERG"
2.12288585115322e-05,0.702002704361254,0.523,0.328,0.512740619629036,"4","SIK3"
2.13849564594137e-05,0.502340285767312,0.91,0.831,0.516510853364219,"4","PCBP1"
2.14708753168081e-05,0.883193205824056,0.559,0.391,0.518586051526867,"4","PKD1P6"
2.22659730325713e-05,1.07927403148627,0.459,0.279,0.537790046655694,"4","PHF20"
2.29501210175613e-05,1.24786379046395,0.432,0.263,0.554314272937158,"4","SLC25A44"
2.34632239768655e-05,1.33610389149571,0.288,0.143,0.566707248713233,"4","SOX15"
2.36392079067308e-05,2.14319912822332,0.324,0.177,0.570957788571269,"4","NIN"
2.46348336161849e-05,1.49786906671487,0.378,0.221,0.595005136331714,"4","SIK1"
2.47719996870642e-05,0.326500314654275,1,0.937,0.598318108441662,"4","HNRNPH1"
2.56882721545285e-05,1.10073646173461,0.423,0.256,0.620448837348328,"4","TDP2"
2.61012548442949e-05,1.0119493651993,0.586,0.422,0.630423608254255,"4","TUFT1"
2.79075878581734e-05,0.63498765163413,0.838,0.715,0.674051969538461,"4","GPI"
2.81832368831218e-05,0.545848218032203,0.468,0.263,0.680709720438042,"4","RPS4Y1"
2.96997837787693e-05,1.69444839794987,0.297,0.156,0.717338877608615,"4","BCL2L11"
3.29737237213299e-05,1.29980134883803,0.441,0.277,0.796414349041281,"4","ADAM17"
3.35426993590674e-05,1.34903003194824,0.495,0.326,0.810156817619554,"4","MTRNR2L10"
3.43615618179377e-05,1.11356987375338,0.45,0.287,0.829934802588649,"4","MPP5"
3.46177658713508e-05,1.7563376793995,0.252,0.119,0.836122899090736,"4","PPARA"
3.46204606993028e-05,0.940031902368559,0.712,0.558,0.83618798727026,"4","RBM5"
3.69869731105378e-05,0.787972832293571,0.685,0.526,0.893346361538819,"4","SLC14A1"
3.9737506232146e-05,0.804716160349237,0.775,0.69,0.959779988025021,"4","HMGB2"
4.06623992763802e-05,1.33903632729694,0.324,0.171,0.982118929722412,"4","NFATC3"
4.23967919952295e-05,1.25524142105597,0.369,0.217,1,"4","ARHGAP29"
4.44965828687596e-05,1.55291489571027,0.27,0.134,1,"4","C4orf47"
4.51134025634618e-05,0.959640798500858,0.532,0.368,1,"4","KLHL15"
4.57114415319223e-05,0.677818034873356,0.766,0.641,1,"4","ATRX"
4.58291950377642e-05,0.701799385385416,0.838,0.769,1,"4","TFRC"
4.8301148165445e-05,0.405740316638172,0.883,0.74,1,"4","CFLAR"
4.86382771211265e-05,1.19381792100941,0.414,0.248,1,"4","SPG11"
4.86674982261042e-05,1.20654942235381,0.333,0.185,1,"4","JMY"
4.88717575512355e-05,1.36651878438425,0.252,0.12,1,"4","GLIS2"
4.89759418095575e-05,1.14924423968896,0.261,0.124,1,"4","PHF19"
4.97230338596544e-05,1.58095868019894,0.279,0.142,1,"4","TYW1B"
5.13918205222934e-05,1.05398796240012,0.55,0.421,1,"4","SOX5"
5.16937865006062e-05,1.57586536832485,0.288,0.148,1,"4","PRR14"
5.42266219737577e-05,1.35395189089143,0.333,0.19,1,"4","ZRSR2"
5.51285841753087e-05,0.775607362606706,0.622,0.444,1,"4","TUBB2B"
5.61379073901961e-05,0.648345594893234,0.928,0.824,1,"4","HNRNPL"
5.67506563560037e-05,0.574207456101007,0.73,0.558,1,"4","SSPN"
5.85345141150046e-05,1.22294505247903,0.405,0.244,1,"4","JOSD1"
5.86061222421516e-05,1.71843907489859,0.315,0.175,1,"4","FXR2"
5.89854675475987e-05,1.39312127792106,0.36,0.212,1,"4","HDAC1"
5.91931383270749e-05,0.896009683210906,0.73,0.591,1,"4","CKS1B"
6.21838870204806e-05,0.79337222777602,0.757,0.602,1,"4","LIMCH1"
6.30628319061143e-05,0.377921199852641,0.342,0.208,1,"4","ARIH2OS"
6.57048547943522e-05,0.510187670831133,0.82,0.685,1,"4","NAMPT"
6.6301977284551e-05,1.36172664515467,0.405,0.254,1,"4","UQCC3"
6.8671070153729e-05,0.413416641974993,0.973,0.893,1,"4","CIRBP"
6.9918188093498e-05,0.759521387817959,0.595,0.416,1,"4","CCDC186"
7.10033325599695e-05,1.82019697001945,0.261,0.133,1,"4","MUM1"
7.32285371223979e-05,0.764363632273544,0.937,0.876,1,"4","BNIP3"
7.46152127388066e-05,1.25760486509955,0.405,0.258,1,"4","PRPSAP1"
7.61419900217529e-05,1.38932158795308,0.306,0.164,1,"4","ATAD2B"
7.86966238426346e-05,0.966929518147573,0.595,0.451,1,"4","TLE4"
8.06395930004072e-05,0.342619105269362,0.252,0.119,1,"4","CCDC30"
8.10448068888877e-05,0.694657124456157,0.658,0.518,1,"4","ANP32E"
8.41385401538974e-05,0.418586487345035,0.964,0.941,1,"4","LRP1"
8.78368820291665e-05,0.753182095589372,0.333,0.18,1,"4","STARD10"
8.78429764402086e-05,0.751409979602703,0.919,0.892,1,"4","IER3"
9.60499493729434e-05,1.55288200085394,0.279,0.147,1,"4","TMEM39B"
0.000100116990125168,1.60136495580821,0.252,0.128,1,"4","ZBTB2"
0.000101129561416801,1.34218310545554,0.396,0.238,1,"4","CEP95"
0.000103001856885178,0.865266342929921,0.811,0.695,1,"4","CHD1"
0.000103864474163305,1.4371754336827,0.297,0.155,1,"4","CHD3"
0.000105511643767302,1.2098411698173,0.649,0.503,1,"4","SERPINB1"
0.000106658662011774,1.20305345499044,0.396,0.25,1,"4","NCOA1"
0.00011353382888301,1.35103684883774,0.261,0.133,1,"4","TRNAU1AP"
0.000115147605307713,1.69955111835139,0.405,0.269,1,"4","TUBD1"
0.000120661141642849,1.05398230793649,0.721,0.605,1,"4","SMAD7"
0.000122755344737609,0.854971386664442,0.55,0.389,1,"4","USP1"
0.000123825024321513,1.40334351446978,0.432,0.283,1,"4","UBR1"
0.000124810555162437,1.40433342239736,0.27,0.143,1,"4","PRKCH"
0.000124896536380098,1.03110910088353,0.658,0.563,1,"4","SNAPC1"
0.000128856073508903,0.419918256352497,0.874,0.847,1,"4","ATP5G2"
0.000130018818117915,0.706831109923385,0.477,0.313,1,"4","DUSP5"
0.000130876755794671,0.953809251345798,0.694,0.577,1,"4","PLEKHA1"
0.000139208550883071,1.12389762535232,0.55,0.397,1,"4","GPATCH8"
0.000139907307358663,1.2044019778931,0.631,0.53,1,"4","AHCYL1"
0.000142974638213219,1.46349835113236,0.324,0.182,1,"4","LINC01004"
0.000147645011336191,0.761528336127225,0.703,0.601,1,"4","RNMT"
0.000148456903910903,1.02358346022308,0.333,0.185,1,"4","WSCD2"
0.00015033474228597,1.47640514291934,0.252,0.129,1,"4","DNAH11"
0.000155213462679039,1.02286074379226,0.604,0.467,1,"4","CWF19L2"
0.000155350021824613,0.416140437028075,0.586,0.402,1,"4","CDKN1C"
0.000159213286584681,1.28761075797469,0.55,0.423,1,"4","CYB5D1"
0.000161327179445168,0.837371318060966,0.486,0.339,1,"4","MTRNR2L6"
0.000171084876915603,0.82662828326865,0.721,0.586,1,"4","CHD4"
0.000171917552864288,1.32172240094049,0.27,0.138,1,"4","DMAP1"
0.000181141789409688,0.680146350968021,0.748,0.597,1,"4","LAG3"
0.00018809668507427,1.58275697984509,0.288,0.162,1,"4","CCDC115"
0.000190729679073105,0.793688569192399,0.432,0.274,1,"4","YPEL2"
0.000200602894206807,1.41822423970971,0.324,0.191,1,"4","HACL1"
0.000200728863046676,0.958106686554897,0.36,0.217,1,"4","MOK"
0.000203954468105802,0.871639696164284,0.486,0.343,1,"4","KMT2E-AS1"
0.000207254454627309,0.65764508910626,0.901,0.803,1,"4","ODC1"
0.000207403089400768,0.967228984240741,0.414,0.257,1,"4","CCDC14"
0.000211997761294353,1.20527384477306,0.351,0.216,1,"4","TSC1"
0.000212786118930221,2.14839562662613,0.261,0.141,1,"4","AXIN2"
0.000216474313729705,0.985339151451867,0.333,0.192,1,"4","TRIP6"
0.000217426830468725,0.563235291046925,0.739,0.641,1,"4","NUCKS1"
0.00021755413360609,1.05585121019939,0.595,0.446,1,"4","SPEN"
0.000218048340327748,1.19424762479065,0.459,0.329,1,"4","RPS6KB1"
0.000222084149152709,0.300614009877573,1,0.991,1,"4","RPS12"
0.000231437115888991,1.60200344390647,0.27,0.15,1,"4","RRNAD1"
0.000235544605669647,1.34364888256157,0.333,0.2,1,"4","MARCKSL1"
0.00024672789653864,1.08475776345508,0.333,0.196,1,"4","GORAB"
0.000249806817609812,0.52807976328115,0.91,0.824,1,"4","SF3B1"
0.000251707684707077,0.65533592407101,0.649,0.495,1,"4","METTL7A"
0.000257450454794171,1.23092840672723,0.252,0.129,1,"4","CCNB1"
0.000260815155399266,0.872667823505752,0.459,0.315,1,"4","ZMYM2"
0.000263897935170631,0.648626341792276,0.505,0.346,1,"4","KIAA2026"
0.000287571070531372,0.696311069760598,0.82,0.799,1,"4","HNRNPU"
0.000289496448753089,1.586372719306,0.342,0.207,1,"4","SIN3A"
0.000290115041635111,0.977796898214767,0.559,0.426,1,"4","UBR5"
0.000294310021026585,1.435205519768,0.261,0.14,1,"4","STX10"
0.000294673387844989,0.848443065017911,0.757,0.661,1,"4","SLU7"
0.000295143215062464,0.934413419016955,0.541,0.395,1,"4","MAP3K2"
0.000296208267398113,0.899507762236998,0.613,0.446,1,"4","MDM4"
0.000297008265160228,0.794842224299807,0.82,0.767,1,"4","WAC"
0.000307284184936996,0.760003121858078,0.423,0.27,1,"4","CREBZF"
0.000316155301172529,0.819017423070334,0.27,0.143,1,"4","HEIH"
0.00031891934527712,0.827496888655657,0.604,0.491,1,"4","OFD1"
0.000331096345232,1.07491778218873,0.577,0.451,1,"4","MAP1LC3B2"
0.000341479259012979,0.855364161365766,0.378,0.235,1,"4","POLH"
0.000345580464595172,0.839708040709541,0.622,0.493,1,"4","TACC1"
0.000353789331691946,1.0789494579392,0.387,0.264,1,"4","PLEKHA4"
0.000368574944841761,1.08511552993387,0.405,0.259,1,"4","ATXN7"
0.000377458549473149,0.738269264633296,0.532,0.371,1,"4","TAF1D"
0.000403092707308414,0.647735306870949,0.297,0.164,1,"4","PLCG2"
0.000406385056789457,0.508654133182332,0.928,0.859,1,"4","SRSF10"
0.000407214689201112,0.847832421181758,0.658,0.553,1,"4","SUGT1"
0.000413058495172728,0.950919636678679,0.595,0.491,1,"4","STAG2"
0.000415195937100441,1.05040720947383,0.414,0.279,1,"4","PIGBOS1"
0.00043535689413125,1.38580178656362,0.396,0.265,1,"4","RNF187"
0.00044723196647029,0.681298140374774,0.676,0.54,1,"4","USP9X"
0.000453907874573409,0.628247537166758,0.441,0.295,1,"4","KCNA6"
0.000457441001029181,1.89357947491802,0.261,0.149,1,"4","CD27-AS1"
0.000469858089911418,1.03474332532293,0.414,0.273,1,"4","NUMA1"
0.000474541050043023,1.10415102776128,0.27,0.148,1,"4","S100PBP"
0.000481807111706063,0.979396133766809,0.252,0.133,1,"4","ZMYND8"
0.000490839148802223,0.548712098131236,0.748,0.584,1,"4","BDP1"
0.000492181218903016,1.20346632065739,0.486,0.357,1,"4","KBTBD2"
0.000493405167842602,1.09458017873148,0.45,0.301,1,"4","USP22"
0.000500757189919517,1.3477575575976,0.333,0.213,1,"4","TARSL2"
0.000509141733335108,0.835426683517247,0.847,0.734,1,"4","PABPC4"
0.000512744506276453,0.933069493581162,0.541,0.394,1,"4","PKD1"
0.000513469743616977,0.938272584166411,0.36,0.222,1,"4","RFTN2"
0.000513729872266272,0.878582036001216,0.604,0.482,1,"4","G3BP2"
0.000522292543311476,0.649427312198203,0.883,0.853,1,"4","C6orf48"
0.000535575464122131,0.595966039910795,0.964,0.913,1,"4","THBS1"
0.000542742479040208,1.43118895883339,0.252,0.14,1,"4","GOLGA1"
0.000547736089597537,0.616367883258628,0.775,0.679,1,"4","PRPF38B"
0.000561662817958395,1.96821156829692,0.387,0.278,1,"4","OTULIN"
0.000562101831902745,1.27742849855867,0.315,0.195,1,"4","C5orf42"
0.00057768176104712,0.946194185083985,0.306,0.185,1,"4","NYAP2"
0.000583802941985056,1.04216689080094,0.495,0.363,1,"4","CA2"
0.00059120397749321,1.0779226302463,0.486,0.36,1,"4","RASA1"
0.00059230630363119,0.834413301451143,0.586,0.445,1,"4","KDM2A"
0.000627891672120764,0.387007521849218,0.775,0.649,1,"4","SCAF11"
0.000636314898645431,0.538271199434275,0.82,0.649,1,"4","POLE3"
0.000640132647485873,0.889304487513971,0.748,0.694,1,"4","SNAI2"
0.00064786838038607,0.620464296595258,0.396,0.258,1,"4","NSUN6"
0.000651600548762141,0.585202690404917,0.667,0.554,1,"4","ALKBH5"
0.000660900442311704,0.463559494899242,0.676,0.565,1,"4","UBE2S"
0.0006711946387134,1.32033545790321,0.559,0.454,1,"4","CREBRF"
0.000678481008709234,0.947914623067747,0.423,0.283,1,"4","PPIL3"
0.000680858915077962,0.487064276029615,0.748,0.605,1,"4","MT1F"
0.000681968626649614,0.938088960043467,0.568,0.451,1,"4","ZMAT2"
0.000688561592271011,0.85715999916876,0.658,0.564,1,"4","PPIL4"
0.000697473813930699,0.537429898507652,0.901,0.877,1,"4","SRSF6"
0.000700435218611059,0.639449135757421,0.748,0.655,1,"4","SLC25A37"
0.000710653278476023,0.449778265562288,0.757,0.664,1,"4","ZNF385D"
0.000712123649824263,0.765099779698882,0.414,0.271,1,"4","ANKHD1"
0.000732446925395116,1.09613967386845,0.45,0.312,1,"4","STX16"
0.000750855951231203,0.90387014567916,0.45,0.303,1,"4","IDH1"
0.000752623391162983,1.45300203404936,0.324,0.199,1,"4","CCDC117"
0.000756128061385571,1.04769017132972,0.288,0.163,1,"4","CCNYL1"
0.00077401199009387,1.6035943435483,0.306,0.194,1,"4","TSC22D4"
0.00080847036165042,0.294454162739325,1,0.993,1,"4","ACAN"
0.000822198028620477,1.51774556553657,0.252,0.143,1,"4","HSF4"
0.000840021519308711,0.4475488133562,0.901,0.828,1,"4","TTC3"
0.000847611518028028,0.486313821399361,0.757,0.637,1,"4","GSTM3"
0.000852222950722228,0.503910529543139,0.829,0.75,1,"4","SBDSP1"
0.00086565800677829,0.702340746691476,0.486,0.339,1,"4","ANKRD36"
0.000879139802763074,0.280394760025487,0.351,0.213,1,"4","GK5"
0.00090972187325055,1.08355444899097,0.658,0.558,1,"4","SLC19A2"
0.000911087961240991,0.821716454445129,0.468,0.338,1,"4","ZBED5"
0.00096723382030818,1.26195223085737,0.505,0.409,1,"4","KMT2A"
0.000989023479350963,0.980174001494311,0.441,0.323,1,"4","SNHG18"
0.00100153690388984,0.600825140334232,0.838,0.818,1,"4","NFAT5"
0.00100206907000638,1.21497401735899,0.45,0.334,1,"4","KITLG"
0.00102308298664446,1.14848149068255,0.351,0.227,1,"4","RAP2C"
0.00103512215383077,0.823052969223375,0.432,0.306,1,"4","KLF5"
0.00103826085624309,0.701525590098211,0.378,0.247,1,"4","PPAP2B"
0.00106965943344135,1.88506788911086,0.279,0.171,1,"4","WHAMM"
0.00108614885930371,0.464844664661154,0.36,0.22,1,"4","ZBTB11"
0.00108671569554318,1.30900007060605,0.514,0.396,1,"4","MBOAT1"
0.00113624486710674,0.978121497897427,0.604,0.496,1,"4","TXLNG"
0.00114434218686256,0.753158938487082,0.441,0.31,1,"4","ARFGEF1"
0.00114963186690919,0.835472577036694,0.523,0.387,1,"4","PURA"
0.00116577630319361,0.613390413855369,0.757,0.657,1,"4","C9orf3"
0.00120487592590942,0.984014942857616,0.514,0.409,1,"4","MRPL34"
0.00121428623351987,1.13129059263589,0.486,0.359,1,"4","CPEB2"
0.00122061429243841,0.435726393524143,0.928,0.881,1,"4","ST13"
0.001248944511461,1.02677585884328,0.324,0.199,1,"4","ZNF703"
0.00130404269221443,0.729369839391086,0.649,0.511,1,"4","TOB2"
0.00142206149263253,0.615428241921251,0.829,0.708,1,"4","PPP1R15B"
0.00146407843357756,0.715018019418675,0.514,0.393,1,"4","DCP1A"
0.0015092188561214,0.340462276697831,0.27,0.166,1,"4","HMG20A"
0.00151383923269644,1.34191512022418,0.261,0.157,1,"4","PDE4C"
0.00156480000270339,0.711785726465981,0.685,0.586,1,"4","CCDC88A"
0.00156925349289124,0.320055776991162,0.694,0.552,1,"4","GLTSCR2"
0.00159584203683848,0.811867785182346,0.288,0.171,1,"4","RIN2"
0.00160802464185033,0.829360809129811,0.532,0.413,1,"4","THUMPD3"
0.00163362036969047,0.548372388656232,0.649,0.526,1,"4","DYNC1H1"
0.00163780292336188,1.09807229083475,0.468,0.338,1,"4","EFNA1"
0.00166131888987065,0.970358256008273,0.532,0.423,1,"4","TRIM13"
0.00166514481510532,0.670753218354174,0.721,0.649,1,"4","GCC2"
0.00169545454927313,0.385242024198266,0.91,0.871,1,"4","ITGA10"
0.00169908097882087,1.54870352395735,0.288,0.182,1,"4","MTERF2"
0.00171026377032974,1.16743573334646,0.405,0.297,1,"4","AVPI1"
0.00174424294612169,1.12930329636364,0.459,0.352,1,"4","ZNF830"
0.0017755241671424,0.54845630162423,0.712,0.622,1,"4","DARS"
0.00178651579329781,0.866809188033781,0.333,0.203,1,"4","MAGI1"
0.0018099519013749,0.508056155795299,0.676,0.599,1,"4","NRN1"
0.00182149702857162,0.931764514440476,0.396,0.252,1,"4","STEAP4"
0.00182846538561296,1.05385469156399,0.559,0.452,1,"4","TUG1"
0.0018558950958904,0.318053642136046,0.342,0.209,1,"4","STAT5B"
0.00186721346496235,0.709390468685966,0.342,0.219,1,"4","EGFLAM"
0.00188454031789497,1.2261695777369,0.288,0.176,1,"4","CTCF"
0.00188475422416842,0.870673639114368,0.55,0.418,1,"4","ZRANB1"
0.00189495869535542,0.596359253180864,0.631,0.514,1,"4","HNRNPUL1"
0.00194097117122173,0.608975889260705,0.757,0.643,1,"4","CYP20A1"
0.00194961557876611,0.727048291697971,0.613,0.539,1,"4","TBL1XR1"
0.00196034789713424,1.10062424015925,0.369,0.251,1,"4","GNL1"
0.001967577481089,0.324363050736793,0.441,0.3,1,"4","LIX1L"
0.00196836177640664,0.753490157488307,0.505,0.394,1,"4","RBM23"
0.00198983707186846,0.798516708112743,0.468,0.344,1,"4","PCNA"
0.00199689336632335,0.556253846946149,0.514,0.375,1,"4","PPP2R5C"
0.00201607046487428,1.25028109096256,0.514,0.412,1,"4","PGM2L1"
0.00206121328872937,0.440706025652824,0.928,0.9,1,"4","C4orf3"
0.00209616270726231,0.536488936626973,0.829,0.708,1,"4","SMC5"
0.00210889324112858,0.696545430748232,0.613,0.513,1,"4","GOLGA2"
0.00210949402613279,0.61117283812874,0.55,0.421,1,"4","BCL6"
0.00211367921218072,2.28862221107316,0.252,0.154,1,"4","MTA2"
0.00212532191479728,1.11213138374142,0.559,0.455,1,"4","CAMK1D"
0.00212763681016978,0.253992172388675,1,0.998,1,"4","VIM"
0.00212804623515343,1.07347357154314,0.279,0.169,1,"4","ANP32A"
0.00213247439169713,0.773614820953965,0.631,0.507,1,"4","CEP350"
0.00215573742486104,1.09250041041915,0.441,0.32,1,"4","PDPK1"
0.00217814587513788,0.47986884355769,0.505,0.357,1,"4","MEPCE"
0.00218361496043391,0.71741963564803,0.694,0.59,1,"4","LUZP1"
0.00223417326439015,1.17163889624149,0.342,0.241,1,"4","NCOR2"
0.00223880209025877,1.31851933546822,0.45,0.334,1,"4","GMFB"
0.00224024587519302,0.666972209102174,0.541,0.454,1,"4","SPTSSA"
0.00224808518824184,0.527727558621863,0.559,0.414,1,"4","ENO2"
0.00228140048024532,0.623462707743642,0.586,0.443,1,"4","PPP1R2"
0.00228663453967113,0.497929221241488,0.405,0.282,1,"4","ARID1B"
0.00231587519745171,1.76063625406116,0.315,0.205,1,"4","DBR1"
0.00233465353660182,0.932085747277301,0.541,0.447,1,"4","SUPT5H"
0.00235575321088461,1.14406207320497,0.396,0.285,1,"4","GOPC"
0.0023945490456823,0.678052670784563,0.441,0.306,1,"4","PDS5B"
0.00242919703541572,1.35407590406222,0.261,0.158,1,"4","NPRL2"
0.00243073939811312,1.01974912945615,0.351,0.233,1,"4","HMGN5"
0.00243813757612438,0.716559140904412,0.91,0.855,1,"4","BHLHE40"
0.00244393800882784,1.62583395647455,0.252,0.152,1,"4","GAB1"
0.00244518220303852,0.302200295860091,0.703,0.577,1,"4","LOC729348"
0.00252406029841663,0.497312374005702,0.847,0.836,1,"4","WBP5"
0.00255075603892375,0.778334868190767,0.649,0.567,1,"4","NME4"
0.00258706018157824,0.88364661392444,0.27,0.167,1,"4","CDKN2C"
0.00260459497667321,0.794488814068112,0.658,0.567,1,"4","ATF6"
0.00262395150691003,0.801190511069169,0.532,0.405,1,"4","ERG"
0.00270679515885147,1.18344644270775,0.369,0.262,1,"4","KCNK5"
0.00271386245085538,0.567402636370888,0.288,0.169,1,"4","TXNDC16"
0.00272055174084736,0.54162225789448,0.883,0.852,1,"4","LUC7L3"
0.00274324701444795,0.672984817015989,0.901,0.898,1,"4","SERTAD1"
0.00275143597677338,1.49316167475268,0.279,0.171,1,"4","FAM214B"
0.00276520967014785,0.680320525734984,0.64,0.529,1,"4","SMARCA5"
0.00282637675301709,0.448498020000918,0.802,0.759,1,"4","GTF2B"
0.00282662491089817,0.730456844724889,0.946,0.895,1,"4","PTGES3"
0.00285316945778368,0.312630049593355,0.973,0.912,1,"4","HDLBP"
0.00290984606422719,0.595124114491256,0.523,0.37,1,"4","SRRT"
0.0029494004569462,1.13498875182308,0.55,0.479,1,"4","RBM22"
0.0029570759933779,0.815566934903929,0.748,0.695,1,"4","MAPRE2"
0.00295872678526089,0.507779651547324,0.486,0.342,1,"4","ANKRD17"
0.00295913119834699,0.297782104339043,0.892,0.806,1,"4","AHNAK"
0.00297998547931252,0.987534106884757,0.505,0.377,1,"4","KIAA0907"
0.00299316892318868,1.55706806613636,0.279,0.181,1,"4","HIST2H2BE"
0.00300349440926475,0.550663294581778,0.378,0.248,1,"4","ITGBL1"
0.00302402467394406,0.704551550090152,0.441,0.317,1,"4","ELMSAN1"
0.00304749582797261,1.25936357507441,0.387,0.274,1,"4","TUBA4A"
0.00305633271368436,0.328145024216587,0.892,0.858,1,"4","ARL6IP5"
0.00306713551307421,0.959456865932125,0.387,0.282,1,"4","KDM6A"
0.00307096503532594,1.1758208835738,0.333,0.221,1,"4","SDCCAG8"
0.00308300543986961,0.620118753388352,0.784,0.719,1,"4","PDE4DIP"
0.00312660934086381,0.640664276309289,0.36,0.236,1,"4","TMEM41A"
0.00318340066141641,0.963885746950399,0.486,0.381,1,"4","WHSC1L1"
0.00320731214941252,0.625125478176213,0.378,0.264,1,"4","FAM136A"
0.00324619626091712,1.22235636621369,0.261,0.161,1,"4","GNPDA1"
0.00327489703065901,0.946698541648481,0.36,0.245,1,"4","INO80"
0.00328440779163031,1.86895458838857,0.279,0.183,1,"4","LOC642361"
0.00334487029452342,1.17422896522548,0.387,0.286,1,"4","SIRT1"
0.00336419919591253,0.68673175937596,0.495,0.363,1,"4","CCNT1"
0.00340806236181462,0.3887839771488,0.829,0.769,1,"4","ANAPC16"
0.003486992678172,0.982385986286836,0.333,0.227,1,"4","ICK"
0.00351617434193835,0.579694035137578,0.324,0.213,1,"4","STK25"
0.0035458514035836,0.476302482905963,0.766,0.675,1,"4","TCF25"
0.00360190796180845,0.931077456805608,0.351,0.245,1,"4","ITSN1"
0.00360648501223072,0.878848038422755,0.441,0.332,1,"4","OBSL1"
0.00365404359918397,0.652184316549552,0.523,0.406,1,"4","SMC4"
0.00371865365069555,0.87519812087955,0.468,0.359,1,"4","ARG2"
0.00387610913270557,0.394657652838354,0.577,0.45,1,"4","FAM20C"
0.00389766140702489,0.660092813047458,0.315,0.202,1,"4","PLXNA3"
0.00395805080481478,1.14460593727769,0.468,0.385,1,"4","MGEA5"
0.00406088150362076,0.443623103840216,0.73,0.619,1,"4","ANKRD10"
0.00421524186032507,1.00675968293193,0.604,0.53,1,"4","WDR74"
0.00425157589384263,0.603751715921181,0.486,0.361,1,"4","ZCCHC14"
0.00443821376124701,1.39517209042397,0.279,0.175,1,"4","TAF4B"
0.00446407066757089,1.03342642634217,0.414,0.313,1,"4","METTL23"
0.00456502919145613,1.07778456108147,0.279,0.176,1,"4","PIM2"
0.00459080070047498,0.722862056678198,0.45,0.342,1,"4","SYNPO"
0.00461615717085065,1.55819222677785,0.252,0.161,1,"4","RCOR3"
0.0046292432509037,0.962138303737361,0.36,0.242,1,"4","PHYH"
0.00471774451807241,1.15487525325644,0.414,0.317,1,"4","DUSP6"
0.00476623976585488,0.98039592264248,0.405,0.301,1,"4","ZCCHC11"
0.00504187418891014,1.29211444969994,0.342,0.253,1,"4","AMZ2P1"
0.00512404313235228,0.260439460239541,0.36,0.236,1,"4","NAB1"
0.00514005566230141,1.02099266386114,0.523,0.437,1,"4","DLC1"
0.0052010492866372,0.744467946706101,0.324,0.21,1,"4","TNKS1BP1"
0.00521121451995387,1.06160307813811,0.36,0.262,1,"4","MOAP1"
0.00525792493029678,0.568746569779943,0.586,0.461,1,"4","ZBTB38"
0.00535161038060655,0.549536499096021,0.631,0.515,1,"4","SERTAD2"
0.00545524205435196,0.563814041354401,0.432,0.313,1,"4","SMCHD1"
0.00549812096733202,0.452024269510121,0.856,0.814,1,"4","BNIP3L"
0.00552824749163353,1.20993786767941,0.405,0.309,1,"4","POGZ"
0.00558881979218468,0.793850980349741,0.477,0.369,1,"4","ATF2"
0.00561682268062204,1.32493017208579,0.369,0.282,1,"4","TMEM42"
0.00563655125653985,1.29789060167764,0.261,0.166,1,"4","CD2AP"
0.00568763300652435,0.423051859045,0.333,0.227,1,"4","ZNF652"
0.0057681284957813,0.419076145066358,1,0.954,1,"4","CHI3L2"
0.00588929909385023,0.794739978990687,0.315,0.208,1,"4","TGFB3"
0.00592229302463882,1.02758669587925,0.378,0.273,1,"4","WDR60"
0.00605495231815312,0.687082679940812,0.315,0.206,1,"4","FAM126B"
0.0062066439811537,1.06536453730141,0.279,0.18,1,"4","INADL"
0.00634509142983024,0.830427704667173,0.505,0.405,1,"4","EGLN3"
0.00647256635256901,0.690072141578667,0.27,0.17,1,"4","FBXO17"
0.00654347773958086,0.51996783930485,0.387,0.277,1,"4","HNMT"
0.00656428115380404,0.303310443907413,0.829,0.805,1,"4","SEPW1"
0.00680166794897434,0.376446772845718,0.351,0.235,1,"4","PRKD3"
0.00693411602867309,0.507792278783682,0.748,0.687,1,"4","LMO4"
0.00697516376900993,0.513344415587575,0.802,0.708,1,"4","AFF4"
0.00708653494353816,0.821680965202549,0.523,0.438,1,"4","TCEA3"
0.0071768992710203,0.999778239231552,0.577,0.488,1,"4","FGD5-AS1"
0.00731070264996159,0.458819444393817,0.333,0.236,1,"4","FAM168A"
0.00745539296775593,1.23113157113669,0.306,0.213,1,"4","MRPL30"
0.00746245546877167,0.548563178754996,0.82,0.706,1,"4","COL9A3"
0.00763710929537852,0.39920654573733,0.775,0.708,1,"4","DAB2"
0.00767107420831221,1.45051223269886,0.297,0.205,1,"4","GSK3A"
0.00779672651015233,0.495774613957168,0.369,0.256,1,"4","IFI16"
0.00783796736741994,0.991674435530734,0.477,0.391,1,"4","VEZF1"
0.00787689225718937,0.894003273526155,0.495,0.411,1,"4","GTF2H5"
0.00787828695424169,0.670819951126497,0.495,0.371,1,"4","LRIF1"
0.00788281220490562,0.615018883340657,0.568,0.471,1,"4","POFUT2"
0.00799021746631317,1.14007509951734,0.306,0.21,1,"4","IRAK4"
0.00801712777765402,0.360472779137105,0.802,0.741,1,"4","PNISR"
0.00801938320550869,1.65376627806423,0.252,0.164,1,"4","KANSL1"
0.00804885487249645,1.50395144788188,0.315,0.217,1,"4","MEX3C"
0.00808312669217815,0.252916741078824,0.946,0.928,1,"4","C12orf57"
0.00813817877953639,0.820918057360732,0.685,0.64,1,"4","GPBP1"
0.00822472033578877,1.21487878810753,0.486,0.389,1,"4","RBBP5"
0.00824014204707042,0.558260107201337,0.559,0.477,1,"4","TM2D3"
0.00828093630280296,1.02013160508999,0.288,0.189,1,"4","OXSR1"
0.00832253728546926,1.73327367262666,0.279,0.195,1,"4","HDAC5"
0.00840632768498642,0.289311588050214,0.514,0.405,1,"4","AK4"
0.00851046818200786,0.511982704345149,0.991,0.952,1,"4","ADIRF"
0.008524364461838,2.11851471769839,0.369,0.276,1,"4","DKK1"
0.00868468129965639,1.26682861352372,0.27,0.179,1,"4","CEP164"
0.00871946049334995,0.854857074851062,0.288,0.195,1,"4","ATF7IP"
0.00872049666626176,1.30529797486437,0.351,0.26,1,"4","TNKS"
0.00880185994173491,0.701105910195156,0.64,0.555,1,"4","TCEAL3"
0.00880474044530178,1.05576427095675,0.36,0.255,1,"4","CNOT6L"
0.00884123476849251,0.40997470131301,0.928,0.903,1,"4","PNRC2"
0.00907213992803834,1.57456588520886,0.279,0.188,1,"4","OARD1"
0.00920340431239468,0.479373843446085,0.387,0.283,1,"4","LVRN"
0.00928672315000181,0.371972259073843,0.261,0.163,1,"4","SLC9A1"
0.00938724061965236,0.441878582378913,0.36,0.252,1,"4","H1FX"
0.00941143307618916,0.653002391412147,0.468,0.369,1,"4","PFKL"
0.00966303581990894,0.440598305325215,0.595,0.486,1,"4","RHOBTB3"
0.00978590575003753,0.434174234418637,0.631,0.523,1,"4","WNK1"
0.00982925382828526,1.20084333137152,0.495,0.415,1,"4","RSPRY1"
0.00993557357242981,0.994710797538455,0.288,0.2,1,"4","ZNF704"
0.00997381038915606,1.12524982962519,0.252,0.167,1,"4","AFF3"
1.56143984142383e-49,4.10304645664382,0.893,0.27,3.77134564899098e-45,"5","BHLHE41"
3.60282874494332e-37,3.2912856246711,0.655,0.143,8.70191226766159e-33,"5","PLCG2"
5.74835370293438e-37,5.54237778770409,0.738,0.192,1.38839986986974e-32,"5","HSPA7"
1.44391708976573e-35,4.30226883552491,0.56,0.105,3.48749294691118e-31,"5","RNU6ATAC"
3.60782815259972e-35,3.23483352186007,0.524,0.091,8.71398733697411e-31,"5","RELN"
2.19687262230211e-32,3.88034816555994,0.643,0.169,5.30610644464629e-28,"5","VTRNA1-1"
1.95108100510444e-31,1.39215457359078,1,0.993,4.71244595162875e-27,"5","ACAN"
6.26890589855363e-29,5.51194015783291,0.321,0.037,1.51412884167766e-24,"5","HES7"
7.31196707973472e-29,4.00754726961731,0.702,0.24,1.76605940876833e-24,"5","RMRP"
9.48403991376286e-26,1.748004805609,0.952,0.732,2.29068016037114e-21,"5","WWP2"
1.40164624466096e-25,3.6773726754013,0.929,0.716,3.38539617472962e-21,"5","RNU6-2"
4.55707958920249e-24,3.50090209007077,0.357,0.059,1.10067143318008e-19,"5","RANBP3L"
6.38974680069363e-24,1.58842578449522,0.952,0.917,1.54331554477153e-19,"5","GSN"
1.83136899991268e-23,2.2965534580347,0.345,0.055,4.42330554548909e-19,"5","CHDH"
2.01425986191947e-23,3.25008274677269,0.548,0.149,4.86504184449409e-19,"5","SERTAD4"
3.39280796447854e-22,1.22652591596654,1,0.999,8.19464907660502e-18,"5","SERPINA1"
1.80841938756487e-21,3.670026892024,0.679,0.27,4.36787534678543e-17,"5","LINC00324"
2.36421284112545e-21,2.10251822591397,0.917,0.7,5.71028327517031e-17,"5","S100A1"
3.89948129655439e-21,3.26426462549302,0.321,0.054,9.41841717556783e-17,"5","JADE2"
4.77913937696519e-21,1.28916228186299,1,0.992,1.1543055337184e-16,"5","FGFBP2"
8.17362270848441e-21,2.02357735218464,0.786,0.384,1.97417509278024e-16,"5","MEF2C"
9.99214180290363e-21,2.06101649943865,0.917,0.699,2.41340200965531e-16,"5","GDF10"
1.31400578013187e-20,4.43604476073304,0.762,0.351,3.1737181607525e-16,"5","HSPA6"
2.0715190763567e-20,3.4201392112804,0.369,0.076,5.00334002512434e-16,"5","CTTNBP2"
3.41813294415081e-20,2.36699883636518,0.56,0.173,8.25581650000746e-16,"5","NR1D1"
5.3648770458722e-20,1.10695892660442,1,0.99,1.29577875288951e-15,"5","CHAD"
6.94268148036091e-20,3.0739646437372,0.81,0.459,1.67686585795157e-15,"5","CRISPLD1"
8.32745722608968e-20,1.9328300365134,0.857,0.499,2.01133074381744e-15,"5","TXNIP"
9.2730369342624e-20,1.98774325340268,0.893,0.68,2.2397166107324e-15,"5","CSGALNACT1"
1.69642382468497e-19,0.886986502272222,0.798,0.395,4.09737246376162e-15,"5","COL10A1"
1.33529267279806e-18,1.52376997269439,1,0.949,3.22513239260915e-14,"5","FRZB"
2.00790332594235e-18,3.16821664153565,0.5,0.155,4.84968890314855e-14,"5","ZNF385B"
1.75653579644263e-17,2.50926677428087,0.536,0.175,4.24256090914789e-13,"5","WSCD2"
4.32162809018977e-17,1.90000679029088,0.845,0.519,1.04380283262353e-12,"5","SLC14A1"
1.05928801699708e-16,1.84588636272926,0.857,0.574,2.55849834745305e-12,"5","SCIN"
8.72364064200844e-16,1.99396723981504,0.69,0.317,2.1070209242643e-11,"5","NFIB"
1.27062216155301e-15,1.55987106952647,0.845,0.5,3.06893370679898e-11,"5","UTRN"
1.67744265206589e-15,0.983580223268183,1,0.985,4.05152723753473e-11,"5","C2orf82"
2.539781730817e-15,1.96725670287327,0.607,0.246,6.13433481444229e-11,"5","GSTT1"
2.81707810975436e-15,1.6893687210688,0.869,0.703,6.80408875848971e-11,"5","STK26"
4.27157093989918e-15,2.68989387979074,0.298,0.064,1.03171252911385e-10,"5","C3orf70"
4.29630967649806e-15,1.10155664663461,1,0.967,1.03768767616458e-10,"5","PLAC9"
4.3218076257495e-15,1.99756841166168,0.417,0.12,1.04384619584728e-10,"5","KCNAB1"
4.49608214037944e-15,0.994862074443506,0.952,0.932,1.08593871936585e-10,"5","SSR3"
4.88920328225035e-15,2.26868259125399,0.464,0.154,1.18088926876193e-10,"5","PHOSPHO1"
5.89969566455809e-15,1.19522779493531,1,1,1.42495349386072e-10,"5","C2orf40"
6.15118082557086e-15,1.40599254553855,0.988,0.962,1.48569470480013e-10,"5","CYTL1"
6.35500100769245e-15,1.11228285213279,0.976,0.915,1.53492339338796e-10,"5","NUCB2"
6.5751940651795e-15,2.60637681991958,0.524,0.201,1.5881066225628e-10,"5","TTLL7"
1.24111429004775e-14,1.40565888121547,0.905,0.783,2.99766334475232e-10,"5","AP3S1"
1.7426472338154e-14,1.22192272103253,0.94,0.842,4.20901586383434e-10,"5","AKAP9"
1.90475106942317e-14,1.98063490045284,0.619,0.276,4.60054525797778e-10,"5","ZNF395"
2.26521032839963e-14,1.04041185095241,1,0.986,5.47116250618363e-10,"5","HAPLN1"
3.64023284482408e-14,2.32535880195606,0.298,0.066,8.79225439010361e-10,"5","PSMD5-AS1"
5.72483574367125e-14,1.00910913234643,0.952,0.923,1.38271957716892e-09,"5","EID1"
6.21615976352889e-14,2.18141446326545,0.607,0.293,1.50138906768513e-09,"5","SLC43A3"
6.91374735156469e-14,1.39418354258924,0.964,0.869,1.66987739782342e-09,"5","TF"
1.01932801681489e-13,2.21106238704,0.429,0.136,2.461982959013e-09,"5","SPOCK3"
1.04585868623715e-13,2.29213726132285,0.595,0.271,2.52606248486859e-09,"5","LVRN"
1.36893585297057e-13,1.70807133043065,0.988,0.884,3.30639076567983e-09,"5","APOD"
1.53653158077653e-13,2.85637846703782,0.298,0.07,3.71118472704955e-09,"5","RCAN2"
1.68563549096118e-13,1.06609245651279,1,0.964,4.07131540131854e-09,"5","SOD3"
1.84109020249759e-13,1.7362583536541,0.833,0.578,4.44678516609243e-09,"5","CCDC88A"
2.32833876135942e-13,2.5319534010687,0.571,0.255,5.62363661031141e-09,"5","PIK3R1"
2.60626912659644e-13,1.79998071009034,0.81,0.488,6.29492182146838e-09,"5","METTL7A"
3.14762596467123e-13,0.923586521660127,0.976,0.94,7.60246099247041e-09,"5","S100B"
3.29629332339582e-13,1.19915504650225,0.976,0.868,7.96153726399793e-09,"5","BCAT1"
3.37370597838585e-13,2.11291780189509,0.655,0.336,8.14851204959533e-09,"5","MTUS1"
4.0981387846051e-13,1.85256936123982,0.762,0.501,9.89823460645669e-09,"5","PARM1"
4.88811456896078e-13,1.07901465117521,0.964,0.856,1.1806263118411e-08,"5","GPC6"
6.36047164288392e-13,1.72931787978695,0.738,0.451,1.53624471590575e-08,"5","NFIA"
7.64808525330568e-13,2.38358660301924,0.476,0.18,1.84724203123092e-08,"5","EXTL1"
7.83773439967047e-13,2.50288845554544,0.369,0.111,1.89304798955241e-08,"5","EPHA3"
7.85942711902119e-13,1.11726514207129,0.929,0.741,1.89828743205719e-08,"5","IBSP"
8.11806534017259e-13,1.59385439861165,0.512,0.193,1.96075632161189e-08,"5","ZNF292"
8.60109802144817e-13,1.851705624602,0.512,0.204,2.07742320512038e-08,"5","FAM13A"
1.24569512351054e-12,1.79613947803831,0.869,0.748,3.00872743181502e-08,"5","USP53"
1.79965399524155e-12,1.49698783825816,0.833,0.6,4.34670429470692e-08,"5","LIMCH1"
1.8832004336444e-12,2.74094119448816,0.417,0.142,4.54849400738132e-08,"5","SPTSSB"
2.86119424492519e-12,1.67182830187948,0.845,0.681,6.91064245976781e-08,"5","NEBL"
2.87384626907492e-12,2.07176470329803,0.786,0.549,6.94120089369665e-08,"5","TSPAN13"
4.85354971194677e-12,1.95305230655762,0.655,0.36,1.1722778619265e-07,"5","MAP2K6"
5.23134434674244e-12,1.884369491098,0.81,0.587,1.2635266000687e-07,"5","ABCA5"
5.47572427258823e-12,1.70916483714537,0.75,0.462,1.32255168355824e-07,"5","NKTR"
5.82478035608961e-12,0.89110411376521,0.988,0.946,1.40685919940632e-07,"5","SERPINA5"
6.28161531681909e-12,2.2733528794857,0.286,0.073,1.51719854747131e-07,"5","ZFHX4"
7.22637172322498e-12,0.847118396433828,0.988,0.975,1.74538556231053e-07,"5","MIA"
7.94559055653854e-12,1.2292370940131,0.917,0.748,1.91909848712075e-07,"5","MFI2"
8.17539047909047e-12,0.977159657183304,0.964,0.898,1.97460206241472e-07,"5","C4orf3"
1.17437408917313e-11,1.06996386636497,0.929,0.857,2.83646573757987e-07,"5","ARL6IP5"
2.16993230248204e-11,2.14529109126494,0.56,0.271,5.24103749018487e-07,"5","F13A1"
2.43867487164531e-11,0.455840084819229,1,1,5.89013141748492e-07,"5","DCN"
2.65953286178455e-11,1.11236584617588,0.929,0.878,6.42356972106823e-07,"5","BNIP3"
3.202734302177e-11,2.42116192502564,0.964,0.921,7.73556416004811e-07,"5","HSPA1B"
3.64765574441227e-11,2.9969528148759,0.298,0.086,8.81018291947895e-07,"5","STK32A"
4.38095196551803e-11,1.190276198157,0.869,0.753,1.05813132823157e-06,"5","FAM114A1"
5.46546194070141e-11,1.61988823793201,0.738,0.492,1.32007302253761e-06,"5","ZKSCAN1"
6.51653099884182e-11,1.34900153412859,0.988,0.949,1.57393773215027e-06,"5","CLEC3A"
6.86323215527672e-11,1.59645612036429,0.524,0.234,1.65767646246399e-06,"5","ZC3H6"
9.55489450896161e-11,0.967008759214794,0.988,0.947,2.3077936707495e-06,"5","COL11A2"
1.44315181841712e-10,2.02198917271882,0.321,0.098,3.48564458702287e-06,"5","SPEF2"
1.45321167775213e-10,2.01070169251226,0.571,0.276,3.50994216527472e-06,"5","TTC37"
1.50613671922078e-10,0.901872965489828,0.988,0.94,3.63777201793394e-06,"5","SPINT2"
1.53391956850733e-10,1.30526617476404,0.381,0.127,3.70487593381575e-06,"5","MUM1"
2.17655512247342e-10,2.62926044846624,0.286,0.082,5.25703358731006e-06,"5","ETV1"
2.45524437785832e-10,1.19426757263291,0.81,0.527,5.93015174584121e-06,"5","NFIC"
2.53524882509723e-10,2.81475709354695,0.25,0.065,6.12338648725734e-06,"5","DBP"
2.62921360019351e-10,2.47310643737465,0.405,0.156,6.35033960854739e-06,"5","NT5DC1"
2.82782713543339e-10,1.86469489291773,0.31,0.095,6.83005088021227e-06,"5","SIX5"
3.39076844410888e-10,0.748802439424754,1,0.941,8.18972302305618e-06,"5","ZBTB20"
3.66086245164671e-10,1.6810759767368,0.571,0.287,8.8420810794623e-06,"5","TGFBR3"
3.99436763046179e-10,1.20935532572054,0.976,0.923,9.64759613785436e-06,"5","EDIL3"
4.21613160964804e-10,0.615116802464945,1,0.986,1.01832226767829e-05,"5","PCOLCE2"
4.34874477152233e-10,0.658270414167085,1,0.978,1.05035232466579e-05,"5","HSP90B1"
4.38605711395471e-10,1.33098195273662,0.262,0.068,1.05936437473348e-05,"5","BMS1P21"
4.8414802634909e-10,1.22980047860913,0.607,0.84,1.16936272804096e-05,"5","UBE2N"
5.33944098092337e-10,2.9220772248029,0.333,0.115,1.28963518012242e-05,"5","VAV3"
5.39367663221086e-10,2.53601565253568,0.476,0.224,1.30273471697789e-05,"5","PRKACB"
5.82506507683406e-10,2.5011733823282,0.369,0.133,1.40692796800773e-05,"5","HLF"
6.0043863571418e-10,2.26763574379173,0.738,0.502,1.45023943684046e-05,"5","CHRDL2"
8.78257363608454e-10,1.72644790152824,0.571,0.294,2.1212550103235e-05,"5","PER3"
1.28092066940029e-09,0.79428108162269,0.964,0.911,3.09380769280253e-05,"5","PEBP1"
1.32098286615048e-09,1.85658114973681,0.464,0.221,3.19056991661325e-05,"5","ZNF652"
1.3441100390595e-09,1.97492186892536,0.405,0.164,3.24642897734041e-05,"5","SHTN1"
1.66334266386354e-09,0.705176799986961,1,0.972,4.01747153602962e-05,"5","NDUFA4L2"
1.8872979649698e-09,0.935168235080456,0.893,0.807,4.55839077479155e-05,"5","CBX5"
2.132647341257e-09,2.14093946580489,0.452,0.204,5.15098312333803e-05,"5","SSTR2"
2.14322842870906e-09,0.780328531086052,0.976,0.959,5.17653962386099e-05,"5","CDO1"
2.19078059763378e-09,1.02497512284161,0.929,0.828,5.29139237746488e-05,"5","TTC3"
2.22008843010891e-09,1.63999648284095,0.536,0.264,5.36217958524205e-05,"5","WDR60"
2.30962714124263e-09,1.41442243343645,0.726,0.483,5.57844243424333e-05,"5","NDRG2"
2.37030457335418e-09,1.90654920064169,0.286,0.089,5.72499663602235e-05,"5","CFAP70"
2.52026615171494e-09,2.04506359222911,0.44,0.184,6.08719883623709e-05,"5","AHSA2"
2.81475098719316e-09,1.74563490120646,0.679,0.458,6.79846805936763e-05,"5","ZBTB38"
2.821014639491e-09,2.18493728554306,0.345,0.125,6.81359665876262e-05,"5","LOC441081"
3.09039741466632e-09,0.905853377837725,0.881,0.701,7.46423687564357e-05,"5","FXYD1"
3.16153744128397e-09,1.13064228823559,0.857,0.774,7.63606138193318e-05,"5","TSPAN6"
3.48811124287824e-09,1.58953716408663,0.738,0.467,8.42483508492381e-05,"5","ISM1"
3.6055541362923e-09,3.29646277726041,0.44,0.205,8.7084949053868e-05,"5","VTRNA2-1"
4.07352274146198e-09,1.46827943474516,0.833,0.636,9.83877947745312e-05,"5","STC2"
4.4883846156316e-09,1.51668506247473,0.655,0.404,0.00010840795362135,"5","CBX1"
5.21357791099447e-09,0.977311383157452,0.952,0.904,0.00012592354728425,"5","ITM2C"
5.35295158207726e-09,0.801006752126157,1,0.99,0.000129289839561912,"5","GPX3"
6.49021620136871e-09,1.26013131294849,0.536,0.254,0.000156758191911658,"5","CEP57"
6.59446099463309e-09,1.59091312667693,0.583,0.331,0.000159276016403373,"5","ENOSF1"
6.88609926043265e-09,1.69728091369349,0.345,0.125,0.00016631995543723,"5","DNAH11"
7.40469729961333e-09,1.62513550979825,0.476,0.219,0.000178845653877561,"5","SERPINA6"
7.41356913752084e-09,1.59158935155196,0.548,0.288,0.000179059935378541,"5","NUDCD3"
7.47916097451527e-09,1.01286515228687,0.464,0.2,0.000180644175017467,"5","HINT3"
9.33193380775386e-09,0.921959054100412,0.524,0.779,0.000225394197258679,"5","GTF2B"
9.6166559812612e-09,1.16823722974744,0.881,0.737,0.000232271091915402,"5","PNISR"
1.05579651596566e-08,1.15092001452233,0.94,0.873,0.000255006532501185,"5","PLXDC2"
1.12475842645347e-08,0.570519232664767,0.988,0.98,0.000271662902741307,"5","S100A13"
1.13525522208803e-08,2.03019714750728,0.393,0.165,0.000274198193790923,"5","UNC5C"
1.17340685499514e-08,0.736451311301448,0.964,0.809,0.000283412957686975,"5","WSB1"
1.79100009259215e-08,0.749085465008052,0.976,0.921,0.000432580252363782,"5","OS9"
2.32748819208546e-08,1.84110748579817,0.452,0.218,0.0005621582230344,"5","RFTN2"
2.56187795084684e-08,1.33994072298864,0.679,0.457,0.000618770381468036,"5","GLDN"
2.62838409264514e-08,2.90728715141802,0.333,0.127,0.00063483360989658,"5","KCTD2"
2.67365403929725e-08,1.54192397139045,0.571,0.326,0.000645767660111465,"5","CASC3"
2.8995562530204e-08,1.06358194250507,0.94,0.893,0.000700329821792017,"5","FXYD6"
3.15406570852273e-08,0.638680388256499,0.976,0.976,0.000761801490579496,"5","PKM"
3.16535637477345e-08,1.18773576554402,0.857,0.732,0.00076452852519903,"5","TPD52L1"
3.55646328757331e-08,1.52345623529514,0.369,0.148,0.000858992577847581,"5","EEF2K"
4.8110504555098e-08,1.52780548193087,0.714,0.48,0.00116201301651928,"5","RHOBTB3"
4.87943263012689e-08,1.46142044333653,0.726,0.573,0.00117852936315455,"5","CPE"
5.12382274779829e-08,1.05796990784012,0.512,0.257,0.00123755690827572,"5","JADE1"
5.16571507384167e-08,1.75328820808137,0.44,0.203,0.00124767516178498,"5","ZBTB4"
5.31659678628217e-08,0.873236013082741,0.917,0.883,0.00128411762179073,"5","ST13"
5.81219871443019e-08,0.768093194607164,0.964,0.929,0.00140382035549632,"5","TMED10"
6.00154849589604e-08,2.42439000917405,0.321,0.127,0.00144955400821377,"5","RHOJ"
6.51995616052486e-08,1.19192042358545,0.631,0.367,0.00157476501145157,"5","RERG"
6.58056786359761e-08,1.46511092432913,0.393,0.164,0.00158940455609473,"5","ANP32A"
6.89056454537683e-08,0.961195782060824,0.798,0.645,0.00166427805464486,"5","KMT2E"
7.04249473045923e-08,0.612854681948751,0.964,0.941,0.00170097375224782,"5","TOMM7"
7.15570115534747e-08,0.959746122995425,0.762,0.541,0.00172831650005107,"5","DHRS3"
7.26469134883674e-08,1.36114317270585,0.429,0.197,0.00175464090148454,"5","RBMS3"
7.3188350661041e-08,1.78519352655848,0.321,0.122,0.00176771823351612,"5","ARL17A"
7.43727448712652e-08,1.11332420038107,0.286,0.097,0.00179632490687567,"5","MMS19"
7.74730634241113e-08,2.52639338590983,0.31,0.12,0.00187120690088256,"5","MAP3K5"
7.8000569335456e-08,0.761529594983579,0.952,0.898,0.00188394775115927,"5","NGFRAP1"
8.39578848667557e-08,1.3631593506592,0.619,0.405,0.00202783479318675,"5","MRPL34"
9.60287678598254e-08,2.38291629344583,0.333,0.134,0.00231938283011836,"5","CMBL"
1.04789345856749e-07,1.87286983974817,0.381,0.166,0.00253097707047805,"5","GGTA1P"
1.08113533244755e-07,1.30132585365082,0.655,0.405,0.00261126616846058,"5","TCEAL8"
1.22582432936348e-07,1.85860214393283,0.274,0.093,0.00296073350271162,"5","KIR3DX1"
1.35865593779207e-07,2.17458741167061,0.31,0.119,0.0032815616865492,"5","FAXDC2"
1.43121545301234e-07,1.3332509506809,0.56,0.313,0.00345681468366071,"5","RPA2"
1.48702538275003e-07,1.76988639423923,0.25,0.08,0.00359161240695614,"5","SWT1"
1.67862215901774e-07,0.71767299552832,0.619,0.363,0.00405437610067555,"5","RHOB"
1.8471989730761e-07,1.8523239077935,0.488,0.269,0.0044615396796707,"5","LOC100131564"
1.97096379453333e-07,1.93679068630858,0.333,0.131,0.00476046885293635,"5","GHR"
2.08271701549709e-07,1.17109208652277,0.798,0.662,0.00503038640753012,"5","NINJ1"
2.17145009466966e-07,0.810467579208292,0.964,0.89,0.00524470341365562,"5","ITM2A"
2.26064674737581e-07,1.83475495072307,0.357,0.156,0.00546014008893679,"5","RCOR3"
2.40211998702531e-07,0.841072883185887,0.94,0.824,0.00580184040466223,"5","SF3B1"
2.55362562672136e-07,1.19947691772342,0.524,0.277,0.0061677719762201,"5","MPDZ"
2.58043982715639e-07,2.26625655278902,0.274,0.098,0.00623253631453083,"5","GPAT2"
2.63170235204529e-07,1.89550951007945,0.429,0.21,0.006356350690895,"5","HSPB2"
2.65853921637205e-07,1.16711238861779,0.631,0.385,0.00642116976930342,"5","TNRC6A"
2.72068408179222e-07,1.21706390348428,0.845,0.695,0.00657126826275274,"5","TRPV4"
2.89702020887693e-07,1.72890123263322,0.429,0.209,0.00699717291050045,"5","MAD1L1"
2.96522187313272e-07,0.546002458149573,0.952,0.956,0.00716190039017746,"5","VKORC1"
3.1500595434385e-07,0.962241315159257,0.988,0.985,0.00760833881526701,"5","CFH"
3.25188713877589e-07,0.785157609104471,0.94,0.888,0.00785428300628542,"5","P4HA1"
3.48763445244059e-07,1.40082729224248,0.845,0.773,0.00842368349297975,"5","FIBIN"
3.61714984171234e-07,1.49644249402595,0.488,0.255,0.00873650201268782,"5","PRPSAP1"
3.7523728722393e-07,1.44135110399611,0.643,0.449,0.00906310619831957,"5","PFKFB3"
3.79570518421204e-07,0.782442008296969,0.964,0.926,0.00916776673142735,"5","PLD3"
4.49149151753596e-07,1.88814559825397,0.31,0.118,0.0108482994623046,"5","CCDC30"
4.84118277352786e-07,1.41034314979483,0.452,0.237,0.0116929087529018,"5","SKAP2"
4.98225049143259e-07,2.03778287324204,0.262,0.093,0.0120336296119571,"5","CMYA5"
5.1991255168604e-07,1.63495155012159,0.56,0.362,0.0125574478608729,"5","UFL1"
5.41322429636062e-07,1.25716944968575,0.476,0.245,0.0130745606429998,"5","PLEKHB1"
5.54588277278629e-07,1.49459915606253,0.56,0.351,0.0133949706611107,"5","UACA"
5.67067254330674e-07,1.81158983971775,0.393,0.185,0.0136963753938488,"5","CLASP2"
5.76969084447811e-07,1.42441952091299,0.512,0.288,0.013935534296668,"5","FBXO9"
5.98858897010096e-07,0.739145800827729,0.893,0.791,0.0144642389394848,"5","NAA38"
6.02583379943927e-07,0.817675239155917,0.881,0.813,0.0145541963757857,"5","BNIP3L"
6.23368162398205e-07,2.06710333998195,0.595,0.385,0.0150562112264038,"5","NTRK2"
6.64187357995216e-07,1.15683992146328,0.952,0.904,0.0160421172576585,"5","IVNS1ABP"
7.52859676417208e-07,1.16071369041409,0.81,0.732,0.0181838197645048,"5","TGFBR2"
8.19053661753486e-07,1.10389737056306,0.774,0.62,0.019782603092332,"5","DARS"
8.60876922415202e-07,1.20997419569249,0.667,0.52,0.0207927603070944,"5","PNKD"
9.81918596225673e-07,1.17319555326874,0.786,0.629,0.0237162798546387,"5","SERPINI1"
9.97001939581548e-07,0.458503791756431,0.905,0.86,0.0240805878467131,"5","MT1E"
1.0113350806288e-06,1.37295859459243,0.548,0.339,0.0244267762024274,"5","PCMTD1"
1.04721599886173e-06,1.69587424078242,0.262,0.096,0.0252934080205073,"5","CAMK2G"
1.05994320050154e-06,1.15944042599709,0.643,0.423,0.0256008081217138,"5","SLC44A2"
1.08147668580939e-06,1.69625751571993,0.31,0.129,0.0261209063923541,"5","FLJ37453"
1.08159256575532e-06,0.952010198412104,0.679,0.479,0.0261237052406882,"5","MYCBP2"
1.08557298630714e-06,1.42734062794453,0.512,0.283,0.0262198443382764,"5","CEP126"
1.10580977168933e-06,1.33266239123621,0.774,0.604,0.0267086234156125,"5","PJA2"
1.1533416108501e-06,1.41468855501737,0.595,0.368,0.0278566599268625,"5","PPIP5K2"
1.18238267503241e-06,1.82223899212478,0.321,0.134,0.0285580887500578,"5","KIF1A"
1.19579824342017e-06,1.43254324365288,0.429,0.224,0.0288821149733273,"5","INTU"
1.20536443975794e-06,1.49632129928294,0.536,0.328,0.0291131673134736,"5","OBSL1"
1.21553597117373e-06,1.8259894734869,0.298,0.12,0.0293588403117592,"5","MAGEF1"
1.27447176768946e-06,0.728164333791115,1,0.951,0.0307823166050035,"5","SDC2"
1.34759900608318e-06,1.41376099781014,0.464,0.243,0.032548558793927,"5","SLC38A3"
1.40533164731645e-06,2.44234596104127,0.988,0.965,0.0339429752776342,"5","HSPA1A"
1.44941168934793e-06,0.859219635292409,0.905,0.797,0.0350076405328206,"5","MBNL1"
1.50344095113811e-06,1.39160186894613,0.655,0.454,0.0363126092928387,"5","PKD2"
1.51859469672256e-06,0.996832645643595,0.75,0.595,0.0366786177099401,"5","PRMT2"
1.67567813335471e-06,2.49046527869163,0.298,0.124,0.0404726539549163,"5","STK39"
1.67862124058045e-06,1.82707542973424,0.476,0.28,0.0405437388237395,"5","SPAG16"
1.71198949565036e-06,0.841018029308614,0.905,0.827,0.041349682288443,"5","TMED4"
1.83356842601294e-06,0.898482617018398,0.857,0.748,0.0442861781934905,"5","EPB41L2"
1.85175128678612e-06,1.05506792643945,0.667,0.435,0.0447253488297453,"5","KMT2C"
1.86588065404189e-06,1.83865245299626,0.524,0.332,0.0450666154370737,"5","VAMP4"
1.91843567787781e-06,1.21377407561956,0.762,0.617,0.0463359769277827,"5","VOPP1"
2.0556678071206e-06,1.05877342222595,0.881,0.818,0.0496505445453839,"5","MFGE8"
2.11634780805829e-06,2.2996144404671,0.369,0.174,0.0511161486080319,"5","HDAC9"
2.12425768151518e-06,1.15906455552168,0.643,0.418,0.0513071957816361,"5","RFC1"
2.18435076619203e-06,1.20766209501476,0.643,0.432,0.0527586240558361,"5","TCEA3"
2.27455826406489e-06,0.880477994831884,0.881,0.807,0.0549374057519594,"5","DAP"
2.43832153510829e-06,1.24273505048934,0.452,0.236,0.0588927800374706,"5","GALM"
2.49122708727756e-06,1.03211590825888,0.81,0.709,0.0601706078390149,"5","TCEAL4"
2.49529637186912e-06,0.937258646353933,0.917,0.871,0.0602688932697548,"5","ITGA10"
2.5226209930073e-06,0.921499144655961,0.893,0.766,0.0609288648441053,"5","ANAPC16"
2.5388286761834e-06,1.70368448851523,0.536,0.336,0.0613203290158577,"5","DYNC1I1"
2.57791004136551e-06,1.7499817986283,0.321,0.137,0.0622642612291012,"5","IFT88"
2.87407661906432e-06,0.958556854745141,0.81,0.706,0.0694175725802605,"5","CTBS"
2.94739559197166e-06,1.89777133716914,0.286,0.118,0.0711884457328916,"5","DZIP3"
3.08502532066842e-06,1.64965771985537,0.488,0.276,0.0745126165701043,"5","CRYL1"
3.20503417788302e-06,1.86370143779968,0.25,0.094,0.0774111904984085,"5","DLX6"
3.35627047488962e-06,1.48107413873472,0.75,0.626,0.0810640007800089,"5","WIF1"
3.57188131962925e-06,1.5564820832264,0.5,0.299,0.0862716495130053,"5","HADH"
4.03456460434568e-06,0.775071071072099,0.964,0.894,0.0974468388887613,"5","SLC29A1"
4.03789123189549e-06,1.6643938194892,0.333,0.151,0.0975271869239717,"5","GPC5"
4.08704409198735e-06,1.55460741527817,0.417,0.212,0.0987143759537704,"5","HS3ST3B1"
4.17826367140958e-06,1.44904364110125,0.476,0.271,0.100917602455555,"5","NMT2"
4.27935733180466e-06,1.23572918114596,0.667,0.527,0.103359317635078,"5","SERTAD4-AS1"
4.42954024778987e-06,1.86221593186241,0.321,0.143,0.106986685604869,"5","SOX15"
4.55825418156048e-06,1.01769744820884,0.452,0.229,0.11009551324723,"5","HMGN5"
4.79194574539552e-06,1.30670066056014,0.595,0.402,0.115739865588538,"5","TNRC6B"
5.19142801101165e-06,2.08028832476955,0.31,0.138,0.125388560749964,"5","LOC102723505"
5.33300534350353e-06,1.54136609241273,0.405,0.201,0.128808078061641,"5","MAGI1"
5.38186933234545e-06,1.53381074410527,0.298,0.128,0.12998828998414,"5","NTAN1"
5.52506001571534e-06,0.721135934025768,0.631,0.383,0.133446774559573,"5","XIST"
5.63094815126612e-06,1.75429334864209,0.5,0.313,0.136004290697531,"5","LRP6"
5.75373847075924e-06,1.73399920961482,0.345,0.165,0.138970045284248,"5","HHAT"
5.92865406784016e-06,0.710663260239796,0.976,0.96,0.143194781700543,"5","ANGPTL2"
5.95525415365332e-06,1.54159469607267,0.357,0.176,0.143837253573189,"5","SMIM3"
6.20134380466605e-06,0.441905279551411,0.976,0.971,0.149781056914099,"5","TMEM59"
6.47126812599558e-06,0.952611735331152,0.786,0.6,0.156300539047171,"5","LTBP1"
6.55838707041029e-06,1.78485007486288,0.31,0.137,0.15840472291162,"5","NADK2"
6.66652284480122e-06,1.70777824442406,0.512,0.314,0.161016526270484,"5","ZMYM2"
6.81910531970987e-06,1.62796153150772,0.512,0.301,0.164701850786952,"5","ALDH9A1"
7.36391703374553e-06,0.60470803239171,0.917,0.854,0.177860688116056,"5","FAM46A"
7.76275448482679e-06,0.456473178067685,0.607,0.362,0.187493809072021,"5","LINC00963"
7.98214558561939e-06,2.04217075237492,0.548,0.367,0.192792762329465,"5","RAMP1"
8.2729129823193e-06,0.762200036737883,0.917,0.886,0.199815667261958,"5","CANX"
8.31086011435446e-06,1.00208980361205,0.548,0.338,0.200732204342003,"5","CETN3"
8.37257543436234e-06,0.423697086579722,0.976,0.982,0.202222814466154,"5","PSAP"
8.60919265544279e-06,2.60850637446437,0.31,0.144,0.20793783020691,"5","AGR2"
8.89230167224504e-06,1.53241186956779,0.548,0.38,0.214775762289735,"5","CEP63"
9.15139563192814e-06,1.11968702440327,0.679,0.515,0.22103365869796,"5","ARL3"
1.03800502337438e-05,2.28299614316945,0.274,0.118,0.250709353295613,"5","EFHC1"
1.07631347469399e-05,0.482933740564622,0.964,0.945,0.259961993542839,"5","TSPO"
1.14636349281409e-05,1.94807928572461,0.321,0.149,0.276881174419388,"5","CCDC7"
1.15929139344903e-05,1.47999583350716,0.405,0.221,0.280003650259745,"5","NR1D2"
1.21847707037606e-05,0.760076815475412,0.893,0.849,0.294298766807929,"5","CUTA"
1.28597844780339e-05,1.2440217743303,0.75,0.562,0.310602374497952,"5","TRIP11"
1.29310038941363e-05,2.06774177696773,0.262,0.113,0.312322537055073,"5","ZBTB18"
1.3006802715865e-05,0.950274077128287,0.56,0.365,0.314153305996288,"5","DLX5"
1.32026420662342e-05,0.561319745081059,1,0.983,0.318883413825756,"5","SSR4"
1.34538471680914e-05,0.324555805746835,0.988,0.987,0.324950770650913,"5","SERF2"
1.34673918658965e-05,1.48414866971555,0.583,0.403,0.325277915736998,"5","AK4"
1.44706787085452e-05,1.75935623125506,0.44,0.236,0.349510302847492,"5","ADRBK2"
1.48363901134565e-05,1.42508603782649,0.5,0.313,0.358343330410314,"5","GLI3"
1.53080217312188e-05,1.10365739753375,0.298,0.135,0.369734648874128,"5","PWARSN"
1.53512336324729e-05,1.56014383402787,0.405,0.226,0.370778345925118,"5","BOC"
1.62401694004915e-05,0.613138522398557,0.929,0.815,0.392248811530071,"5","LECT1"
1.65436647831182e-05,1.18983911946787,0.714,0.577,0.399579135506654,"5","SLC25A36"
1.68749778853994e-05,0.878611493544245,0.833,0.732,0.407581340866051,"5","CDK2AP1"
1.73642666697046e-05,2.09093994310031,0.298,0.139,0.419399132873376,"5","RXRA"
1.76407665965958e-05,1.4039796119094,0.476,0.294,0.426077435607579,"5","HS3ST3A1"
1.79743820948232e-05,1.00361536308177,0.44,0.244,0.434135250736265,"5","PPP1R3B"
1.8097103049984e-05,1.30610505064629,0.643,0.49,0.437099329966264,"5","IQSEC1"
1.85317138288798e-05,1.46445660186742,0.369,0.189,0.447596484108934,"5","MYO9A"
1.8548634130561e-05,0.96065209495717,0.786,0.691,0.448005160155441,"5","EPS8"
1.85518397275432e-05,0.702281527184885,0.857,0.781,0.448082584939351,"5","TMEM230"
1.9244697172753e-05,1.77110887631131,0.274,0.12,0.464817170813504,"5","TAF9B"
1.98466455548656e-05,0.347832324204137,0.976,0.969,0.479356030086669,"5","PGK1"
2.02574690581059e-05,1.79748646556079,0.369,0.184,0.489278650160432,"5","EIF2AK4"
2.03872429099106e-05,0.984867981587038,0.75,0.595,0.492413078003072,"5","WASF2"
2.08875425216164e-05,1.56987951051194,0.452,0.259,0.504496814524602,"5","NBPF1"
2.09239162857011e-05,1.43952802525771,0.44,0.245,0.505375350048538,"5","TMEM245"
2.10209950452688e-05,1.67179657252283,0.357,0.18,0.507720093328378,"5","MFAP3L"
2.13362991642179e-05,1.37901751100837,0.548,0.351,0.515335633713356,"5","THRB"
2.20685258184845e-05,1.16037416030583,0.274,0.118,0.533021104093857,"5","TBC1D24"
2.28057165559505e-05,1.63472430822292,0.488,0.297,0.550826471975872,"5","FGFR3"
2.38189020475131e-05,1.43916097913667,0.488,0.309,0.575297941153583,"5","PGRMC2"
2.41624724557353e-05,1.60724951018091,0.321,0.148,0.583596197223375,"5","LOC440300"
2.51317361974306e-05,0.935465265733485,0.667,0.514,0.60700682437654,"5","NCOR1"
2.56672537802699e-05,1.95791669559977,0.31,0.147,0.619941180554858,"5","FAM161A"
2.58162890182737e-05,0.855025323590166,0.571,0.376,0.623540828658365,"5","KRCC1"
2.59658916948071e-05,1.33831347798605,0.464,0.263,0.627154182104677,"5","ILF3-AS1"
2.66189836760402e-05,1.55094178136537,0.512,0.335,0.6429283127274,"5","TMEM107"
2.69402634063585e-05,0.448492870289012,1,1,0.650688182053776,"5","SCRG1"
2.78173912173735e-05,1.2046195838687,0.405,0.212,0.671873450073221,"5","ZNF850"
2.79549962300004e-05,1.21511931268844,0.393,0.202,0.6751970239432,"5","PRPSAP2"
2.8052316413661e-05,0.675082610886508,0.298,0.131,0.677547598339155,"5","MCF2L2"
2.8109580939923e-05,0.970989258014367,0.833,0.742,0.678930708441961,"5","QSOX1"
2.85667388551111e-05,1.54043544321334,0.262,0.112,0.689972443567499,"5","SATB1"
2.92532631169733e-05,0.611636583225747,0.929,0.901,0.706554064064256,"5","CRTAP"
2.98162790263503e-05,1.15881487852591,0.714,0.525,0.72015258732344,"5","PAPSS1"
3.02330163055041e-05,1.2532934154586,0.655,0.494,0.730218042826841,"5","RARG"
3.06892369928619e-05,1.52770025055721,0.464,0.283,0.741237141088592,"5","GOPC"
3.12990865762662e-05,0.989428589445795,0.762,0.666,0.755966838076559,"5","CP"
3.13441169830117e-05,2.36584709430904,0.298,0.144,0.757054457490681,"5","CRYZL1"
3.15149461198653e-05,0.931653754314651,0.5,0.303,0.761180493633106,"5","IDH1"
3.20801064703218e-05,1.08368276931508,0.69,0.521,0.774830811577683,"5","SMARCE1"
3.22803171167688e-05,1.12933655655706,0.679,0.581,0.779666499321317,"5","CAMSAP2"
3.40757548008484e-05,0.676249947169588,0.75,0.55,0.823031705704891,"5","TCEAL3"
3.65353790496606e-05,0.445242314743206,1,1,0.882439010186453,"5","MGP"
3.66233478738797e-05,0.722439890340847,0.964,0.931,0.884563721197817,"5","TIMP2"
3.6777397598133e-05,0.59675442304147,0.857,0.713,0.888284484187706,"5","WBP2"
3.74460936013823e-05,0.800302933907698,0.524,0.321,0.904435498754186,"5","SLC35E1"
3.79510605682144e-05,0.322034183548801,0.667,0.435,0.916631965904083,"5","AASS"
4.13010409997912e-05,1.4615505720029,0.488,0.305,0.997544043267957,"5","PDS5B"
4.36831284705332e-05,0.889085956478432,0.738,0.573,1,"5","PRAF2"
4.49782113738513e-05,1.64393715490357,0.298,0.14,1,"5","TBC1D32"
4.64042457227788e-05,1.1686470518423,0.369,0.193,1,"5","AGGF1"
4.69957722332542e-05,1.42515705701688,0.476,0.288,1,"5","NPEPPS"
4.96039887291324e-05,0.486784560857537,0.988,0.958,1,"5","SERPING1"
5.20652713990996e-05,1.16586907946447,0.714,0.638,1,"5","STT3A"
5.30048767516049e-05,0.749427760128194,0.643,0.447,1,"5","LINC00506"
5.31078188677636e-05,0.707304728634271,0.798,0.671,1,"5","MPHOSPH8"
5.36912806190132e-05,0.878046226894861,0.869,0.764,1,"5","SSR1"
5.41071834942972e-05,1.31171076681753,0.31,0.143,1,"5","TET1"
5.41837190679071e-05,1.49017248063998,0.452,0.283,1,"5","AKAP11"
5.46321154613585e-05,0.999814522581153,0.595,0.417,1,"5","ATM"
5.50971624554041e-05,0.580712287527072,0.917,0.829,1,"5","COL9A2"
5.65747257683774e-05,1.47684659935765,0.393,0.218,1,"5","MAOB"
5.69217217045639e-05,2.10343942744349,0.274,0.129,1,"5","TSKU"
5.71473625543961e-05,1.18490401807211,0.393,0.216,1,"5","LMX1B"
5.8558504852474e-05,1.13836610200088,0.286,0.13,1,"5","LOC100506746"
5.9169672369672e-05,0.82617668063942,0.786,0.694,1,"5","COL27A1"
6.02141455000657e-05,0.46842848382706,0.429,0.643,1,"5","RIF1"
6.16300965030996e-05,1.11829869131644,0.619,0.474,1,"5","TMEM106B"
6.21940639082383e-05,1.2218783368338,0.321,0.16,1,"5","ZNF331"
6.3239584219472e-05,1.36287768495147,0.464,0.284,1,"5","CYHR1"
6.59143279057435e-05,0.388238874345627,0.31,0.147,1,"5","PGPEP1"
6.77837891128842e-05,0.744456358347738,0.857,0.795,1,"5","SRRM1"
7.30163723414788e-05,1.54726606509865,0.548,0.369,1,"5","SLC23A2"
7.36654613139839e-05,1.47131471533224,0.548,0.365,1,"5","EMC2"
7.6579508763096e-05,1.03183158323497,0.857,0.788,1,"5","PPP1R3C"
7.66874379660808e-05,1.02722569061138,0.452,0.266,1,"5","SHC4"
8.35443550828049e-05,0.653125205740332,0.262,0.116,1,"5","LOC100506127"
8.47372624034039e-05,1.2956830382081,0.5,0.346,1,"5","NBR1"
8.88456307402962e-05,0.826263324203541,0.262,0.118,1,"5","PLEKHM3"
8.94059427746285e-05,0.633957035769914,0.94,0.88,1,"5","CYB5R3"
8.97808671867839e-05,1.01703499414109,0.286,0.133,1,"5","MSH3"
9.32732379513384e-05,1.12940413147429,0.524,0.332,1,"5","LOC728392"
9.49504784899101e-05,1.2507331686416,0.512,0.344,1,"5","CFL2"
9.63174932975985e-05,0.996125005877706,0.583,0.409,1,"5","SMC3"
9.68854497104181e-05,0.707532972639665,0.583,0.414,1,"5","NFIX"
9.71868244454487e-05,1.14531979913964,0.333,0.168,1,"5","DNLZ"
9.8670367922764e-05,1.3565135880777,0.357,0.201,1,"5","LGI4"
9.92759608920065e-05,1.30245959061545,0.429,0.254,1,"5","UFSP2"
0.000100185641990768,0.800879228809733,0.81,0.638,1,"5","NUCKS1"
0.000102230139290716,1.38738797596732,0.571,0.407,1,"5","HEBP1"
0.000109560851128956,1.4824895911544,0.429,0.268,1,"5","EGLN1"
0.000109961011281776,1.50509373418781,0.476,0.329,1,"5","CCDC25"
0.000112761404999212,0.44264008246117,0.452,0.261,1,"5","AMZ2"
0.000115701177516718,0.321734844037272,0.976,0.959,1,"5","P4HB"
0.000116079334677117,1.36300828608668,0.321,0.164,1,"5","TRIB2"
0.000121269709919199,1.27839935062953,0.393,0.22,1,"5","SMO"
0.000122348844239392,1.89994712156636,0.393,0.233,1,"5","PTPN18"
0.000124105343952618,1.76019057577775,0.333,0.176,1,"5","KLHL42"
0.000129800836865991,0.467262492560443,0.976,0.923,1,"5","NDUFC1"
0.000130699583489283,1.19360356043194,0.69,0.582,1,"5","PCYOX1"
0.000132307531159532,0.758621753749449,0.75,0.591,1,"5","HDDC2"
0.000137981761545445,0.735334356671357,0.869,0.851,1,"5","CYBRD1"
0.000139087562337722,1.7175695312697,0.286,0.137,1,"5","LPAR4"
0.000139116027131554,1.08609736159049,0.524,0.344,1,"5","HOXC10"
0.000141760272780617,0.744766331396797,0.667,0.5,1,"5","SWAP70"
0.000142421664106859,1.36930510103653,0.452,0.283,1,"5","FRY"
0.000143860098688363,1.31326789513153,0.274,0.13,1,"5","CBX7"
0.000143969001971492,0.992798752996608,0.5,0.324,1,"5","C7orf55"
0.000149385040797699,0.696336419231956,0.964,0.934,1,"5","CCDC80"
0.00015135888105113,1.28841055933308,0.798,0.786,1,"5","RBP4"
0.000152360528139264,0.696466012331467,0.869,0.759,1,"5","LEPROT"
0.000154269139085484,0.90400357219135,0.798,0.651,1,"5","ITPR2"
0.000156213162470566,0.820358649322806,0.869,0.822,1,"5","FAM162A"
0.000156858668871876,1.22976584680509,0.44,0.255,1,"5","GATAD1"
0.000158179172138093,0.703282590383568,0.857,0.845,1,"5","CNPY2"
0.000159042153326211,0.98544736358236,0.524,0.336,1,"5","CFAP97"
0.000161848054433609,0.333107684112491,0.988,0.985,1,"5","LDHA"
0.000162257153026492,0.808229097227629,0.786,0.683,1,"5","TCEAL2"
0.000162806788032277,1.63628475686156,0.321,0.17,1,"5","GPRASP1"
0.000172294289734288,0.906504680722154,0.393,0.227,1,"5","HERC2P2"
0.000172722053809845,1.31803219010557,0.452,0.291,1,"5","RNF213"
0.000180385651697231,1.5715136645762,0.405,0.243,1,"5","ITSN1"
0.000183540974900306,1.32969549793664,0.262,0.122,1,"5","MORN4"
0.000185733190612467,1.19677623241481,0.381,0.216,1,"5","HHLA3"
0.000188611689243055,0.915563764198249,0.774,0.692,1,"5","HEXB"
0.000188934076271809,0.916771896563745,0.595,0.487,1,"5","MYO1D"
0.000190506946560705,1.17864077501598,0.738,0.645,1,"5","ATRX"
0.000192423584844817,0.631285347120304,0.262,0.119,1,"5","MRI1"
0.000201854592502164,1.35800376505339,0.464,0.31,1,"5","NBN"
0.000209426356974155,1.39614735057149,0.488,0.338,1,"5","SMARCC2"
0.000210372691417191,1.21675207169493,0.381,0.219,1,"5","ARHGAP29"
0.000222201198985952,2.10825091596029,0.262,0.127,1,"5","CENPBD1P1"
0.00022751860838541,0.660047096632512,0.333,0.173,1,"5","PARP14"
0.000233197646652422,0.538602848927031,0.952,0.859,1,"5","ZRANB2"
0.00023520111029625,0.260307956167716,1,0.995,1,"5","GAPDH"
0.000235602017377104,1.24320050249923,0.381,0.214,1,"5","XPO1"
0.000246651592174859,0.967687885554768,0.714,0.618,1,"5","VAMP2"
0.000263377585096374,1.61881439294724,0.321,0.181,1,"5","SH3YL1"
0.000265393398508745,1.54572328931818,0.262,0.125,1,"5","TMEM254-AS1"
0.000270078587799426,1.38791840728137,0.56,0.392,1,"5","FGFR2"
0.000278621961528458,1.72951447878558,0.464,0.306,1,"5","ANKRD36B"
0.00028050082915234,0.572737418215871,0.833,0.684,1,"5","FBXO2"
0.000280510565340869,0.785176399189608,0.369,0.206,1,"5","PNPO"
0.000283987991288698,0.709436954972424,0.69,0.562,1,"5","LAMP1"
0.000286449528793022,1.28419219611612,0.583,0.457,1,"5","ZNF106"
0.000300145389971398,1.3300529976242,0.298,0.154,1,"5","MLH3"
0.000302483016581105,0.983616199224743,0.595,0.421,1,"5","CFDP1"
0.000307442460488007,0.526425465721591,0.81,0.692,1,"5","ANKRD12"
0.000307857119601436,1.54773181944346,0.286,0.148,1,"5","SHPRH"
0.000313359510811029,1.52933084224844,0.405,0.266,1,"5","KIAA1109"
0.000316744176843312,0.477568953755078,0.881,0.821,1,"5","SRSF11"
0.000321879416953736,0.662079450402461,0.357,0.203,1,"5","LOC646214"
0.000323960563315406,0.959136391643771,0.357,0.191,1,"5","PCDH9"
0.000329500488440142,0.715139505752327,0.583,0.396,1,"5","WRB"
0.000339900016265948,1.21481482968089,0.548,0.424,1,"5","SOX5"
0.000341215147024402,1.21741601684777,0.286,0.141,1,"5","EGFR"
0.000343355355996525,0.980348920752765,0.488,0.3,1,"5","RRAS"
0.000348102078833309,1.27847099228028,0.369,0.228,1,"5","FBXL15"
0.000361912915168506,0.49950607520497,0.857,0.809,1,"5","IFI27L2"
0.000361972383375767,0.552727897926247,0.881,0.904,1,"5","COL11A1"
0.000372663751384018,1.48224668762601,0.857,0.744,1,"5","SPP1"
0.000376691399827859,1.6718651678897,0.262,0.131,1,"5","DOPEY1"
0.000389767152032472,0.593953635980339,0.667,0.477,1,"5","TCF4"
0.000405689127864978,0.853134105484426,0.298,0.469,1,"5","FAM210A"
0.000413678789528882,0.262873951003141,0.274,0.128,1,"5","TMEM223"
0.000422783503052649,0.55978587946788,0.94,0.934,1,"5","PDPN"
0.000424778081655919,0.987419144040175,0.25,0.118,1,"5","PRUNE2"
0.000433918654494685,1.28964573132966,0.464,0.316,1,"5","GALE"
0.000452900565474929,0.939317393302436,0.548,0.398,1,"5","OLMALINC"
0.000460088745334605,0.757257336801819,0.833,0.741,1,"5","RNASE4"
0.000462290652831869,1.97915034008072,0.357,0.219,1,"5","IQCK"
0.000463852843120344,1.3470694913441,0.333,0.188,1,"5","ZBED5-AS1"
0.000476812553733823,1.10239007435997,0.512,0.338,1,"5","PHF1"
0.000479347355429941,1.16671388248527,0.345,0.209,1,"5","RUNDC1"
0.00049640990747505,1.36707685979373,0.595,0.433,1,"5","AK3"
0.000496667580758165,0.725741880697002,0.786,0.709,1,"5","PARP15"
0.000505135066477039,1.08056379880687,0.655,0.554,1,"5","USO1"
0.000505611713400367,1.16979563632035,0.429,0.275,1,"5","ZNF33A"
0.000520924019678316,0.922335450596758,0.702,0.616,1,"5","CPNE3"
0.000523982014881698,0.651697099575946,0.798,0.706,1,"5","LMAN1"
0.000562814096138684,0.268264897317539,1,0.982,1,"5","SRP14"
0.000564316398673093,1.52287946928274,0.286,0.152,1,"5","WWOX"
0.000573660742502305,1.77476997161571,0.262,0.135,1,"5","ZNF280D"
0.000576933380433189,0.99203880370094,0.464,0.305,1,"5","DPCD"
0.000585131438690203,1.65458921531499,0.262,0.139,1,"5","RBL2"
0.00062317905445246,0.649955378899717,0.631,0.5,1,"5","RAB13"
0.000624709737997935,1.12190213769554,0.583,0.46,1,"5","JKAMP"
0.000660281422294962,1.41377349491105,0.274,0.143,1,"5","LETMD1"
0.000661093731234436,1.95524597222873,0.333,0.201,1,"5","PDK1"
0.000664279357368991,1.90988473994619,0.262,0.139,1,"5","FAM228B"
0.000669081514588249,0.663791033007763,0.679,0.548,1,"5","COPG1"
0.00069354308811702,1.21957382591638,0.298,0.16,1,"5","GNPDA1"
0.000707253270245702,1.15865739004658,0.357,0.206,1,"5","CYP4V2"
0.000717693546239005,0.753589414412904,0.25,0.123,1,"5","ZNF827"
0.000726302297578923,0.843404943493072,0.595,0.438,1,"5","SLC26A2"
0.000727858191336985,1.51643591131619,0.393,0.251,1,"5","CEP290"
0.000728400652585867,0.623907571257938,0.833,0.755,1,"5","ZCRB1"
0.000733059671098923,1.27278603128055,0.333,0.188,1,"5","ABHD14B"
0.000752425240012267,1.16788128508495,0.345,0.198,1,"5","ZNF704"
0.000759042184140181,1.11120491205986,0.262,0.132,1,"5","SSTR5-AS1"
0.000785977328316739,0.610973690124871,0.512,0.338,1,"5","NPIPA1"
0.000793710961601342,1.65198881785339,0.286,0.156,1,"5","FAN1"
0.000806934687979517,1.54402296004973,0.25,0.127,1,"5","OBFC1"
0.000809571509813734,0.362959727526987,0.964,0.941,1,"5","LRP1"
0.000809697148927758,0.699331714139389,0.679,0.513,1,"5","THAP5"
0.000818233609480564,1.42749768164371,0.274,0.143,1,"5","TSPYL5"
0.000828967322075613,0.891298878758264,0.69,0.566,1,"5","SVIL"
0.000847343849579906,1.28905317327344,0.429,0.274,1,"5","ZNF532"
0.000876405480462576,1.09712446645231,0.44,0.307,1,"5","LDLRAD3"
0.000891796282891493,0.431891213239256,0.976,0.961,1,"5","PRDX4"
0.000902453593130658,0.855926928576493,0.381,0.226,1,"5","ICK"
0.000929495815491119,0.286241861834128,0.274,0.145,1,"5","SVOP"
0.000931457191496382,1.340088615282,0.31,0.169,1,"5","SERGEF"
0.000932343216666718,1.70131736915638,0.333,0.208,1,"5","B3GNT7"
0.000935526750044927,1.32999843235833,0.405,0.274,1,"5","MCEE"
0.000939078580048279,1.3604051795688,0.488,0.357,1,"5","SRSF8"
0.000941315413101597,0.414817850351624,0.976,0.982,1,"5","CST3"
0.000950299902675781,0.359470875317962,1,1,1,"5","FMOD"
0.000980015306408395,1.48458125359726,0.298,0.168,1,"5","SCAPER"
0.000984602863086176,1.80936298579808,0.25,0.136,1,"5","ZXDC"
0.0010020756256412,1.20308250247141,0.357,0.204,1,"5","AAAS"
0.00100718440330394,0.436354208469518,0.893,0.849,1,"5","HLA-E"
0.00100902247872282,1.28022437000263,0.393,0.254,1,"5","NRP1"
0.00102259780856708,0.644269600025338,0.893,0.824,1,"5","DDX17"
0.00104778942150029,1.29794432732739,0.381,0.242,1,"5","EIF2AK1"
0.00106291592010841,0.871223455921072,0.405,0.262,1,"5","KCNK5"
0.0010829248076068,0.478516412174354,0.94,0.9,1,"5","NPC2"
0.00108793483351988,1.10744692664407,0.452,0.305,1,"5","GPRC5C"
0.00109381810799661,1.93617408581326,0.357,0.215,1,"5","GK5"
0.00109635601490517,1.38638421253432,0.333,0.197,1,"5","FMN1"
0.00112671457507383,0.962049237899094,0.702,0.606,1,"5","ZFR"
0.00112733263039151,0.656132983865825,0.833,0.852,1,"5","OCIAD1"
0.00113738161929719,0.643039699264954,0.595,0.412,1,"5","MON2"
0.00114541554031662,1.78555205742923,0.274,0.149,1,"5","NSD1"
0.00115178113220524,0.824734917961458,0.619,0.476,1,"5","NET1"
0.00115415237161946,1.74664516354485,0.274,0.152,1,"5","SNHG11"
0.00115559823118025,1.10623910674185,0.512,0.363,1,"5","LDOC1"
0.00116021430492984,0.876129994975689,0.25,0.122,1,"5","PARP2"
0.00117378589709161,0.88522680219297,0.81,0.778,1,"5","ERLEC1"
0.00124288009267237,1.11714406247454,0.488,0.342,1,"5","SYNPO"
0.00125482012622186,1.14480967305769,0.595,0.447,1,"5","TMTC1"
0.00125832236080504,0.519875111214418,0.381,0.239,1,"5","RPPH1"
0.00128092130916512,1.01039669186052,0.5,0.358,1,"5","GNB2"
0.0012816365410288,1.55763868659456,0.274,0.151,1,"5","GCNT1"
0.00131528989695428,0.286483917718689,0.988,0.987,1,"5","ITM2B"
0.00131940520917504,0.878203785779901,0.595,0.49,1,"5","TMEM256"
0.00133958445011274,1.36066986350797,0.44,0.305,1,"5","DOCK7"
0.00135854835918899,1.0911838311314,0.369,0.222,1,"5","DCP2"
0.00137856986334533,0.626030426801053,0.774,0.703,1,"5","GNAI2"
0.00141310776961664,0.689357011529235,0.821,0.81,1,"5","FCGRT"
0.00145912925467251,1.24188919570337,0.548,0.467,1,"5","LMBRD1"
0.00145979562111464,1.01485899660565,0.44,0.301,1,"5","ZCCHC11"
0.00147349323118781,0.912999537296849,0.619,0.475,1,"5","TM2D3"
0.00150397546619312,1.4281819723659,0.369,0.231,1,"5","NRDE2"
0.00152965345121907,1.29430894010049,0.345,0.219,1,"5","STX7"
0.00154046753589039,1.41590105297031,1,0.994,1,"5","HSP90AA1"
0.00154767867934233,1.76262900071778,0.262,0.147,1,"5","GLRB"
0.00155598159898172,0.631391112866982,0.786,0.741,1,"5","LDHB"
0.00157708070745487,1.14080261111092,0.452,0.3,1,"5","TTC32"
0.00159597522331131,0.699146358996641,0.69,0.552,1,"5","C5orf24"
0.00160903791131464,0.70211702516643,0.774,0.64,1,"5","RNF13"
0.00162558646533117,0.994589803337035,0.524,0.403,1,"5","SESTD1"
0.00163541608799716,0.843560496620342,0.81,0.709,1,"5","COL9A3"
0.00164575676155407,0.352662320004362,0.988,0.975,1,"5","SON"
0.0016523882921854,1.10391387791305,0.405,0.268,1,"5","RNF187"
0.00165647320800803,1.41165048667428,0.476,0.345,1,"5","HINT2"
0.0016633102979065,0.962247375887092,0.333,0.194,1,"5","RMDN1"
0.00167955200632753,0.983907153959181,0.631,0.557,1,"5","ARL2"
0.0017007986621691,0.809556370547945,0.44,0.298,1,"5","CCNG1"
0.00174265978324094,0.741509223440405,0.762,0.73,1,"5","NDUFB3"
0.00176612471730582,0.447322593459818,0.321,0.182,1,"5","SOBP"
0.00178468750193339,1.12210118457155,0.381,0.238,1,"5","DYNC2LI1"
0.00179151930955213,0.916487357090837,0.452,0.317,1,"5","LOC653513"
0.00180950886955565,1.55463119405458,0.333,0.214,1,"5","GCHFR"
0.00182547750846357,1.58081338172922,0.345,0.228,1,"5","SLC33A1"
0.00184960786719004,1.31242818009249,0.321,0.193,1,"5","GPANK1"
0.00187830309833802,1.91909198103091,0.25,0.132,1,"5","PLBD2"
0.00189393195853974,2.28842456862378,0.274,0.164,1,"5","INTS3"
0.00192085271133417,0.837072316952817,0.69,0.579,1,"5","PLEKHA1"
0.00192353891899088,1.27163202343315,0.298,0.174,1,"5","SLC25A24"
0.00196533773615764,1.00721381985185,0.321,0.198,1,"5","TM7SF3"
0.00199116927285274,1.33098912000429,0.464,0.342,1,"5","ARFGEF2"
0.00202655887174529,0.859806507237113,0.405,0.259,1,"5","TSNAX"
0.00203445326416455,2.28791674922042,0.262,0.153,1,"5","TRIM2"
0.00205311488137119,1.17774741128965,0.381,0.255,1,"5","COG6"
0.00205348321540898,1.40266032999694,0.274,0.152,1,"5","SFXN1"
0.00207451520494832,1.81094426396105,0.333,0.222,1,"5","TBC1D9B"
0.00209165387228913,0.922602040432057,0.417,0.285,1,"5","FCHSD2"
0.00215665724544806,0.733910897062535,0.857,0.815,1,"5","TRAM1"
0.00216064957426191,1.23343917100652,0.393,0.254,1,"5","GYG1"
0.0021713613465387,0.468336737483023,0.94,0.927,1,"5","RPN2"
0.00220324308517025,0.672973248175529,0.631,0.541,1,"5","SVIP"
0.00225655211468594,0.530441120016,0.845,0.842,1,"5","HEXA"
0.00231868066285696,1.39041948008517,0.393,0.288,1,"5","RILPL2"
0.00235195012789396,1.25354242562444,0.405,0.288,1,"5","AMPD2"
0.00239927059768362,1.0402533560692,0.476,0.338,1,"5","SIPA1L1"
0.00239941136665254,1.24610029619995,0.405,0.283,1,"5","XPC"
0.00240801519245521,0.898302235224748,0.405,0.263,1,"5","MXI1"
0.00242714388218775,0.848358801866645,0.595,0.482,1,"5","EAPP"
0.00243772068179871,0.852360896211101,0.464,0.325,1,"5","DGKH"
0.00244259482475016,0.452169318179853,0.488,0.331,1,"5","SSBP3"
0.00245271679446729,1.44062976740881,0.274,0.16,1,"5","ANKRD26"
0.00250449650978286,1.262514157292,0.452,0.322,1,"5","TYW3"
0.00251448493445142,1.12317299623548,0.405,0.276,1,"5","ADAMTSL3"
0.00255928728903324,0.942122745995611,0.476,0.364,1,"5","SYTL4"
0.00261074152073975,0.34076926142054,0.952,0.914,1,"5","ATP5J"
0.00262342700025302,0.671332967735453,0.976,0.99,1,"5","CRYAB"
0.00263812688560064,0.424834157018696,0.976,0.963,1,"5","NDUFA1"
0.0026438638981204,0.402669324396074,1,0.994,1,"5","UBC"
0.00265935450137156,0.915931362287203,0.631,0.488,1,"5","USP34"
0.00266459282659668,0.960079965652195,0.393,0.26,1,"5","ST6GAL1"
0.00268914455246502,1.33617630974222,0.345,0.22,1,"5","XPA"
0.00269617332114812,1.31015807204622,0.274,0.158,1,"5","USP48"
0.00270647554806687,0.849110289912844,0.31,0.18,1,"5","SNRNP35"
0.00271850486797648,0.805744133204032,0.357,0.218,1,"5","HSD17B4"
0.00272700725154775,0.94521832475539,0.44,0.303,1,"5","LIX1L"
0.00272833457618016,0.265739659509927,1,0.99,1,"5","ENO1"
0.00273009733421715,1.04217867326496,0.31,0.183,1,"5","H1F0"
0.00277150734155418,1.48908048224784,0.262,0.147,1,"5","HEIH"
0.00280349359294122,0.935813356215963,0.5,0.379,1,"5","GPBP1L1"
0.00284564390158933,0.890805609192692,0.298,0.171,1,"5","SEPT1"
0.00285504716034604,1.26765435664572,0.321,0.195,1,"5","DCAKD"
0.00290905302485538,0.874772837323956,0.536,0.404,1,"5","INSIG2"
0.00291270416705479,0.72951925357916,0.726,0.666,1,"5","BDH2"
0.00297842380917886,1.29135476417188,0.262,0.147,1,"5","BANK1"
0.00299364799862464,1.15900243632916,0.476,0.34,1,"5","CAB39L"
0.00300021376730056,0.818976624136431,0.536,0.411,1,"5","PHF3"
0.00300156959693228,1.24554829773368,0.405,0.287,1,"5","TCEAL6"
0.00305196158922756,1.43044386492785,0.417,0.286,1,"5","GOLGA5"
0.00313357098196194,0.782692904797481,0.56,0.422,1,"5","CCDC186"
0.00316485381122973,0.687073430099808,0.857,0.791,1,"5","GLG1"
0.00316659121050475,0.463625639194602,0.917,0.882,1,"5","TSPAN3"
0.00317467045867669,1.02828615137145,0.679,0.606,1,"5","CACYBP"
0.00319454612547373,1.22870512344499,0.31,0.185,1,"5","UNC119B"
0.00323166996166235,0.863543780298336,0.786,0.713,1,"5","CREB3L2"
0.00325776820969581,1.24649193834846,0.274,0.156,1,"5","MANSC1"
0.00329029211691466,0.80154115040468,0.512,0.377,1,"5","CPAMD8"
0.00329819882829158,1.22871813889748,0.262,0.15,1,"5","SPR"
0.00332273258332711,0.789068144368224,0.81,0.751,1,"5","SULF2"
0.00337802852683249,1.02323578589221,0.536,0.44,1,"5","TXN2"
0.00340142695255678,0.53503519192012,0.357,0.216,1,"5","PDE7B"
0.00349139528779985,0.691127286356776,0.833,0.85,1,"5","ATP5G2"
0.00351788278219128,0.734160920135408,0.274,0.151,1,"5","STAG3L2"
0.00352916093332281,0.591083521477963,0.774,0.759,1,"5","TNS3"
0.00360249979127471,1.07404555602246,0.536,0.443,1,"5","DPM3"
0.00362511344008038,0.82728030488601,0.702,0.604,1,"5","RNMT"
0.0036698503309342,0.686378569869562,0.821,0.763,1,"5","CCNI"
0.00373952055249805,1.25927493787456,0.417,0.298,1,"5","SMAD3"
0.00378073529999339,0.713316915188236,0.738,0.678,1,"5","CASC4"
0.00378268432532867,0.822956034958998,0.869,0.744,1,"5","FOXK1"
0.00392581288294869,1.44096984363521,0.548,0.454,1,"5","FAM20C"
0.00394143087674209,1.44115814234133,0.286,0.171,1,"5","DIP2A"
0.00400867987129771,1.12947213456341,0.321,0.194,1,"5","ATP10D"
0.00407727939517142,1.41136445007245,0.333,0.217,1,"5","SH3BP2"
0.00416893859830003,0.299836141722676,0.988,0.938,1,"5","UQCR11"
0.00430332872222021,1.06499928306178,0.595,0.452,1,"5","SBNO1"
0.00438457901361997,1.22760137835981,0.548,0.454,1,"5","MDM4"
0.00439003484197719,1.69795378814204,0.298,0.193,1,"5","APBB2"
0.00442853632946984,0.915074709238973,0.452,0.329,1,"5","GOLGA8B"
0.00442982485362001,1.75649954829933,0.321,0.208,1,"5","MCCC2"
0.00444808313289581,1.28398201980792,0.405,0.276,1,"5","CPPED1"
0.00448101981518792,1.2852329036113,0.298,0.18,1,"5","TRIM52-AS1"
0.00461570399124964,0.832395009464531,0.488,0.36,1,"5","SPOP"
0.00461861620104487,1.19916013058482,0.262,0.149,1,"5","GNB5"
0.00465278070979335,1.01977771436077,0.321,0.2,1,"5","HAUS4"
0.00468303371827614,1.16220332824813,0.488,0.374,1,"5","LRIF1"
0.00472209065485623,1.15018334253399,0.464,0.359,1,"5","MRPS34"
0.00472422148327835,0.728753816164027,0.583,0.467,1,"5","MRPL2"
0.00478120882398405,1.47691541937454,0.25,0.141,1,"5","BBS1"
0.00482082674888376,1.16815853820806,0.262,0.153,1,"5","RRNAD1"
0.00485215286872637,0.809217496745156,0.476,0.351,1,"5","KIAA2026"
0.0048676926987622,1.03502199633557,0.333,0.205,1,"5","FAM210B"
0.00492028752174615,0.730353075162655,0.333,0.209,1,"5","ZNF37A"
0.00497873273325118,0.671188788558645,0.345,0.205,1,"5","FAM178A"
0.00499831475051286,0.678158125586678,0.321,0.196,1,"5","PER1"
0.00503652020057822,0.856291995300632,0.988,0.998,1,"5","CILP"
0.0050403627008249,0.79484376216497,0.655,0.537,1,"5","TBL1XR1"
0.0050893947522696,1.07722356315138,0.274,0.159,1,"5","MXD4"
0.00510443456094045,0.64149279422544,0.452,0.312,1,"5","ARFGEF1"
0.00513622463520252,0.82572286112221,0.286,0.168,1,"5","LPXN"
0.00515758376161725,0.366464385161091,0.929,0.9,1,"5","ATP5I"
0.00523928781941443,0.600702051889502,0.726,0.649,1,"5","ALDOC"
0.00527694149587552,0.626520124028119,0.405,0.272,1,"5","KRAS"
0.00545915336338502,0.596042734072713,1,0.997,1,"5","HSP90AB1"
0.00548745369443978,0.696475424411376,0.679,0.61,1,"5","GNPTG"
0.00551575689524568,1.08202647361117,0.381,0.268,1,"5","CLCC1"
0.005587335072917,0.998352012170643,0.31,0.183,1,"5","RAB11FIP2"
0.00560198106676254,0.444378171147948,0.262,0.143,1,"5","NFXL1"
0.00561418282617358,0.651183169351598,0.655,0.582,1,"5","CKAP4"
0.00569490692850324,0.489177499659981,0.869,0.836,1,"5","TMBIM4"
0.00571164172177987,0.508744374229281,0.893,0.888,1,"5","PAM"
0.00575530170066547,0.523356862363998,0.262,0.152,1,"5","PLEKHA2"
0.0057792426494924,0.383595908344819,1,0.999,1,"5","PRELP"
0.00582969522088927,1.52980481503002,0.321,0.21,1,"5","DPY19L4"
0.00601969381953169,0.539362017343372,0.893,0.816,1,"5","BRK1"
0.00605019913434988,0.636401625527387,0.536,0.41,1,"5","GTF2H5"
0.00607701467327352,0.549444892161141,0.631,0.52,1,"5","BBX"
0.00615379670796577,1.38283172513568,0.274,0.164,1,"5","STAT2"
0.00619513167312643,0.887763574197,0.714,0.665,1,"5","CDR1"
0.00638938159250591,0.726877330680584,0.131,0.256,1,"5","ZNF527"
0.00645110437044058,1.07219092258029,0.333,0.21,1,"5","ATAD3C"
0.00645557069974992,0.488963315066574,0.262,0.147,1,"5","TSIX"
0.00654880349578518,0.831758009707955,0.321,0.201,1,"5","ZNF703"
0.00661244885989596,0.575813959830614,0.964,0.967,1,"5","SMOC2"
0.00668302976103349,0.366478839855819,0.369,0.241,1,"5","NCOR2"
0.00670857903298167,0.694459637106416,0.31,0.193,1,"5","HTATSF1P2"
0.0067190450910405,1.01528758408626,0.381,0.264,1,"5","EXOSC7"
0.00672983959026512,0.902723176243261,0.595,0.486,1,"5","GULP1"
0.00673901960304094,0.628297274876036,0.75,0.701,1,"5","SUSD5"
0.00678942918295919,1.77203446876424,0.345,0.241,1,"5","GPR107"
0.00681420733519063,1.28735191318654,0.464,0.387,1,"5","C14orf1"
0.00684372602736151,0.933754356992159,0.738,0.729,1,"5","ECM2"
0.00692095541345559,0.650716286424098,0.464,0.334,1,"5","THYN1"
0.00699689615395029,1.31622978472551,0.369,0.253,1,"5","LYRM7"
0.0070846566297859,1.30988269043362,0.31,0.197,1,"5","FAM114A2"
0.00710958317280631,0.85842658440701,0.643,0.515,1,"5","ZSCAN16-AS1"
0.0071104644007243,1.97501274468685,0.25,0.148,1,"5","SLC2A10"
0.00712223944018157,0.446779409479163,0.905,0.884,1,"5","KRTCAP2"
0.0072149631576417,0.712422435764129,0.298,0.176,1,"5","LINC00476"
0.00727551895164963,0.374229519567017,0.952,0.944,1,"5","ID2"
0.00731306628007676,0.576478798213836,0.738,0.602,1,"5","SUPT16H"
0.00744139775089579,0.594800051752819,0.905,0.877,1,"5","LINC00657"
0.00747376242405157,0.379391049923901,0.286,0.167,1,"5","AFF3"
0.00750693740367212,1.18345857155432,0.321,0.206,1,"5","GSTM2"
0.00754798509344975,0.319436674061683,0.964,0.952,1,"5","GABARAPL2"
0.00757683449656983,0.902471959214181,0.56,0.435,1,"5","SLC38A10"
0.00764705220194853,0.999001407652958,0.524,0.384,1,"5","GOLGA8A"
0.00775239279520005,0.66206719101916,0.786,0.793,1,"5","FKBP2"
0.00776913799104305,0.349297240108347,0.893,0.861,1,"5","REXO2"
0.00782403264732338,0.756693207134821,0.571,0.451,1,"5","SPEN"
0.00783400852892963,1.29424915354334,0.5,0.42,1,"5","TMEM216"
0.00784178513301014,1.12013105410902,0.417,0.307,1,"5","ARMC9"
0.00784811037760896,0.780953702929236,0.833,0.807,1,"5","MRPS6"
0.00788003387399713,0.888625692236356,0.595,0.493,1,"5","NMT1"
0.0080716239761515,1.05026173698474,0.298,0.182,1,"5","RBM41"
0.00808064945718177,1.45503848000113,0.25,0.152,1,"5","CHADL"
0.00809185655892226,1.21208162188918,0.452,0.354,1,"5","SLC30A9"
0.0081064626850805,1.62618137723646,0.25,0.149,1,"5","METTL21B"
0.00815887289290091,0.882730673248527,0.69,0.641,1,"5","ASAH1"
0.00859804949942224,1.30259268054408,0.274,0.175,1,"5","ZNF521"
0.00861467929700053,0.580745635553814,0.357,0.23,1,"5","MLLT6"
0.00869786420582736,1.15672076561452,0.274,0.17,1,"5","HIBCH"
0.00876432706030682,0.574184329641561,0.75,0.657,1,"5","PPFIBP1"
0.00878892612822879,1.53017460668373,0.333,0.233,1,"5","NMRK1"
0.00879476150851795,0.713198805442026,0.393,0.254,1,"5","HLTF"
0.00893094231952681,0.839909379640103,0.345,0.235,1,"5","TAOK3"
0.00895508834898242,0.831697224404999,0.75,0.676,1,"5","HMGN3"
0.00919882084229571,0.684048293352172,0.714,0.617,1,"5","FOXC1"
0.00936912671005818,1.33527268339847,0.262,0.164,1,"5","SLC25A13"
0.00949712886902251,1.44916440996416,0.31,0.205,1,"5","SDHAF3"
0.00957667915408812,0.322025831819907,0.5,0.357,1,"5","KIAA1715"
0.00964881938440636,0.626512558191727,0.655,0.533,1,"5","CLSTN1"
0.0096874030994263,0.939094727409008,0.321,0.212,1,"5","SLC11A2"
0.00978492332185869,1.17811023893686,0.333,0.225,1,"5","SNX27"
0.00979375969346789,0.695363856048687,0.571,0.453,1,"5","PDGFC"
0.00986681134694519,1.63009657748376,0.333,0.234,1,"5","GMPR2"
0.00986813516951381,0.741327959021317,0.44,0.322,1,"5","ACADM"
0.00993152593502561,1.43125149767511,0.31,0.198,1,"5","JPX"
1.43223970865016e-42,3.17711108924991,0.587,0.072,3.45928856830272e-38,"6","NPR3"
2.08294066820993e-34,4.24653221971501,0.968,0.382,5.03092659592745e-30,"6","IL11"
1.21325756731953e-28,3.53949716833224,1,0.646,2.93038100234686e-24,"6","KRT16"
2.46292663133138e-25,2.27416297234837,0.984,0.679,5.94870669265468e-21,"6","NGF"
3.84138821548579e-24,4.65700101663365,0.889,0.335,9.27810495686282e-20,"6","KRT17"
5.39617308197323e-24,2.3717832174167,0.714,0.208,1.30333768448899e-19,"6","CITED4"
2.14861765211483e-23,1.30201005098675,1,0.962,5.18955621515295e-19,"6","PGAM1"
2.3604260051961e-23,1.8042332690547,1,0.997,5.70113693035015e-19,"6","COL2A1"
8.54062877636492e-22,2.31742037202172,0.556,0.124,2.06281806835542e-17,"6","SLC9C1"
2.32937990514095e-21,1.90849375953345,0.968,0.451,5.62615128488693e-17,"6","DNER"
2.50816560916537e-21,1.92347322487482,0.968,0.589,6.05797239581711e-17,"6","GIPR"
3.49466664875753e-21,2.31868477079073,1,0.958,8.44066835674405e-17,"6","FGF1"
4.92032636496329e-21,3.49658639992438,0.381,0.061,1.18840642692958e-16,"6","BDH1"
1.83027206931979e-20,3.89614702903782,0.365,0.057,4.42065612902808e-16,"6","TNP1"
5.10709890921934e-20,2.32661836052582,0.587,0.145,1.23351759954375e-15,"6","SPTLC3"
1.46296042571988e-19,2.04004376145058,0.556,0.14,3.53348831624123e-15,"6","MYO5B"
2.43754149041757e-19,1.89881761837126,0.984,0.596,5.88739396180556e-15,"6","CTHRC1"
4.01611956938886e-19,3.02433021973237,0.603,0.165,9.7001335959449e-15,"6","WNT16"
4.52365781334596e-19,2.23842171971284,0.635,0.193,1.09259907165745e-14,"6","RIPK4"
9.46085529892781e-19,1.6286929360557,0.921,0.457,2.28508038035003e-14,"6","MAST4"
1.2079190697917e-18,4.47307410482514,0.81,0.343,2.91748692926789e-14,"6","TAC1"
1.38250580418278e-18,1.52527829846288,0.952,0.521,3.33916626884267e-14,"6","LOXL2"
1.58076497009491e-18,2.15779990606043,0.952,0.582,3.81802163227024e-14,"6","B3GNT5"
1.85735066031031e-18,1.3660082762591,1,0.997,4.48605904984748e-14,"6","SPARC"
2.34792352036104e-18,1.93781050951123,0.873,0.464,5.67093967872802e-14,"6","LRRC8C"
2.43808568383987e-18,1.39023019982207,1,0.851,5.88870835217845e-14,"6","P3H2"
6.14974754680255e-18,1.49156602137776,1,0.952,1.48534852497922e-13,"6","LINC00152"
1.60100394803534e-17,2.50415751480438,0.317,0.051,3.86690483568976e-13,"6","KPNA7"
9.63731815514574e-17,1.66199979703158,0.921,0.556,2.32770145401235e-12,"6","ACVR1"
1.06648069554047e-16,1.56639045833901,1,0.949,2.5758708239389e-12,"6","CLEC3A"
1.37251966512954e-16,1.28646333621054,0.984,0.609,3.31504674718738e-12,"6","PPP1R14C"
4.18349153074933e-16,2.11805143167963,0.476,0.121,1.01043870942189e-11,"6","TMEM59L"
4.34332977312521e-16,2.2287709021736,0.397,0.084,1.04904444010293e-11,"6","COBL"
1.12133197736521e-15,1.49475181985405,0.984,0.68,2.7083531249302e-11,"6","SMOX"
1.46430401009425e-15,1.74342145367847,0.841,0.456,3.53673347558064e-11,"6","AKAP12"
1.7883655560058e-15,1.1582407885456,0.984,0.899,4.31943932742082e-11,"6","COL11A1"
1.88433347639174e-15,1.59691804614489,0.571,0.187,4.55123064552896e-11,"6","CXCL14"
2.74866959282688e-15,1.77222113451016,0.968,0.728,6.63886166755476e-11,"6","NPR2"
4.73624905556424e-15,1.29143294423954,0.746,0.288,1.14394623439043e-10,"6","ADAM12"
4.76436352633506e-15,2.00874619056912,0.937,0.623,1.15073672251571e-10,"6","ZNF365"
5.8871298650833e-15,1.35643086036638,0.984,0.769,1.42191847631357e-10,"6","HMGA1"
6.12865816952527e-15,1.47162841358936,0.889,0.443,1.48025480768544e-10,"6","UNC5B"
7.40208930101202e-15,1.85358235550259,1,0.857,1.78782662887343e-10,"6","ANGPTL4"
9.4498535876051e-15,2.92002806987363,0.444,0.118,2.28242313701426e-10,"6","DUSP4"
1.09722427601518e-14,1.41665384280138,0.937,0.666,2.65012579385946e-10,"6","MATN3"
1.1376834600867e-14,1.15210412547676,0.698,0.255,2.7478468611474e-10,"6","PITPNM2"
1.31289177788558e-14,1.30223210096376,0.746,0.292,3.17102751112704e-10,"6","PAPPA"
1.46351774439583e-14,1.18203702523996,1,0.916,3.53483440803926e-10,"6","ENPP1"
1.68578975060193e-14,1.00745377309886,1,0.975,4.07168798462884e-10,"6","TNFRSF12A"
2.55886293594683e-14,0.974795174667465,0.825,0.378,6.18042164919238e-10,"6","S100A2"
3.07364042154812e-14,0.894720847668246,0.365,0.078,7.42376371016517e-10,"6","DCLK1"
3.14789363817583e-14,1.83344843087545,0.492,0.139,7.60310750428609e-10,"6","KCNN4"
4.57169291161719e-14,1.6387271693788,0.651,0.237,1.1042009889429e-09,"6","CD8B"
6.72040146289379e-14,1.34901902173817,0.937,0.565,1.62317856533274e-09,"6","FAM101B"
1.33699741446382e-13,1.51146017206685,1,0.751,3.22924985515447e-09,"6","LIF"
1.46223444739249e-13,1.14582942446323,1,0.949,3.53173486078709e-09,"6","UGP2"
1.63123124345855e-13,1.06350514109267,1,0.979,3.93991282232543e-09,"6","OGN"
1.70161884087228e-13,1.34944840515983,0.921,0.559,4.10991998635881e-09,"6","RPS6KA3"
1.91828644485058e-13,0.815227482842136,1,1,4.63323725024761e-09,"6","C2orf40"
2.29341675799311e-13,1.91103343708732,0.302,0.059,5.53928949558077e-09,"6","RAP1GAP"
2.40460773955263e-13,1.41126944693909,0.81,0.376,5.80784907334146e-09,"6","SEMA3D"
2.49693764194993e-13,1.31575334348326,1,0.877,6.03085348660167e-09,"6","TSPAN2"
2.53878981963386e-13,1.29551625909026,0.889,0.523,6.13193905136165e-09,"6","DCHS1"
2.63645464546566e-13,1.05521214458432,1,0.771,6.36782890519321e-09,"6","COL5A1"
2.93975830460331e-13,1.64730011555586,0.619,0.227,7.10039823310837e-09,"6","ENPP2"
3.21795539667616e-13,0.700361472009745,0.302,0.061,7.77232766959194e-09,"6","TMEM132C"
3.57167302680246e-13,1.34601087468269,0.984,0.794,8.62666186163597e-09,"6","CLCF1"
3.61044487889548e-13,2.02441032915067,0.27,0.048,8.72030751599626e-09,"6","KIF24"
4.67987955250796e-13,0.871002561792244,1,0.981,1.13033130831725e-08,"6","RAN"
7.54989806031835e-13,1.0631728368303,0.968,0.683,1.82352687850869e-08,"6","EGR2"
7.63634676861123e-13,1.73818909176847,0.873,0.555,1.84440683502267e-08,"6","KCNK1"
8.61365167855194e-13,1.13614637767152,0.952,0.596,2.08045528992065e-08,"6","XYLT1"
8.8515069363516e-13,1.73998182385516,0.381,0.094,2.137904470337e-08,"6","SYT8"
9.23898678429879e-13,2.08471129364398,0.365,0.086,2.23149247801169e-08,"6","FAAH"
1.19816245551859e-12,1.39315464064361,1,0.813,2.89392177881405e-08,"6","LECT1"
1.30371516947844e-12,0.563046352462592,1,1,3.14886324884128e-08,"6","FMOD"
1.52098438781192e-12,1.99659890553994,0.651,0.264,3.67363359188214e-08,"6","WNT5B"
1.551910082085e-12,0.968481281682826,1,0.876,3.74832842125991e-08,"6","ERCC1"
1.58644075575256e-12,1.30456655079744,1,0.965,3.83173035736916e-08,"6","SERPINE2"
1.64827024510962e-12,1.40011705065208,0.921,0.532,3.98106712301327e-08,"6","RHOU"
1.88319870147939e-12,1.33703756449688,0.714,0.308,4.54848982368318e-08,"6","GPC1"
2.15257005872523e-12,1.28382072424076,0.984,0.856,5.19910246283905e-08,"6","ITGA5"
2.84839205417148e-12,1.21866379968854,0.651,0.242,6.87972132844037e-08,"6","TENM2"
3.27254743726867e-12,1.06379480862934,1,0.819,7.90418382523502e-08,"6","ASNS"
3.31763443224496e-12,1.09494348541604,1,0.826,8.01308244420126e-08,"6","ACTN1"
4.71565087504072e-12,0.863224852700672,1,0.946,1.13897115584858e-07,"6","SERPINA5"
6.728236470689e-12,1.92032666651815,0.73,0.345,1.62507095476551e-07,"6","VCAN"
7.08021845540214e-12,0.844360673673304,1,0.873,1.71008516353328e-07,"6","COL6A3"
7.75620118661348e-12,1.01458747598471,0.27,0.052,1.87335527260275e-07,"6","CRYGS"
7.83545108556293e-12,2.50122447194552,0.317,0.074,1.89249650069601e-07,"6","SLC45A1"
8.09999316244891e-12,0.496046004219836,0.905,0.475,1.95639134852629e-07,"6","DKK3"
8.24879350095263e-12,1.11125343829613,0.968,0.721,1.99233109428509e-07,"6","PPIC"
8.3815335169631e-12,0.845077102153912,0.794,0.376,2.0243917903521e-07,"6","CRLF1"
8.95862755458545e-12,1.286691433664,0.937,0.792,2.16377731325902e-07,"6","UPP1"
9.49475449288446e-12,1.97189210694255,0.952,0.552,2.29326805266638e-07,"6","TNFAIP6"
1.14087406031837e-11,0.832206589227909,0.905,0.559,2.75555311788695e-07,"6","SYNJ2"
1.15486307875877e-11,1.9971971689035,0.841,0.46,2.78934079412605e-07,"6","CKB"
1.34215683807759e-11,1.36314396771959,0.778,0.395,3.2417114110088e-07,"6","PCK2"
1.37609603900562e-11,1.11755448530262,0.984,0.716,3.32368476301026e-07,"6","ST3GAL1"
1.65724947313324e-11,0.864156830462591,0.667,0.269,4.00275465245871e-07,"6","SLC35E4"
1.69469122835596e-11,1.05799110134986,0.683,0.272,4.09318772384814e-07,"6","INPP4B"
1.73783513472787e-11,0.877640379143808,1,0.994,4.19739320090822e-07,"6","INHBA"
2.32242977735224e-11,0.749531611792686,1,0.961,5.60936464123886e-07,"6","UGDH"
3.24895757021286e-11,1.22844635935878,0.587,0.221,7.84720721933512e-07,"6","BAALC"
3.52207352517155e-11,1.73050163493662,0.762,0.417,8.50686418534683e-07,"6","LOC101928841"
3.75306870350701e-11,1.01167504668532,0.873,0.551,9.06478683958049e-07,"6","HTRA3"
3.78030719965897e-11,1.0727002608328,0.984,0.667,9.13057597933632e-07,"6","GLIS3"
3.95357657601167e-11,1.25450710565424,0.857,0.445,9.54907350404098e-07,"6","BMP6"
5.25282029537776e-11,1.05630221277104,0.984,0.773,1.26871368594259e-06,"6","SNX9"
5.53666153963923e-11,1.09786998813334,0.968,0.613,1.33726986166906e-06,"6","SLC4A7"
5.75697928279772e-11,1.09748995541838,1,0.925,1.39048320617413e-06,"6","COL3A1"
6.04691859167775e-11,1.1278970685905,0.857,0.456,1.46051224744793e-06,"6","SLC35G2"
6.47540579290788e-11,0.963595817668943,1,0.926,1.56400476116104e-06,"6","CAV1"
6.83732627119754e-11,0.775489469454166,1,0.946,1.65141941428234e-06,"6","EIF2S2"
7.27626038362662e-11,1.31568801565405,0.841,0.465,1.75743517045734e-06,"6","C11orf91"
7.96644980963674e-11,1.20552423723215,0.317,0.076,1.92413662252156e-06,"6","TNFRSF18"
9.15145866657025e-11,1.44539066308733,0.81,0.452,2.21035181173671e-06,"6","AMOTL2"
1.02751461047525e-10,1.56684518825374,0.381,0.106,2.48175603868087e-06,"6","CYB561"
1.07370366020937e-10,1.2841773276944,0.81,0.403,2.59331645050368e-06,"6","ITPR3"
1.0913750784707e-10,1.26563753217968,0.857,0.489,2.63599822703027e-06,"6","PDLIM7"
1.123983711434e-10,0.497739955288793,1,0.739,2.71475785822655e-06,"6","SPP1"
1.14655289941089e-10,1.43509108621034,0.889,0.512,2.76926921794712e-06,"6","B4GALT1"
1.84109622641281e-10,2.26948875652351,0.508,0.19,4.44679971565486e-06,"6","FERMT1"
1.85419132477884e-10,0.884770481578792,0.984,0.918,4.47842830673832e-06,"6","MTHFD2"
1.85871151733653e-10,2.20772339584737,0.46,0.157,4.48934592782292e-06,"6","FLJ46906"
1.88323660603828e-10,1.52246784701499,0.73,0.369,4.54858137456427e-06,"6","MAP3K4"
1.95855399451426e-10,1.57907404391133,0.556,0.218,4.73049546295029e-06,"6","LINC00346"
2.50590069718367e-10,1.28008799503841,0.381,0.108,6.05250195390771e-06,"6","RAB39B"
2.51017843371966e-10,1.53339424505594,0.762,0.446,6.0628339709631e-06,"6","DSG2"
2.63302175323663e-10,1.23812218504495,0.365,0.099,6.35953744059244e-06,"6","CTB-178M22.2"
2.93850244911342e-10,0.784278164098384,0.984,0.857,7.09736496534365e-06,"6","CILP2"
3.51521873169173e-10,0.963213987804053,0.603,0.244,8.49030780265504e-06,"6","MAPKAP1"
3.57263842313091e-10,0.826899414919025,1,0.875,8.62899358338809e-06,"6","PDLIM4"
3.69007255673757e-10,1.44989628464051,0.619,0.271,8.91263224628825e-06,"6","FSTL3"
3.97870861741323e-10,1.71971337115474,0.492,0.189,9.60977492363816e-06,"6","BCAS4"
5.43670617732555e-10,0.770351875819073,1,0.98,1.31312764300944e-05,"6","PRDX1"
6.1088413744056e-10,1.3414126833142,0.683,0.346,1.47546845716018e-05,"6","PXN"
6.53330292147051e-10,1.71894517659293,0.889,0.587,1.57798865462277e-05,"6","MRPL44"
7.41514289413487e-10,0.607661596660739,0.683,0.331,1.79097946322039e-05,"6","CCL20"
7.58522533027533e-10,0.987777156066181,1,0.913,1.8320594740214e-05,"6","OMD"
9.26215849033724e-10,0.816870496257994,1,0.919,2.23708914017115e-05,"6","FERMT2"
1.22598719591127e-09,2.58668922945922,0.46,0.158,2.96112687428449e-05,"6","LAMB3"
1.3460333017916e-09,1.5579373950555,0.429,0.148,3.25107423381725e-05,"6","POMT2"
1.51789080652393e-09,0.816316947004435,0.873,0.497,3.66616166499725e-05,"6","NPC1"
1.62844016472195e-09,0.830002554640589,0.825,0.445,3.93317152985293e-05,"6","FAM43A"
1.64830997388228e-09,0.583493678898984,1,1,3.98116307991788e-05,"6","FN1"
1.77161446070023e-09,0.795038463022829,0.984,0.761,4.27898040692926e-05,"6","CEBPG"
1.80710618527207e-09,1.18552648719475,0.841,0.506,4.36470356928763e-05,"6","PSAT1"
1.81110677987191e-09,1.36362810226899,0.667,0.332,4.37436620542463e-05,"6","SLC4A5"
1.86377490298785e-09,0.661131202300972,1,0.948,4.50157552318655e-05,"6","CLIC4"
1.87681666014771e-09,1.4059340955828,0.667,0.31,4.53307527925475e-05,"6","DUSP5"
2.0080861059691e-09,0.791645579681915,1,0.887,4.85013037174718e-05,"6","COL5A2"
2.16824716634778e-09,1.80157676626213,0.46,0.169,5.23696738087979e-05,"6","ALDH1L2"
2.25942087561142e-09,0.433087621505091,0.587,0.224,5.45717924086426e-05,"6","KIRREL"
2.44874978674099e-09,1.95277931173643,0.27,0.067,5.91446535991552e-05,"6","FAM84A"
2.76512320153768e-09,0.82396032004157,0.968,0.744,6.67860206867396e-05,"6","NARS"
2.79661811725746e-09,0.757400791329974,1,0.997,6.75467173861194e-05,"6","CILP"
2.89616741519237e-09,0.476993103074785,1,0.991,6.99511315791413e-05,"6","ANXA5"
3.41344869424084e-09,0.888398731496684,0.984,0.809,8.2445026311999e-05,"6","NT5E"
3.617791388735e-09,3.16670337993559,0.27,0.071,8.73805154121164e-05,"6","LOC79160"
3.65290538226413e-09,0.894090543298478,0.984,0.89,8.82286236978254e-05,"6","ITM2A"
3.72009952698424e-09,0.871615435094468,0.968,0.635,8.98515638752504e-05,"6","COL15A1"
3.81933216652564e-09,1.37573399653122,0.952,0.676,9.22483298180938e-05,"6","GAS1"
3.98371898325892e-09,0.793565404560466,1,0.964,9.62187646026527e-05,"6","TNFRSF11B"
4.13379238827279e-09,0.981003842232841,0.984,0.753,9.98434875539526e-05,"6","CYP51A1"
5.15715058282131e-09,0.857461834552356,0.825,0.452,0.000124560658026883,"6","BAIAP2L1"
5.43587920228198e-09,0.67988860966994,0.937,0.602,0.000131292790372717,"6","HCFC1R1"
6.77707513755177e-09,0.903778740643562,0.952,0.767,0.000163686695797288,"6","EIF4EBP1"
6.90583760196254e-09,1.10855836692074,0.937,0.668,0.000166796695600201,"6","JAG1"
7.69774541953237e-09,1.09705885665852,0.635,0.285,0.000185923645117965,"6","GGH"
7.72667323887473e-09,1.289945666762,0.27,0.067,0.000186622338738541,"6","COCH"
1.07048447453532e-08,1.0954431231306,0.603,0.269,0.000258554115134515,"6","FGD6"
1.12768924452751e-08,0.697589019678901,0.746,0.356,0.000272370783230729,"6","NAV1"
1.13454858630556e-08,1.11123558039389,0.857,0.529,0.000274027520050382,"6","GLRX2"
1.21611480474704e-08,0.789254793996056,0.841,0.487,0.000293728208790553,"6","KDM7A"
1.23002001658403e-08,0.763217438811841,0.984,0.899,0.000297086734605541,"6","TGFBR1"
1.24314051227433e-08,0.803568263726662,1,0.953,0.00030025572792962,"6","FGF2"
1.26757318452047e-08,0.964984574609938,0.651,0.3,0.00030615695125723,"6","RND1"
1.32003040627727e-08,1.20188280861159,0.365,0.116,0.00031882694402815,"6","CSDC2"
1.37003367900728e-08,0.866665403462466,0.857,0.513,0.000330904234490628,"6","GALNT18"
1.40245099688721e-08,0.792550867326308,0.635,0.268,0.000338733989278168,"6","TSTA3"
1.56824894763281e-08,0.804937889573303,0.984,0.832,0.000378779168321753,"6","FNDC3B"
1.56868234836016e-08,0.789296002833973,1,0.903,0.000378883847599431,"6","NFATC2"
1.59804299895596e-08,0.850036828926574,0.952,0.686,0.000385975325537833,"6","SPRY2"
1.59921349442655e-08,0.728178067545974,1,0.87,0.000386258035308845,"6","RCN1"
1.77484716508623e-08,0.754855394048857,0.984,0.828,0.000428678835783278,"6","FHL2"
1.82822591710908e-08,1.01741719543592,0.921,0.589,0.000441571405759355,"6","ITGB1BP1"
1.84629257277709e-08,1.00503010660269,0.968,0.707,0.000445935045102852,"6","YIF1A"
2.24549998902405e-08,0.455305966728084,0.762,0.412,0.000542355612348979,"6","THBS3"
2.35311326607434e-08,0.629210668118547,0.968,0.742,0.000568347447154934,"6","SRPX2"
2.47941677419325e-08,0.821791906485368,0.921,0.625,0.000598853533470895,"6","XPOT"
2.59417790907173e-08,1.55341551262834,0.317,0.098,0.000626571790378095,"6","GAS7"
2.74626542251782e-08,0.651288937268269,1,0.826,0.000663305487500729,"6","COL9A2"
2.98177303138061e-08,1.48128584710267,0.571,0.261,0.000720187640269359,"6","AQP3"
2.98500850259646e-08,0.682524249633922,1,0.925,0.000720969103632124,"6","SARS"
3.16333741706754e-08,0.780575538462714,0.984,0.769,0.000764040886344323,"6","IARS"
3.33119555319925e-08,0.441514405180017,1,1,0.000804583661964215,"6","EIF1"
3.61006554948711e-08,1.26114483526254,0.762,0.449,0.000871939132167622,"6","TTPAL"
3.69012269952515e-08,0.600112870947082,1,0.955,0.000891275335616309,"6","ANKH"
3.75242648885126e-08,1.42043549948384,0.302,0.088,0.000906323569852245,"6","ELAC1"
3.84954077614065e-08,1.4018690821118,0.841,0.578,0.000929779583661252,"6","NR4A3"
3.89248579687274e-08,1.20236471286469,0.841,0.49,0.000940152094518673,"6","TUBE1"
3.90499390596272e-08,1.317748288165,0.333,0.104,0.000943173178107175,"6","PRR26"
4.30470528571796e-08,1.41296223395053,0.492,0.216,0.00103971546765946,"6","SPSB4"
4.48860672373079e-08,0.485529605980924,1,0.979,0.0010841331819827,"6","RPS7"
4.60101414413386e-08,0.752324141892508,0.984,0.854,0.00111128294623265,"6","TARS"
4.93457367434762e-08,1.10960004869362,0.778,0.437,0.00119184757956518,"6","AOC2"
5.20146993216759e-08,0.656814748508769,1,0.96,0.00125631103271644,"6","PNP"
5.58880598249889e-08,0.554357460804119,1,0.94,0.00134986430895296,"6","TMEM258"
5.8712572632334e-08,0.776914820368173,0.952,0.643,0.00141808476678876,"6","MINPP1"
5.96664849616391e-08,0.781146641143009,1,0.863,0.00144112461127847,"6","TUBB6"
6.05742631916368e-08,0.658793442402743,1,0.887,0.0014630501788676,"6","TXNRD1"
6.06598114278321e-08,0.875466989005166,0.921,0.679,0.00146511642541643,"6","SIPA1L2"
6.4114420900179e-08,0.621334066437817,0.905,0.569,0.00154855560800202,"6","ITPRIPL2"
6.4499451609856e-08,0.78535871617917,0.667,0.35,0.00155785525473285,"6","FLII"
6.54880033463677e-08,1.94243553480311,0.349,0.121,0.00158173174482482,"6","DSC3"
6.62435603320445e-08,0.64090295904001,0.984,0.883,0.00159998071269987,"6","GARS"
7.04088537054451e-08,1.04165387851951,0.794,0.497,0.00170058504354761,"6","GPR183"
7.05326400173655e-08,0.512041536671511,1,1,0.00170357485433943,"6","COMP"
7.10709506458478e-08,0.33404017871524,0.984,0.635,0.00171657667094916,"6","IGFBP7"
8.71112296580203e-08,1.95265422238722,0.254,0.071,0.00210399752993017,"6","TMEM200A"
8.97377937205716e-08,1.65961605740751,0.27,0.074,0.00216743693173296,"6","ADGRG1"
9.35474489213677e-08,1.43217228220094,0.968,0.761,0.0022594515337978,"6","BTG2"
9.39219047944542e-08,1.5110655857653,0.413,0.155,0.00226849576650045,"6","RPP40"
9.65206015086593e-08,0.818379289149055,0.746,0.403,0.00233126208823865,"6","INO80C"
9.94771981440183e-08,1.08332231760543,0.905,0.634,0.00240267276677247,"6","SERPINE1"
1.05815861929529e-07,0.750161041335484,0.667,0.335,0.00255577051318391,"6","RNFT1"
1.07237948002825e-07,0.590061736887398,0.841,0.57,0.00259011815811224,"6","CPE"
1.15037764323998e-07,0.938183425314433,0.905,0.559,0.00277850712171753,"6","FRMD6"
1.19284693474249e-07,0.470609390935177,0.524,0.219,0.00288108320148354,"6","SIK1"
1.2620315539295e-07,1.15778757684631,0.762,0.441,0.00304818481220592,"6","PCSK1N"
1.30255843742282e-07,0.4283385083199,1,0.983,0.00314606939390733,"6","RPS29"
1.36340689252412e-07,0.410475112440317,1,0.889,0.00329303666751351,"6","S100A4"
1.3688168429197e-07,0.970688680176599,0.683,0.353,0.00330610332070395,"6","MSANTD3"
1.47416965562194e-07,0.719607019864368,0.619,0.32,0.00356056196922366,"6","GRPEL2"
1.49941115154322e-07,0.601994031739035,0.778,0.471,0.00362152775432233,"6","SLC7A11"
1.50424194229081e-07,0.665009399630961,0.365,0.12,0.003633195563215,"6","RPH3AL"
1.5463349677773e-07,1.30072819195286,0.476,0.2,0.00373486284767251,"6","CBS"
1.58661427661861e-07,0.826269364521146,0.889,0.604,0.00383214946231692,"6","HSPA13"
1.59497440417192e-07,0.538469293111564,1,0.954,0.00385234167839643,"6","COL6A1"
1.59784518318827e-07,0.965794202526737,0.365,0.124,0.00385927547095462,"6","TRAF6"
1.60950660205338e-07,0.82699220753337,0.968,0.751,0.00388744129593953,"6","EPRS"
1.66555337782048e-07,0.864030616880501,0.984,0.858,0.00402281107344982,"6","KIAA0040"
1.72950748809268e-07,1.16698319129604,0.476,0.205,0.00417727943599025,"6","DUSP18"
1.76403548697416e-07,1.41075850480243,0.508,0.224,0.00426067491168869,"6","ACOT7"
1.80584700804263e-07,0.87301418128982,0.635,0.307,0.00436166227852535,"6","LRP4"
1.84106155221288e-07,0.717748427526368,1,1,0.00444671596705977,"6","CTGF"
1.84744430164659e-07,0.667842426566117,0.968,0.689,0.004462132221767,"6","PSMD14"
1.97978351405939e-07,0.718970370846906,0.746,0.424,0.00478177112150765,"6","C3orf52"
2.11388440983175e-07,0.807105771425856,0.984,0.805,0.00510566501506662,"6","SRI"
2.28412920369944e-07,1.17597150719932,0.746,0.429,0.00551685726569527,"6","MTHFD1L"
2.30529342283731e-07,1.60822998956096,0.302,0.097,0.00556797520417895,"6","ABCB9"
2.42331872333187e-07,1.95966022034042,0.794,0.529,0.00585304171246348,"6","STEAP2"
2.7064018351281e-07,0.496052380409566,0.873,0.575,0.0065367723523849,"6","JHDM1D-AS1"
2.7446511797021e-07,1.47096135391157,0.825,0.559,0.00662915599433449,"6","MAEA"
2.76488217376905e-07,0.910286474875547,0.667,0.355,0.00667801991430438,"6","SRXN1"
2.82487590498549e-07,1.53553042049201,0.286,0.089,0.00682292277331144,"6","BDNF"
2.86663825164432e-07,0.606569611361141,0.841,0.487,0.00692379136919651,"6","OTUB1"
2.86753137896058e-07,0.504444986796078,1,0.952,0.00692594853960348,"6","RSL24D1"
2.87132892044543e-07,1.59510812231103,0.317,0.105,0.00693512074155184,"6","BTBD16"
3.13029519167959e-07,0.759017919876608,0.889,0.616,0.00756060197646371,"6","ASAP2"
3.16090914600818e-07,0.633383332099342,0.905,0.642,0.00763454386035356,"6","INHBA-AS1"
3.26892326184189e-07,0.847054839741547,0.889,0.588,0.00789543035432671,"6","HSPB6"
3.37477413867257e-07,0.607640613626641,0.778,0.417,0.00815109197713587,"6","SEC14L1"
3.63077881602084e-07,0.76156511984099,0.778,0.435,0.00876942007433514,"6","ANKLE2"
3.83755317941977e-07,1.92795531431151,0.27,0.082,0.00926884219425257,"6","KAZALD1"
3.98006666775343e-07,1.25249030085025,0.556,0.274,0.00961305502262487,"6","TET3"
4.12933629756353e-07,0.683808560011463,1,0.984,0.00997358595950521,"6","TM4SF1"
4.32813020202094e-07,1.01531870985414,0.841,0.584,0.0104537328769412,"6","ULBP2"
4.46041395424715e-07,0.551325298778937,1,0.96,0.0107732378236931,"6","PLOD2"
4.50777988409042e-07,0.477560445183625,0.349,0.118,0.0108876407540436,"6","SMG9"
4.68929332900852e-07,0.779070314890268,1,0.983,0.0113260501775543,"6","RCAN1"
4.70695476710117e-07,0.862665880431683,0.698,0.383,0.0113687078489794,"6","SEMA3C"
4.75921253514237e-07,1.41743877656124,0.413,0.169,0.0114949260361294,"6","ELMO1"
4.7849321771739e-07,0.830527019820928,0.952,0.782,0.0115570466875281,"6","RYBP"
4.79887578546166e-07,0.578484122525886,1,0.948,0.0115907246846256,"6","ITGB1"
5.01855059641826e-07,0.807990038909286,0.905,0.58,0.012121305255529,"6","RDH11"
5.07263037246375e-07,0.937036367664641,0.444,0.181,0.0122519241386117,"6","BMP1"
5.11087635498807e-07,0.922635056751531,0.952,0.701,0.0123442996602027,"6","GFPT2"
5.14304483165019e-07,1.06193693670929,0.429,0.171,0.0124219961818847,"6","GFRA2"
5.85898271813933e-07,0.561146661820056,1,0.97,0.0141512009591219,"6","PMP22"
5.93410322367191e-07,0.764658647023712,0.73,0.383,0.0143326395161348,"6","EFR3A"
6.13096748722202e-07,0.405933432027732,0.73,0.38,0.0148081257718873,"6","SDK2"
6.18718251951895e-07,0.616437269557533,0.825,0.502,0.0149439019393941,"6","ADGRG2"
6.48313148327479e-07,0.660796742619421,0.825,0.503,0.0156587074715536,"6","TNS1"
6.83224455820875e-07,0.469048680238876,0.73,0.384,0.0165019202814416,"6","VTA1"
6.89809425403571e-07,1.33734189497544,0.381,0.148,0.0166609670517724,"6","FAM110C"
7.18443206479455e-07,0.68006817028532,0.746,0.4,0.0173525587660983,"6","PDS5A"
7.46679135649609e-07,0.676322559082807,0.46,0.195,0.018034541163345,"6","PGGT1B"
7.48444021117446e-07,0.55080483513444,0.937,0.766,0.0180771684420497,"6","SLC7A2"
8.10482352704615e-07,0.99097309172218,0.476,0.211,0.0195755802648746,"6","KIFC3"
8.23339209985169e-07,1.05800359508597,0.603,0.306,0.0198861119387718,"6","SEMA3A"
8.2800200165239e-07,0.412500611737522,1,0.974,0.0199987323459102,"6","DSTN"
8.61951947684764e-07,0.946588663992215,0.587,0.28,0.0208187253924301,"6","GOLGA5"
8.67115623622388e-07,1.03207092333484,0.508,0.234,0.0209434436573515,"6","SORBS2"
8.71924107839632e-07,0.587905147131462,0.794,0.466,0.0210595829766506,"6","CSNK1G3"
9.14303117664629e-07,0.369818359002095,0.984,0.775,0.0220831632009538,"6","ATP13A3"
9.26771061947473e-07,0.69695745312658,0.841,0.553,0.0223843014592173,"6","SLC19A2"
9.35176314229103e-07,1.51414609826487,0.46,0.203,0.0225873135175755,"6","SREBF2"
1.07305929595243e-06,0.680252152476349,0.857,0.586,0.0259176011751391,"6","VCL"
1.07374681364508e-06,0.886143216626007,0.746,0.472,0.0259342067899697,"6","OGFOD1"
1.09104177049847e-06,1.4036707191482,0.667,0.365,0.0263519318828495,"6","TNNT3"
1.19868557613062e-06,1.17338644011652,0.841,0.643,0.0289518527202828,"6","MSMO1"
1.21453754174321e-06,0.551400037132777,0.762,0.453,0.0293347252457238,"6","TPPP3"
1.22744291674527e-06,0.826772751096709,0.587,0.292,0.0296464287681486,"6","FBXO28"
1.25817721901044e-06,0.669903295600634,0.683,0.384,0.0303887543707591,"6","NTRK2"
1.3096248110029e-06,0.612300056484533,1,0.89,0.031631368060153,"6","KCNMA1"
1.35665903824881e-06,0.709956276044045,0.81,0.515,0.0327673857508236,"6","CBLB"
1.39330977210993e-06,0.727615907431221,0.286,0.101,0.033652610925771,"6","TNNI2"
1.40715024913696e-06,0.757372539142675,0.984,0.834,0.0339868999674049,"6","FSTL1"
1.42498430363101e-06,0.39117555915791,0.921,0.543,0.0344176458855998,"6","GALNT1"
1.42825519743126e-06,0.392183919760678,1,0.975,0.0344966477835573,"6","BTF3"
1.42885551512569e-06,0.740919970548052,0.825,0.575,0.0345111472568307,"6","PXK"
1.46786455874031e-06,0.730769036171487,0.81,0.529,0.0354533326872547,"6","SQLE"
1.51552813014743e-06,0.95802149339457,0.73,0.44,0.036604550927451,"6","CEMIP"
1.51982571792263e-06,0.692521470703533,0.905,0.695,0.0367083505649852,"6","GCLM"
1.5640415292265e-06,0.578405072689335,0.968,0.727,0.0377762950554076,"6","CDK2AP1"
1.59388170805882e-06,0.597357358012934,0.921,0.622,0.0384970248947446,"6","MRPL3"
1.6608736875189e-06,1.04940915244672,0.476,0.219,0.0401150821746441,"6","PGM2"
1.66242817292516e-06,0.745603324911665,0.73,0.399,0.0401526276606613,"6","TMEM167B"
1.71374700066133e-06,0.598089312880842,0.984,0.708,0.0413921313069732,"6","PLOD1"
1.74859098007281e-06,0.959866574495102,0.825,0.552,0.0422337179416986,"6","PTK2"
1.82164268003087e-06,0.744156955800126,0.937,0.711,0.0439981356507856,"6","NDUFAF4"
1.87049575335661e-06,0.592465234223009,0.841,0.522,0.0451780839308222,"6","HRH1"
1.88251113460232e-06,1.93335594395735,0.444,0.199,0.0454682914340499,"6","GAN"
1.90060367272529e-06,0.977903346665053,0.762,0.452,0.045905280507334,"6","HMGCR"
1.95262739363354e-06,1.13393894640596,0.365,0.143,0.0471618094384308,"6","EXT1"
1.98569542254829e-06,0.690283087549572,0.429,0.18,0.0479605015408088,"6","TERF2"
2.0569725658695e-06,0.506185656277167,1,0.947,0.0496820583834459,"6","BMP2"
2.12520990304698e-06,0.699117342234838,0.73,0.406,0.0513301947882938,"6","SLC35A2"
2.13512059974389e-06,0.907605059976872,0.857,0.587,0.0515695678456142,"6","FDFT1"
2.13574143512961e-06,1.0398796706498,0.905,0.702,0.0515845628826854,"6","DSP"
2.15667970115799e-06,0.927883763109196,0.762,0.484,0.0520902848220689,"6","MRPS23"
2.16690546827743e-06,0.387255715187648,0.73,0.396,0.0523372677753047,"6","VPS53"
2.17005957183671e-06,0.717396045484781,0.857,0.56,0.0524134488385721,"6","CA9"
2.17248950217321e-06,0.641909841687423,0.984,0.858,0.0524721389459896,"6","OSTC"
2.19328169484582e-06,0.633616485441888,0.984,0.841,0.0529743327756111,"6","PXYLP1"
2.20574665983641e-06,0.595865208904542,0.54,0.259,0.0532753990750288,"6","DPY19L3"
2.21959113515524e-06,0.694435153934176,0.714,0.39,0.0536097846874045,"6","UBE2F"
2.26025203521251e-06,0.456606390096425,0.524,0.234,0.0545918674064877,"6","SUDS3"
2.27205289603541e-06,0.544662911081675,0.73,0.433,0.0548768935979432,"6","SUSD6"
2.2835665219707e-06,1.17851495352053,0.683,0.387,0.0551549822051584,"6","GPT2"
2.28678622374356e-06,0.663220276794831,0.905,0.582,0.0552327476620782,"6","MXD1"
2.34802752551086e-06,0.98483196180818,0.476,0.211,0.0567119088236637,"6","SLC12A4"
2.36602495443126e-06,1.26189000847702,0.413,0.177,0.0571466007243782,"6","ULBP1"
2.39768894713488e-06,0.598847958274367,0.952,0.773,0.0579113811401487,"6","SHMT2"
2.42328650593298e-06,0.723299503606378,0.365,0.137,0.0585296389777992,"6","C5orf51"
2.48701641133435e-06,0.776356582956608,0.984,0.837,0.0600689073829586,"6","INSIG1"
2.68838485868624e-06,0.476509032589663,0.698,0.384,0.0649325594918487,"6","ING3"
2.79082887773423e-06,0.74338312537364,0.73,0.426,0.0674068898839148,"6","SZRD1"
2.88695032335842e-06,1.11026868317118,0.381,0.156,0.069728511160076,"6","LOXL4"
2.88852698155333e-06,0.78304237200415,0.762,0.465,0.0697665921854576,"6","ORMDL2"
3.03040710303797e-06,1.34890329890005,0.254,0.082,0.073193422759676,"6","NPTX2"
3.07893082377468e-06,0.776333378866728,0.397,0.158,0.0743654161866298,"6","RBBP8"
3.11443590648813e-06,0.704821193828506,1,0.929,0.0752229704494079,"6","CTSL"
3.20004240066328e-06,0.851058205423586,0.762,0.494,0.0772906241032202,"6","CD58"
3.22460465778417e-06,0.562838870713021,0.587,0.288,0.0778838762994611,"6","AGPAT5"
3.23700066837869e-06,0.762188709248714,0.302,0.104,0.0781832771433504,"6","C11orf68"
3.33626616091206e-06,0.476068721141465,0.857,0.52,0.080580836584509,"6","SC5D"
3.37043844501253e-06,0.592236693150386,0.571,0.277,0.0814061997623877,"6","PLAA"
3.57105034380947e-06,0.81724472535074,0.635,0.35,0.0862515789540302,"6","P3H1"
3.62328016240607e-06,0.927299072436948,0.492,0.232,0.0875130857625938,"6","CHST11"
3.65573484959452e-06,0.833568626187942,1,0.803,0.0882969638222564,"6","SLC2A1"
3.67365566990335e-06,0.537173032951233,1,0.978,0.0887298053951757,"6","TXN"
3.94409459993052e-06,0.419233696331668,1,0.892,0.0952617168721219,"6","CTNNA1"
4.04954361815547e-06,0.989497149883838,0.635,0.348,0.0978086270093091,"6","AGO2"
4.21958213560804e-06,2.32491293968119,0.619,0.323,0.101915567321341,"6","MCMBP"
4.23993752468168e-06,1.62329389015777,0.27,0.09,0.102407211033637,"6","MAP3K7CL"
4.24272758342771e-06,0.463655160328509,1,0.917,0.10247459932253,"6","KDELR2"
4.3710743088819e-06,1.38449550868529,0.635,0.349,0.105574557782425,"6","ST8SIA1"
4.46373022422208e-06,0.514572033103217,1,0.995,0.107812476105636,"6","GAPDH"
4.49692701599331e-06,0.978504856506548,0.667,0.404,0.108614278217287,"6","EAF2"
4.66106944706653e-06,0.858311131396873,0.635,0.349,0.112578810354998,"6","MARK3"
5.05602733963908e-06,0.637408424129889,0.746,0.456,0.122118228334303,"6","CDH19"
5.17662475297104e-06,0.674840801379879,0.857,0.622,0.12503101765851,"6","C4orf48"
5.35648755824423e-06,0.915857542679054,0.905,0.729,0.129375243994273,"6","TRIB1"
5.49580728843676e-06,0.666325276144619,0.905,0.609,0.132740233437613,"6","PTPN11"
5.68390117471927e-06,0.330079194168411,0.968,0.723,0.137283265072995,"6","ITGB5"
5.7726013451653e-06,0.396120645750281,1,0.997,0.139425640289778,"6","CALM2"
6.13421323532653e-06,0.669429584616748,0.651,0.345,0.148159652272842,"6","SLC30A9"
6.36932332824677e-06,0.562128111846834,0.841,0.552,0.153838266347144,"6","PLRG1"
6.60547465666461e-06,1.29664680392994,0.254,0.08,0.15954202938242,"6","MC1R"
6.85904245121248e-06,1.9393285834299,0.333,0.138,0.165666452324135,"6","TFPI2"
6.86410707113917e-06,0.471584654045254,1,0.965,0.165788778089224,"6","SMOC2"
6.97883433349727e-06,0.819380079130921,0.794,0.534,0.168559785656959,"6","PITRM1"
7.01799789407702e-06,1.21051101990381,0.333,0.129,0.169505703135642,"6","MSX2"
7.16678389533866e-06,0.659718446726325,0.667,0.381,0.173099331424115,"6","VPS25"
7.18777551317511e-06,0.714723854755773,0.635,0.338,0.173606341969718,"6","SGPL1"
7.29990547574089e-06,0.599278142711577,0.81,0.499,0.17631461695557,"6","LPAR1"
7.30256486820219e-06,0.636312624529606,0.746,0.468,0.176378849261687,"6","UXS1"
7.42130594549489e-06,0.752447052346571,0.508,0.248,0.179246802501538,"6","ADAMTS2"
7.53228378684993e-06,1.00357237518977,0.667,0.372,0.181927250303786,"6","PIM1"
7.66846782255766e-06,0.451766370829022,1,0.966,0.185216503318235,"6","SLC3A2"
7.72516125096697e-06,1.31061317109191,0.381,0.157,0.186585819694605,"6","EPYC"
7.78593209279066e-06,0.590467646252502,0.952,0.714,0.188053617837173,"6","SRPRB"
7.8836248077164e-06,0.602134310442093,0.841,0.545,0.190413189980774,"6","AMTN"
8.0559740499473e-06,0.569503572094593,0.571,0.29,0.194575941228377,"6","NPLOC4"
8.43766409564754e-06,0.439665461029236,1,0.954,0.203794900902175,"6","VKORC1"
9.09875013460453e-06,0.611679964994214,0.952,0.741,0.219762112001103,"6","RNF130"
9.10679048559673e-06,0.895640913649419,0.556,0.281,0.219956310598618,"6","MCOLN3"
9.10720221639106e-06,0.617696746286202,0.635,0.341,0.219966255132493,"6","DIP2B"
9.1902131860839e-06,0.62177456517073,0.968,0.81,0.221971219083484,"6","SPPL2A"
9.21191471815035e-06,0.658569681314879,0.476,0.231,0.222495376187485,"6","GNL3L"
9.88727478840469e-06,0.602666027687297,0.714,0.445,0.238807347964338,"6","CMSS1"
1.06873325447539e-05,0.558954383400282,0.905,0.649,0.258131142953442,"6","SRA1"
1.1098787688961e-05,0.658376923327566,1,0.76,0.268069019051476,"6","CCDC59"
1.14474986283862e-05,0.694639011029028,0.683,0.398,0.276491434371412,"6","RARS"
1.14913630896206e-05,0.514787319736817,0.905,0.634,0.277550892703606,"6","SLC7A1"
1.21578328261557e-05,0.828057134411939,0.73,0.512,0.293648136250138,"6","SEPT6"
1.2516249709074e-05,0.88366969409505,0.413,0.19,0.302304979223264,"6","TCP11L1"
1.25367509760534e-05,0.902802575896788,0.603,0.365,0.302800146324618,"6","ORAI2"
1.27460777074505e-05,0.637865584496,0.968,0.75,0.307856014868051,"6","TNS3"
1.28054866472117e-05,0.701208470626476,0.778,0.468,0.309290918990105,"6","STEAP1"
1.2831816677135e-05,0.723715372231005,0.683,0.453,0.309926868202842,"6","CCDC109B"
1.31496144851895e-05,0.837212928868259,0.984,0.821,0.317602638660783,"6","HSPB8"
1.41895627341514e-05,0.923662817543283,0.492,0.246,0.34272050871796,"6","FLJ20021"
1.50885777416626e-05,0.466020966690752,0.937,0.769,0.364434418194377,"6","ACTR3"
1.550900745608e-05,0.42205870833123,1,0.987,0.3745890570867,"6","PCOLCE2"
1.56218524571104e-05,0.604472527207919,0.952,0.764,0.377314602396588,"6","TGIF1"
1.57020345300728e-05,0.686426486817666,0.635,0.341,0.379251240004849,"6","SGIP1"
1.57217453018515e-05,0.426281796834834,0.651,0.38,0.379727314275619,"6","ZFYVE16"
1.64596759212275e-05,0.489499027652401,0.698,0.437,0.397550552525408,"6","RELL1"
1.67277061118319e-05,1.1840918189362,0.508,0.267,0.404024285719076,"6","PLEKHM2"
1.73489475985432e-05,0.630493582964332,0.921,0.708,0.419029131347613,"6","GLRX3"
1.7561965343522e-05,0.851199846982211,0.651,0.367,0.424174148942088,"6","EVI2A"
1.78244175432944e-05,0.467882215164311,1,0.893,0.430513156923189,"6","SLC29A1"
1.79017008091573e-05,0.759328758225887,0.778,0.573,0.432379779643576,"6","CALCOCO2"
1.82931415592422e-05,0.517994406857783,0.54,0.26,0.441834248080377,"6","NDNL2"
1.88779093527848e-05,0.974526149247208,0.476,0.235,0.455958144597812,"6","SERINC5"
1.91699819819533e-05,0.812537130865989,0.556,0.297,0.463012574810118,"6","PVR"
1.95099777780028e-05,0.687493594775264,0.825,0.51,0.471224493272103,"6","IDH3A"
1.96944466735456e-05,0.65680658751187,0.746,0.458,0.475679970506148,"6","GNPNAT1"
2.02797858631062e-05,0.564298365115809,0.841,0.609,0.489817667951603,"6","ITIH6"
2.03730234788184e-05,1.12999125066639,0.54,0.287,0.492069636083902,"6","NUP93"
2.18610846084233e-05,0.674777013847705,0.825,0.536,0.528010776547249,"6","UGGT2"
2.34786981408104e-05,0.843337933779263,0.825,0.518,0.567080996194993,"6","ANK3"
2.42477868696684e-05,0.617003162422728,1,0.861,0.5856567962631,"6","PLAUR"
2.43584327075345e-05,1.10686459034066,0.349,0.149,0.58832922518508,"6","ELN"
2.48894364820598e-05,0.539968614935989,0.873,0.599,0.601154559351192,"6","LRRC8A"
2.55455706823105e-05,1.19488285899117,0.444,0.219,0.617002168689846,"6","URB1"
2.6016077320345e-05,0.378937880533861,1,0.875,0.628366315518293,"6","DUSP14"
2.60244946164766e-05,0.561517825601909,0.762,0.536,0.628569618471759,"6","ITPKC"
2.61744759012335e-05,0.420062112552555,0.873,0.594,0.632192116442494,"6","MAPK6"
2.63353115293392e-05,0.572557578190762,0.921,0.659,0.636076779368129,"6","LOX"
2.63514304895307e-05,0.682149008488536,0.873,0.674,0.636466100613636,"6","GOT1"
2.63706502434825e-05,0.352596480480516,0.937,0.684,0.636930315330832,"6","TMED3"
2.64273383827492e-05,0.600105523906325,0.317,0.125,0.63829950395854,"6","EFNB2"
2.6780946141568e-05,0.478787308203416,0.73,0.426,0.646840192157292,"6","PTPRM"
2.71943727996239e-05,1.11600004286761,0.476,0.256,0.656825686229316,"6","PPARD"
2.85540811826297e-05,0.449601171404268,0.746,0.45,0.689666722804055,"6","TMEM18"
2.97169523640552e-05,0.640008069749095,0.556,0.296,0.717753550449026,"6","PPP1R13L"
3.11477685303451e-05,0.868858359133295,0.619,0.375,0.752312053313424,"6","ACSL1"
3.17355078236458e-05,0.277480233573259,0.54,0.271,0.766507720464517,"6","HMGXB4"
3.22896980633322e-05,0.388124644335904,1,1,0.779893077323663,"6","SCRG1"
3.24617418385857e-05,0.712448449801681,0.841,0.615,0.784048450627361,"6","BTF3L4"
3.26561454680273e-05,1.00458708009691,0.508,0.27,0.788743881489263,"6","DENND3"
3.31878287350193e-05,0.645532038980145,0.762,0.49,0.801585627436921,"6","NGEF"
3.32797399021928e-05,0.881232686196428,0.698,0.43,0.803805557857663,"6","SDC1"
3.32835828091675e-05,0.914680145546352,0.492,0.256,0.803898375589822,"6","PPP3CB"
3.35016302566577e-05,0.318171161402464,1,0.986,0.809164875589053,"6","RPL39"
3.40523933933872e-05,0.621079048420935,0.873,0.67,0.82246745763048,"6","CTDSP2"
3.41613158240937e-05,0.525917454287433,0.984,0.88,0.825098261099335,"6","SSBP1"
3.47243839615456e-05,0.480510917498628,1,0.898,0.838698045823211,"6","NDUFB2"
3.49393674969325e-05,0.664527106226916,0.619,0.344,0.84389054315341,"6","LINC00998"
3.50103834407148e-05,1.08605337596648,0.524,0.29,0.845605791243585,"6","KANSL3"
3.50422593051922e-05,0.588491013729933,0.778,0.506,0.846375688998308,"6","ITIH5"
3.54082878207699e-05,0.403287736236942,0.698,0.414,0.855216375735054,"6","SEH1L"
3.59305195966736e-05,0.582850486621965,0.81,0.555,0.867829839818457,"6","LARS"
3.62534747678449e-05,0.6245780093691,0.857,0.628,0.875630176067758,"6","ANKRD11"
3.66613163287087e-05,1.11113422048355,0.857,0.613,0.885480773287301,"6","ARC"
3.67068090381188e-05,0.538381992695924,0.905,0.662,0.886579558697683,"6","RPF2"
3.71252305310685e-05,0.366784948571156,0.667,0.368,0.896685693016897,"6","SLC25A39"
3.80700311588776e-05,0.840536261201778,0.905,0.723,0.919505462580371,"6","LRP10"
3.88036268897691e-05,0.572830050678086,0.984,0.852,0.937224000268593,"6","TBCA"
3.93436227772598e-05,0.477446479405076,1,0.813,0.950266520939157,"6","SUMO1"
4.03406442418172e-05,0.636320935133579,0.984,0.853,0.974347580372611,"6","BLOC1S2"
4.12180355907071e-05,0.619091218062356,0.857,0.6,0.995539213622349,"6","DENR"
4.19290461371416e-05,0.499348152069518,1,0.903,1,"6","MSN"
4.37392582094749e-05,0.419247329246408,0.635,0.387,1,"6","SOCS2"
4.41712768699842e-05,0.365895406959782,0.873,0.576,1,"6","PDGFRL"
4.42004282683565e-05,0.632340750060765,0.492,0.253,1,"6","MFSD11"
4.44473325150782e-05,0.796851280473727,0.556,0.315,1,"6","CCDC127"
4.64912454556485e-05,0.465682649469553,0.46,0.221,1,"6","FOXD1"
4.67423004920756e-05,1.06073123502284,0.556,0.3,1,"6","PYROXD1"
4.73176395009773e-05,0.476177660814677,0.794,0.51,1,"6","UQCC2"
4.73204868314303e-05,0.406003092810825,0.746,0.441,1,"6","TOLLIP"
4.83738009738786e-05,0.483525536823354,0.952,0.738,1,"6","QSOX1"
4.93343686774742e-05,0.369487656406576,0.952,0.67,1,"6","CAPG"
4.97222002159355e-05,0.717227995149224,0.476,0.242,1,"6","KCTD5"
5.02372812761719e-05,0.443468186633265,0.968,0.767,1,"6","CD109"
5.13309088267073e-05,0.803123048064547,0.365,0.162,1,"6","SLC12A7"
5.27435876080543e-05,0.403448258634731,0.873,0.597,1,"6","PGRMC1"
5.30522543696186e-05,0.542543216802488,0.952,0.735,1,"6","PSMD7"
5.42876587715429e-05,0.862045512652117,0.762,0.525,1,"6","DLG1"
5.55181499081176e-05,0.401750693865376,1,0.948,1,"6","PAPSS2"
5.59772907158594e-05,0.471710339417467,1,0.998,1,"6","TSC22D1"
5.6351812648872e-05,0.981278629145868,0.873,0.648,1,"6","FAT1"
5.71288921733085e-05,0.431460206877387,1,0.918,1,"6","PHLDA2"
5.77190613616778e-05,0.88228853224933,0.492,0.259,1,"6","CTPS1"
5.78666654363676e-05,0.368981694510199,0.762,0.477,1,"6","DIABLO"
5.84443196910389e-05,0.973948460110331,0.714,0.478,1,"6","MED30"
5.88312379516629e-05,0.435892127413832,0.762,0.465,1,"6","CYTH2"
5.88914335131469e-05,0.547687210891359,0.905,0.753,1,"6","CD151"
5.90143312003076e-05,0.408347507026304,0.921,0.731,1,"6","GLIPR1"
5.92431587743631e-05,0.46269103724667,0.635,0.353,1,"6","GID8"
5.94676850419945e-05,0.632368577520491,0.524,0.275,1,"6","NUPR1L"
5.97173358679877e-05,1.04003043010615,0.27,0.101,1,"6","SCUBE2"
5.97433041679433e-05,0.664530983723307,0.873,0.616,1,"6","SMIM14"
6.111472906592e-05,0.692483614703474,0.746,0.525,1,"6","DSC2"
6.22030338955696e-05,0.632672479100687,0.873,0.697,1,"6","EPB41L4A-AS1"
6.23462311391515e-05,1.07768050160583,0.397,0.187,1,"6","UROC1"
6.40702125158062e-05,0.282313145355528,0.397,0.175,1,"6","BRD9"
6.53849195193898e-05,0.563590836780401,0.984,0.737,1,"6","CDON"
6.71474663410283e-05,0.547088748233912,0.524,0.275,1,"6","MTCH2"
6.77194812808039e-05,0.3239186178125,0.905,0.608,1,"6","PSMD12"
6.85941190843448e-05,0.918033503035186,0.429,0.204,1,"6","BFSP1"
6.97811364220793e-05,0.731656478851609,0.476,0.242,1,"6","MRPL24"
6.97968202627836e-05,0.609587754562903,0.635,0.359,1,"6","RBM6"
7.00517988793397e-05,0.657273801141683,0.46,0.234,1,"6","WIPI1"
7.0413050050495e-05,0.97692702936598,0.397,0.191,1,"6","MLLT3"
7.12232464468888e-05,0.573983302638079,0.587,0.328,1,"6","CAPS"
7.20337234809031e-05,0.345411311260823,0.937,0.635,1,"6","COX7A2L"
7.2041560470688e-05,0.406957168862867,1,0.996,1,"6","CD55"
7.34034858033845e-05,0.45725522430193,0.984,0.853,1,"6","LINC00493"
7.3464008622553e-05,0.615869222779312,0.857,0.633,1,"6","PCGF5"
7.52281594804245e-05,0.481012607371631,0.333,0.137,1,"6","PYGB"
7.58247949063006e-05,0.498004048413997,1,0.895,1,"6","ENY2"
7.62036894090981e-05,0.5152042722543,0.937,0.788,1,"6","C1orf198"
7.82580879311773e-05,0.73181319058805,0.397,0.185,1,"6","CHSY3"
7.87560016558278e-05,0.372498844726032,0.937,0.757,1,"6","KDM6B"
7.92830131802071e-05,0.291107938712923,1,0.968,1,"6","SLC39A14"
8.13953854579554e-05,0.751093193938768,0.476,0.246,1,"6","PRKAG1"
8.16285195735061e-05,0.738837995842844,0.873,0.684,1,"6","GTF3C6"
8.27482895929673e-05,0.867301524050016,0.476,0.261,1,"6","TRNT1"
8.30327146331593e-05,0.653679625457317,0.444,0.216,1,"6","LOXL3"
8.53638023980104e-05,1.68163365087426,0.254,0.1,1,"6","NEDD1"
8.59033000204756e-05,0.334895250797334,1,0.972,1,"6","CD59"
8.73935344570992e-05,0.543056210095383,0.937,0.761,1,"6","DPM1"
8.74296813976569e-05,0.616642067436015,0.762,0.511,1,"6","LARP6"
8.77200867887047e-05,0.727554224491474,0.905,0.781,1,"6","CDV3"
8.81636339138409e-05,0.527574800092956,0.587,0.353,1,"6","RASAL2"
8.85696851937348e-05,0.416642934474203,0.778,0.507,1,"6","USP14"
8.91329867618768e-05,0.299432595182442,0.937,0.641,1,"6","DLGAP4"
9.07594622284796e-05,0.471655475491214,0.794,0.524,1,"6","DDA1"
9.54111355122472e-05,0.55055724057116,0.841,0.612,1,"6","MARS"
9.5937800691544e-05,0.729435124567893,0.476,0.258,1,"6","AMMECR1L"
9.75055699414167e-05,0.509561322915138,0.968,0.817,1,"6","PCBP2"
0.000100592275747319,0.407985510756582,1,0.979,1,"6","NUPR1"
0.000100934749534864,0.832386126561846,0.524,0.299,1,"6","MPHOSPH6"
0.000101028270496887,0.477196928048928,0.429,0.214,1,"6","RRP9"
0.000101055678516607,0.954438537525947,0.302,0.126,1,"6","MON1B"
0.000101904662355119,0.583005619689678,0.571,0.335,1,"6","PRICKLE2"
0.000104373586982118,0.481647657593131,0.873,0.663,1,"6","RNF149"
0.000104916148897328,0.616031733186261,0.46,0.232,1,"6","DPY19L1"
0.0001053165640518,1.65602485022149,0.349,0.169,1,"6","NUDT11"
0.000106767266352734,0.53107393106782,0.873,0.628,1,"6","DCTN6"
0.000109218253222441,0.445065408193576,0.317,0.135,1,"6","ZWILCH"
0.00010993111992916,0.770233041665602,0.46,0.243,1,"6","ADPRHL2"
0.0001104962318804,0.458049442469089,0.952,0.746,1,"6","NOP16"
0.000113472884308645,0.915087082370906,0.302,0.125,1,"6","PIK3R4"
0.000114604575793548,1.06843726659393,0.27,0.107,1,"6","CA11"
0.000114739245125877,0.458322640097019,0.984,0.775,1,"6","CRISPLD2"
0.000115625833149136,0.36802236316964,1,0.872,1,"6","SAR1A"
0.000116443889299263,1.31366912517936,0.365,0.181,1,"6","SNX19"
0.000116899766993728,0.605913648899766,0.444,0.223,1,"6","PON2"
0.000119571680925682,0.517300377429856,0.857,0.611,1,"6","FURIN"
0.0001210493744596,1.53932720672395,0.254,0.1,1,"6","TMEM117"
0.000123266814229461,0.799187270525005,0.571,0.349,1,"6","SSRP1"
0.000123751653717994,0.392790600559382,1,0.972,1,"6","RPL28"
0.00012610606069453,0.982480140912279,0.397,0.197,1,"6","AIDA"
0.000126835555837852,0.386446102564882,0.683,0.391,1,"6","NT5C3A"
0.00012833364326258,0.389518798712218,0.905,0.674,1,"6","ARPC5"
0.000128793352289408,0.441216067746265,1,0.99,1,"6","SERPINA3"
0.000129189749848311,0.382162929786109,0.984,0.731,1,"6","GRN"
0.000130049726415482,0.673113443669251,0.603,0.352,1,"6","MRPL37"
0.000130231944660371,0.603937660184026,0.794,0.51,1,"6","PTTG1"
0.000130509111115823,0.343825863673621,0.905,0.639,1,"6","ARPP19"
0.000130738964766754,0.648961018224707,0.286,0.116,1,"6","CRTC1"
0.000130794457142373,0.949186125583081,0.27,0.109,1,"6","FBXW4"
0.000131530762522233,1.5235122646055,0.381,0.191,1,"6","HTATSF1P2"
0.000131942549676487,0.9436115668263,0.746,0.481,1,"6","TGFB1"
0.000133374015949897,0.423931231179708,0.476,0.238,1,"6","AKT1"
0.000133625945960513,0.466587321115667,1,0.906,1,"6","BIRC2"
0.000136379653724416,0.385540642619186,0.746,0.448,1,"6","MCTS1"
0.000139067988917873,0.456466011416598,0.873,0.605,1,"6","FKBP11"
0.000141772467395899,0.900326498287128,0.413,0.21,1,"6","SH3KBP1"
0.000142413819295118,0.344104481136443,0.46,0.231,1,"6","ITGA11"
0.000143402554735592,0.70434271542421,0.524,0.287,1,"6","PTRHD1"
0.000144912927640497,0.58499488636253,0.81,0.575,1,"6","C1orf122"
0.00014516800194043,0.424931813948998,0.921,0.681,1,"6","AXL"
0.000146557008661777,0.953075330034772,0.397,0.194,1,"6","FLAD1"
0.000148079635888463,0.327331519607009,0.714,0.422,1,"6","SPAG7"
0.000151658849974012,0.499262379765803,0.683,0.425,1,"6","PIGH"
0.0001530413767444,0.393569366009951,1,0.952,1,"6","GPRC5A"
0.000154623239825487,0.916568415272117,0.365,0.172,1,"6","RASA2"
0.000156478458084978,0.344945466190073,1,0.938,1,"6","SNRPG"
0.00015720367675734,0.684319649510838,0.571,0.333,1,"6","UBALD2"
0.000159064954282816,1.55180326835619,0.254,0.104,1,"6","RRN3P3"
0.000160639583139558,0.653411298226606,0.937,0.738,1,"6","YARS"
0.000160875584936874,0.287159974778422,0.286,0.114,1,"6","LRRTM2"
0.000161589281891113,0.549764575540641,0.698,0.425,1,"6","HARS"
0.0001637539937349,1.34767288257928,0.333,0.155,1,"6","RCE1"
0.00016380853577883,0.41353691791817,0.968,0.775,1,"6","IER3IP1"
0.000165451171890687,0.462210615200137,0.952,0.827,1,"6","LGMN"
0.000167899440181301,0.397791056116722,1,0.94,1,"6","POMP"
0.000168196869897025,0.415254055654219,0.714,0.445,1,"6","ALG5"
0.000173436927224241,0.538604800447362,0.762,0.532,1,"6","UBA2"
0.000178073997169056,0.959204258497684,0.286,0.119,1,"6","PIP5K1C"
0.000180230859084302,0.462653890500753,0.921,0.661,1,"6","S100A16"
0.000180504008447921,0.529454885702855,0.556,0.307,1,"6","POPDC3"
0.000184259764306762,0.727959477077536,0.683,0.465,1,"6","SLC9B2"
0.000187230051737244,0.416897498149443,0.429,0.21,1,"6","PMAIP1"
0.00018773574889803,0.468700755733559,0.921,0.662,1,"6","ARNTL"
0.000192581940438359,0.31450514598359,1,0.989,1,"6","RPS24"
0.00019357196472891,0.850402187292312,0.286,0.12,1,"6","AMIGO2"
0.000193705327658263,1.05399552626769,0.286,0.124,1,"6","ADPRM"
0.000201330182135069,0.739217967480998,0.508,0.288,1,"6","SPRY4"
0.000207145399800553,0.62005970930621,0.667,0.439,1,"6","HHIPL2"
0.000209145603478917,0.790569011678808,0.413,0.209,1,"6","PCYT1A"
0.000210661326273172,0.753311697070334,0.54,0.312,1,"6","HLA-F"
0.000212656384538071,1.2533153721919,0.397,0.204,1,"6","USB1"
0.000216640548405652,0.325824514826423,0.984,0.761,1,"6","WDR1"
0.000222097322509043,0.963690546150394,0.317,0.146,1,"6","PRKCH"
0.000224927373873336,0.614019882340536,0.81,0.606,1,"6","DCUN1D5"
0.000225663275954849,0.632317011974873,0.762,0.549,1,"6","SEPT10"
0.000227324451637027,0.407771718723286,0.556,0.302,1,"6","C11orf57"
0.000228230202174368,0.512350774420637,0.651,0.387,1,"6","FAM174A"
0.000231203297901136,0.38310366543118,0.921,0.68,1,"6","VASN"
0.000231310249806881,0.571565975520792,0.794,0.566,1,"6","PEF1"
0.000231825491061677,0.462829073327091,0.571,0.33,1,"6","TP53TG1"
0.000232106864909237,0.406087102837441,0.921,0.735,1,"6","PTS"
0.000232507907775473,0.889753052842327,0.349,0.161,1,"6","PRRX2"
0.000235043696480775,0.944312563083886,0.476,0.26,1,"6","APTX"
0.000236306771048408,0.477288946859161,0.333,0.15,1,"6","RPL39L"
0.000239621155999763,0.281935630158409,0.952,0.742,1,"6","ATOX1"
0.000244277921035956,0.919500088052401,0.349,0.162,1,"6","PKN3"
0.00024554689744633,0.73460857634605,0.476,0.271,1,"6","STX1A"
0.000247611539578589,0.327612470330154,0.905,0.637,1,"6","PODNL1"
0.00024956935046878,0.519177219725822,0.889,0.712,1,"6","PSMD11"
0.000253046809587583,1.36779805758009,0.27,0.116,1,"6","SPECC1L"
0.000254985394166054,0.330019079670108,0.651,0.38,1,"6","RALB"
0.000257638972334772,0.66734635277084,0.651,0.418,1,"6","PPFIA1"
0.000257937274866196,0.681875918616598,0.556,0.345,1,"6","B4GALT3"
0.000266092420657686,0.440645048961163,0.984,0.872,1,"6","PLXDC2"
0.000266350539272815,1.07827014009246,0.333,0.158,1,"6","PITPNC1"
0.000266941489440227,0.593270235047546,0.524,0.293,1,"6","VEZT"
0.000267677268937234,0.444022896442949,0.921,0.736,1,"6","ITGAV"
0.000268282783565808,0.565175159439135,0.46,0.25,1,"6","WWC3"
0.000268840344095874,0.269544452481255,0.73,0.442,1,"6","FAM120A"
0.000272055139167676,0.504415459059857,0.603,0.388,1,"6","MLXIP"
0.000278402350747948,0.44557221109777,0.825,0.651,1,"6","METRNL"
0.000282744932751938,0.769001521685148,0.635,0.429,1,"6","SUMF1"
0.000283105267403902,0.471286190004057,0.746,0.479,1,"6","ADIPOR2"
0.000284545045816099,0.436282292255894,0.794,0.56,1,"6","S100A3"
0.000286308184985651,0.724585529348724,0.492,0.285,1,"6","POLDIP2"
0.000287864211175519,0.555766451774773,0.444,0.247,1,"6","MFAP3"
0.000288775438714803,1.12014884169493,0.317,0.151,1,"6","SCG5"
0.000292392866887415,0.422834038295173,0.54,0.302,1,"6","PDCD2"
0.000293859492191085,0.620589319521095,0.54,0.311,1,"6","NUDT9"
0.000296217670528672,0.357972627046107,0.73,0.463,1,"6","MYL6B"
0.000297260900205408,0.740650876468638,0.508,0.28,1,"6","ARHGAP42"
0.00030504332854543,0.468629416827867,0.635,0.383,1,"6","TP53I13"
0.000307851122409942,0.473581783461913,0.905,0.693,1,"6","PSMC3"
0.000307936929522569,0.77446409142425,0.333,0.157,1,"6","ENTPD6"
0.000309561589571535,1.04674139922349,0.444,0.255,1,"6","C1orf131"
0.000310412727977258,0.617668858758328,0.413,0.213,1,"6","ZCCHC9"
0.000315847735811243,0.536815572706487,0.905,0.708,1,"6","TMEM45A"
0.000317405436863722,0.358617905547562,0.857,0.629,1,"6","SLK"
0.000319252637245767,0.431840618154912,0.778,0.54,1,"6","RBM17"
0.000322178058769665,0.336212035611325,0.619,0.36,1,"6","RAB9A"
0.000327525248235521,0.504221104704043,0.397,0.193,1,"6","DYM"
0.000328888215702837,0.398634870227206,0.651,0.409,1,"6","NIPA2"
0.000329687945239689,0.47210976897237,0.651,0.404,1,"6","TMEM222"
0.000329850304406118,0.745909015464811,0.667,0.447,1,"6","BCL2"
0.000333485471684529,0.439939844212062,0.794,0.542,1,"6","NUTF2"
0.000334533014559911,0.30973980875866,0.381,0.18,1,"6","ATRN"
0.000335217979085948,0.932122383034157,0.349,0.17,1,"6","GPX7"
0.000336593326730353,0.877383902056667,0.619,0.42,1,"6","ACTL6A"
0.000340691820241334,0.808719190608021,0.365,0.187,1,"6","C1QTNF3"
0.000342579994586473,0.524737364485423,0.952,0.811,1,"6","SNRPD1"
0.000350699911675701,1.67153359443486,0.302,0.146,1,"6","IL10"
0.000352265516430815,0.407904870498789,0.667,0.433,1,"6","RAB22A"
0.000362428419660788,0.552959996926914,0.968,0.814,1,"6","PSMD8"
0.000371104708774658,0.26112254911355,0.81,0.567,1,"6","NCOA7"
0.000372145841832092,0.391419342952394,1,0.892,1,"6","VIMP"
0.000372269510142942,0.365704143290857,0.46,0.243,1,"6","SMARCD1"
0.000372825992282982,0.27417740048658,1,0.96,1,"6","SEC61G"
0.0003767470528299,0.331142362169218,1,0.969,1,"6","GADD45B"
0.000377223832912693,0.861555090842373,0.921,0.714,1,"6","ABI3BP"
0.000381107287287162,0.948770993252339,0.508,0.307,1,"6","KHNYN"
0.000383691187924796,0.804738207982953,0.444,0.244,1,"6","AP1AR"
0.000384988542846215,0.293010247842317,0.587,0.339,1,"6","DHX30"
0.000386564018149419,0.732363464058828,0.698,0.498,1,"6","CDK7"
0.000387017888060884,0.535691435593922,0.571,0.345,1,"6","NDUFV3"
0.000394242745940202,0.292932645864646,0.635,0.372,1,"6","PDCD11"
0.00039521035754947,0.47594633528564,0.46,0.244,1,"6","SNX7"
0.000397167788656799,0.931847658887289,0.286,0.127,1,"6","ATG7"
0.000402829284622665,0.415027630637265,0.873,0.649,1,"6","SPECC1"
0.000404041746860448,0.357093211160405,1,0.952,1,"6","RHOC"
0.000405659615395662,0.585503426807379,0.333,0.155,1,"6","XPO5"
0.000407934454107774,0.267273709965955,1,0.99,1,"6","CHAD"
0.000415424300672199,0.352844446604054,0.444,0.258,1,"6","OSTM1"
0.000422345184236864,0.827288982526112,0.492,0.294,1,"6","PDE8A"
0.000425198725999724,0.349691886089168,0.46,0.235,1,"6","ETFDH"
0.000425851573758433,1.63135258074065,0.286,0.138,1,"6","TMEM133"
0.000435718410049275,0.768842991963602,0.571,0.358,1,"6","ARG2"
0.000437534574829827,0.593369736752088,0.444,0.239,1,"6","GAR1"
0.000441278489067333,0.819331461076537,0.984,0.838,1,"6","ATP6V0B"
0.000447345151738682,0.276071547657837,0.651,0.392,1,"6","CRNDE"
0.000463285421601079,0.354424903192816,0.714,0.444,1,"6","FLT1"
0.000469304145326228,0.394398108962452,0.825,0.604,1,"6","FKBP9"
0.00048409175966365,0.862292308710207,0.952,0.739,1,"6","UNC50"
0.000487462916625681,0.644226413848715,0.508,0.302,1,"6","TMEM131"
0.000488494039906908,0.316613605442796,1,0.998,1,"6","S100A10"
0.000490125187482402,1.20847493758085,0.27,0.123,1,"6","LOC401320"
0.000492699031264095,0.287590409100918,1,0.91,1,"6","HBEGF"
0.000493936479929326,0.505149421413939,0.317,0.146,1,"6","WIBG"
0.00049510063235682,0.255430144523191,0.286,0.124,1,"6","ARAP2"
0.000496324676969736,0.494519430045024,0.302,0.136,1,"6","ADTRP"
0.000499092146878135,0.292265088188326,1,0.94,1,"6","AEBP1"
0.000508639689817681,0.451393216607455,0.937,0.826,1,"6","KRT10"
0.00050995295662909,1.0116454500176,0.317,0.155,1,"6","ASH2L"
0.000510458324779747,0.72036175075832,0.27,0.122,1,"6","NIPAL3"
0.00051048591138932,0.308208423577477,0.921,0.689,1,"6","PITPNB"
0.000511159894689834,0.991645103950254,0.333,0.165,1,"6","TRIM29"
0.000513791077840706,0.727714561223088,0.524,0.31,1,"6","ZDHHC4"
0.000515948502520727,0.487127712126632,0.619,0.393,1,"6","TIMM9"
0.000516953959623306,0.352155182891444,0.921,0.7,1,"6","CCPG1"
0.000519052868884089,0.743828601509529,0.524,0.33,1,"6","SRGAP1"
0.000522063196648622,0.39136410199766,0.841,0.631,1,"6","TRAPPC4"
0.000522602014647658,0.528199642764696,0.746,0.545,1,"6","ZFX"
0.000523262743864285,0.416181891173371,0.556,0.316,1,"6","TMEM5"
0.000529590378108771,0.636002240332142,0.81,0.578,1,"6","SCD"
0.000535918119466042,0.500693482911164,0.333,0.16,1,"6","RHBDD1"
0.000539213173270569,0.306000274595632,0.952,0.798,1,"6","PELI1"
0.000548299185511917,0.4167034439916,0.968,0.848,1,"6","MYEOV2"
0.000549264420941314,0.358725239457532,0.873,0.635,1,"6","CTTN"
0.000555468775084244,0.53342389189116,0.81,0.536,1,"6","UBE2V2"
0.000557861253443937,0.361122483374258,0.524,0.302,1,"6","SORT1"
0.000573150420281235,0.356686484029291,0.651,0.401,1,"6","HPRT1"
0.000576066992527106,0.908421167025323,0.381,0.207,1,"6","NAGLU"
0.000576541178305928,0.418264198968355,1,0.89,1,"6","FGFR1"
0.000583935229408715,0.377853644581299,0.667,0.393,1,"6","TAF12"
0.000584920429071736,1.13381416598604,0.254,0.108,1,"6","RAB12"
0.000585104479685432,0.392280807054155,1,0.975,1,"6","C11orf96"
0.000588691423061057,0.541448352195148,0.952,0.771,1,"6","TSPAN6"
0.000600753667310883,0.591059233064116,0.46,0.261,1,"6","C5orf28"
0.000603607852076147,0.594803729841144,0.302,0.138,1,"6","HLCS"
0.000610358537175289,0.618269619392418,0.905,0.718,1,"6","PCMT1"
0.000610414275473032,0.306644610499485,0.968,0.786,1,"6","TMEM30A"
0.000612108809063071,0.524491191899772,0.651,0.438,1,"6","SLC26A2"
0.000617959454011077,1.1649697802049,0.365,0.2,1,"6","MICAL2"
0.000619564897565606,0.34556028786051,0.571,0.326,1,"6","OLA1"
0.000622418040177955,0.328772033592801,0.81,0.551,1,"6","NDUFB5"
0.000631237391075204,0.321985032343731,1,0.999,1,"6","LUM"
0.00063451589862222,0.611182999139934,0.333,0.162,1,"6","NPAS2"
0.000643101360544702,0.274674881124666,0.762,0.525,1,"6","VPS37B"
0.000650822343977338,0.679725034327652,0.27,0.117,1,"6","PLXNA2"
0.000652010695518011,0.396315984420413,0.603,0.36,1,"6","ATG5"
0.000655689623307133,0.47574583487146,0.683,0.455,1,"6","MCOLN2"
0.000661228374735055,0.310431962659565,0.714,0.466,1,"6","C17orf89"
0.000665942511435131,0.47848781559511,0.937,0.78,1,"6","ATP5C1"
0.000669717190509678,0.277859728804309,0.476,0.258,1,"6","IARS2"
0.000685976840177789,0.574675343297688,0.857,0.636,1,"6","HSD17B12"
0.00068655928071314,1.02412927276349,0.413,0.233,1,"6","LRP12"
0.000689316412409774,0.271698209201319,0.968,0.75,1,"6","SDF4"
0.00069117998985093,0.268575215470421,0.571,0.334,1,"6","TEX10"
0.000701164433269321,0.655569600891441,0.492,0.292,1,"6","ALKBH2"
0.000701704349350592,0.646055995866884,0.27,0.117,1,"6","MPV17L2"
0.000712938715725913,0.709232218682303,0.492,0.292,1,"6","PLA2G4A"
0.000715771522631339,0.624662495649122,0.302,0.141,1,"6","NIPAL1"
0.00071834128581039,0.411111712573645,0.937,0.723,1,"6","CAPN2"
0.000721705010867278,0.437297261112218,0.571,0.357,1,"6","DUSP23"
0.000727470311990368,0.336032725929345,0.968,0.835,1,"6","EIF4E"
0.000728107326299076,0.788385301107284,0.365,0.196,1,"6","GCLC"
0.000731571085707095,0.325890509342313,0.54,0.328,1,"6","BRD7"
0.00073799354378997,0.349885824843044,0.968,0.727,1,"6","MDH1"
0.000742455829669455,0.735080103296446,0.444,0.246,1,"6","ARHGEF1"
0.000744112852845473,0.61002749944699,0.603,0.388,1,"6","TMEM134"
0.000751606731852858,0.454274039886822,0.905,0.629,1,"6","DDX1"
0.000756252813808436,0.306320370589418,0.508,0.289,1,"6","IMMT"
0.000761659816078025,0.462139109611218,0.984,0.818,1,"6","HAX1"
0.000772507592376019,0.421379579755496,0.397,0.208,1,"6","ADD3"
0.000780944817628148,0.307168983051499,0.651,0.391,1,"6","LAGE3"
0.000782922389546659,0.325087171652862,1,0.94,1,"6","HSPA9"
0.000787161680440731,0.959644492452626,0.27,0.123,1,"6","DGKI"
0.000787499777670248,0.67145353557453,0.429,0.23,1,"6","LYNX1"
0.000790634490822263,0.448589004739275,0.73,0.497,1,"6","PYCR1"
0.000797437576802831,0.380881690068492,0.984,0.887,1,"6","P4HA1"
0.000799023027619712,0.608787429091688,0.46,0.269,1,"6","SPIRE1"
0.000803575404175443,0.835603360797062,0.286,0.136,1,"6","RAB23"
0.000804341587864519,0.454510568737959,0.762,0.5,1,"6","MRPS16"
0.000806591461538141,0.411531059492127,0.873,0.652,1,"6","AMOTL1"
0.000816515766058579,0.565399620604801,0.968,0.9,1,"6","AK1"
0.000819672160595033,0.354071174653131,0.524,0.296,1,"6","TGDS"
0.00082140417346668,0.269635333353797,0.889,0.662,1,"6","IPO7"
0.000822230580048423,0.531626329155489,0.635,0.418,1,"6","DCTN2"
0.000826210353121478,0.419436740644368,0.921,0.745,1,"6","PEA15"
0.000837543284077429,0.792107611841631,0.444,0.255,1,"6","SMURF2"
0.00084126583793003,1.09220766338183,0.381,0.203,1,"6","ACSF2"
0.000843398452737344,0.388542542628367,0.444,0.243,1,"6","CMTM3"
0.000850505195049201,0.480910285433753,0.587,0.376,1,"6","TIPRL"
0.000861771746998175,0.478509147546235,0.937,0.757,1,"6","PPA1"
0.000863805682780531,0.278085447350354,0.921,0.739,1,"6","UBL3"
0.000864769549845137,0.572418672360116,0.54,0.33,1,"6","DHCR7"
0.000865724081793112,0.627165131057412,0.619,0.397,1,"6","DR1"
0.000865769275710123,0.457691432506003,0.794,0.666,1,"6","NCKAP1"
0.000885538901422227,0.300723196959158,0.508,0.275,1,"6","MPDU1"
0.00091654483529054,0.401801250590867,0.952,0.788,1,"6","SNRPF"
0.000921125577956772,0.31707876439768,0.381,0.191,1,"6","APBB2"
0.000950767203254919,0.400961572196875,0.873,0.645,1,"6","KHDRBS1"
0.000965835169614868,1.0872261193557,0.381,0.212,1,"6","ZNF529"
0.000969120416845167,0.274819485697579,0.937,0.785,1,"6","TOR1AIP1"
0.000969155196774621,0.585375021625484,0.635,0.426,1,"6","PPP6R3"
0.000970165438836742,0.41159533014664,0.873,0.723,1,"6","SAR1B"
0.000970898244942086,0.465539722011995,0.54,0.322,1,"6","COA6"
0.00097494115553529,0.517891995692883,0.476,0.279,1,"6","FRS2"
0.000978498090362852,0.440250609721952,0.476,0.281,1,"6","TXNL4B"
0.00098111128522029,1.15402437862715,0.365,0.193,1,"6","POMGNT1"
0.000982792910987853,1.10445727587286,0.302,0.148,1,"6","TEX2"
0.000987384832541185,0.874073281637949,0.476,0.269,1,"6","FOXK2"
0.000992714118379396,0.335612882039862,0.556,0.327,1,"6","MGMT"
0.000998179017256364,0.594977028514308,0.429,0.239,1,"6","INIP"
0.00101230438399856,0.284193346043834,0.587,0.342,1,"6","ANKRD17"
0.00101880316620514,0.549291197611447,0.429,0.236,1,"6","MOSPD1"
0.00102219486962651,1.15947356691058,0.286,0.132,1,"6","DHCR24"
0.00103074211978811,0.361348062545025,1,0.954,1,"6","XBP1"
0.00103078040049082,0.303587162504396,1,0.931,1,"6","PDPN"
0.0010316333897528,0.281421227328288,0.571,0.331,1,"6","C9orf89"
0.00103751768378183,0.872800060079325,0.286,0.136,1,"6","AGK"
0.00103839529415656,0.871032776172936,0.444,0.257,1,"6","ALKBH3"
0.00104040649371235,0.805335802138835,0.508,0.31,1,"6","RRAS2"
0.00104656170011177,0.5429038454148,0.619,0.422,1,"6","DESI1"
0.00106066007403723,0.734318925521301,0.397,0.216,1,"6","ST6GALNAC4"
0.00106502655426944,0.32898915652187,0.508,0.303,1,"6","DDX10"
0.00106749188260633,0.321243496786146,0.73,0.507,1,"6","DDB1"
0.00107001728814531,0.345876119091423,0.984,0.768,1,"6","TMEM167A"
0.0010782468277018,0.420588811316642,0.524,0.32,1,"6","BBIP1"
0.00107910553140962,0.41419046966382,0.508,0.297,1,"6","ACOT9"
0.00107940493306772,0.537210271296014,0.651,0.425,1,"6","API5"
0.00108275655951657,0.294531389309588,0.556,0.335,1,"6","LPIN1"
0.00109960375507718,0.540775638653915,0.381,0.202,1,"6","N6AMT2"
0.00110124197683656,0.446238359852073,0.857,0.691,1,"6","TCF7L2"
0.00111120051706991,0.467668843077313,0.746,0.493,1,"6","TIMM23"
0.00111505932116007,0.571988877981726,0.762,0.586,1,"6","CSPG4"
0.00111597552939206,0.256896473614495,0.444,0.238,1,"6","MOXD1"
0.00113376414760548,0.386194383204979,0.476,0.265,1,"6","TAF11"
0.00113964447711699,0.312967654047096,0.968,0.872,1,"6","TMCO1"
0.00114182207915936,0.262699040889211,0.508,0.299,1,"6","PPIL1"
0.00117981581476781,0.844290656911194,0.413,0.235,1,"6","SNF8"
0.00118710670912176,0.4423016787389,0.556,0.345,1,"6","SLC25A33"
0.00119345382643368,0.762644580074015,0.556,0.351,1,"6","PURB"
0.00121042228661066,0.696993310484279,0.397,0.22,1,"6","GABPA"
0.0012195797247345,1.13070131541485,0.54,0.363,1,"6","LINC01140"
0.00122971771742539,0.324453317112091,1,0.94,1,"6","ARPC2"
0.00124881985677824,0.622104438538647,0.46,0.277,1,"6","RNF14"
0.00125131627649332,0.858237307639155,0.413,0.234,1,"6","PVRL1"
0.00125278716363588,0.403688362400521,0.873,0.677,1,"6","RER1"
0.00125706342914983,0.34472137518386,0.81,0.602,1,"6","LTBP1"
0.00126103487392348,0.625310108630515,0.333,0.176,1,"6","LINC01087"
0.0012646164086537,1.21748180671233,0.46,0.268,1,"6","ATP5EP2"
0.00126607606006425,0.279291298283014,0.571,0.348,1,"6","SLC30A5"
0.00127598391137123,0.557036500721287,0.444,0.255,1,"6","TRIM23"
0.00127605098840962,0.725833777721225,0.444,0.256,1,"6","GDE1"
0.00127840874332457,0.35078097939685,0.762,0.553,1,"6","SLC37A3"
0.00129070076092833,0.387657057122908,0.397,0.21,1,"6","DPH2"
0.00130174589182411,0.524247028162361,0.508,0.3,1,"6","GALNT7"
0.00130724455150271,0.536064110030299,0.635,0.421,1,"6","SMIM10L1"
0.00130950594237342,0.298714357961339,0.841,0.624,1,"6","WIF1"
0.00131909837928339,1.17216523619984,0.302,0.15,1,"6","COX10"
0.00133944200605372,0.479083915666102,0.46,0.26,1,"6","NSDHL"
0.00134094319704482,0.87319157570182,0.635,0.406,1,"6","TGM2"
0.00134195465267486,1.83902021856362,0.254,0.121,1,"6","LINC00160"
0.00135370952274138,0.611530791775842,0.619,0.419,1,"6","MRPL42"
0.00135509603868073,0.444075602711891,0.603,0.383,1,"6","ANOS1"
0.00135958402706815,0.283862177249038,0.746,0.496,1,"6","USE1"
0.00136155805621722,0.289267883914935,0.667,0.445,1,"6","NAA10"
0.0013746052861164,0.752056752085862,0.508,0.307,1,"6","DENND1B"
0.0013776640166692,0.734272004882051,0.381,0.208,1,"6","NTN1"
0.00138278857851494,0.474644367503209,0.429,0.243,1,"6","MRPS25"
0.00138985805251363,0.360572438283754,0.683,0.464,1,"6","TMOD3"
0.00141409831422571,0.421573420984915,0.857,0.667,1,"6","HECTD2"
0.00142511873018761,0.370693945722121,0.492,0.292,1,"6","PHF11"
0.00143823335035428,0.343450846538239,0.508,0.297,1,"6","PTCD3"
0.00144263962778214,0.314701155437446,0.508,0.291,1,"6","SNAP47"
0.00144651972393771,0.724772054267005,0.365,0.2,1,"6","KLHL29"
0.00144780401407521,0.37579069752878,0.952,0.844,1,"6","ERGIC3"
0.00145552807016609,0.279516087120484,0.73,0.526,1,"6","C15orf57"
0.00146021744390482,0.513621388106173,0.683,0.504,1,"6","KIAA1143"
0.00146052003135819,0.548249015298086,0.635,0.441,1,"6","FNIP2"
0.00147108611955253,0.670422000438709,0.397,0.208,1,"6","LOC101928796"
0.00147453202555751,0.859234689754754,0.746,0.548,1,"6","SMIM15"
0.00148404640486156,1.00346171529158,0.333,0.179,1,"6","TMEM120B"
0.00148621946351375,0.782363649836834,0.46,0.261,1,"6","ATP10A"
0.00152150929047019,0.312284457863489,0.619,0.382,1,"6","MRPS11"
0.00153511446971734,0.374332692992199,0.714,0.498,1,"6","PBDC1"
0.00154959637136591,0.403443919901759,0.492,0.295,1,"6","METTL9"
0.0015652459347391,0.389105649989268,0.365,0.193,1,"6","QSER1"
0.00157589988855108,0.853516062889827,0.619,0.415,1,"6","ELOVL4"
0.00158686779864363,0.327487887242963,0.365,0.194,1,"6","HPCAL1"
0.00159833613373567,0.254587498952309,0.889,0.688,1,"6","MRC2"
0.00162348588515859,0.524825511624273,0.46,0.271,1,"6","DEF8"
0.00163042192229303,0.353140710905797,0.81,0.559,1,"6","MED13"
0.00163986634079099,0.261225624374779,1,0.955,1,"6","MORF4L1"
0.0016521720360515,0.322130248776517,0.952,0.797,1,"6","HM13"
0.00166243415661673,1.1049279737187,0.683,0.526,1,"6","NAPG"
0.00167266262015893,0.339987869985666,0.508,0.309,1,"6","HERPUD2"
0.0016753522322971,0.86039071266213,0.254,0.12,1,"6","DLST"
0.00167630334497763,0.356664478629136,1,0.844,1,"6","NOTCH2"
0.0016807248735766,0.297418160718389,0.968,0.713,1,"6","BCL10"
0.00168388063768384,0.281096947008232,0.968,0.81,1,"6","TM9SF2"
0.0016867633214169,0.477876529881608,0.603,0.395,1,"6","ZPR1"
0.00169337778306897,0.287758459014335,0.54,0.331,1,"6","PLK3"
0.00172836279570033,0.394803127772601,0.984,0.918,1,"6","YPEL5"
0.00174696486202607,0.722287236450657,0.698,0.496,1,"6","SOWAHC"
0.00174761063026742,0.631921922423654,0.524,0.34,1,"6","PPM1B"
0.00175072274475899,0.855044228882053,0.254,0.117,1,"6","OTUD6B"
0.00176392288034069,0.310879354291301,0.921,0.713,1,"6","CREG1"
0.00176614979622409,0.860932987049156,0.365,0.205,1,"6","COMMD7"
0.00176667242253605,0.324709382062288,0.746,0.496,1,"6","CBWD1"
0.00177169682195081,0.595299309028367,0.381,0.209,1,"6","UCK2"
0.00178792966214625,1.10735445592105,0.333,0.182,1,"6","AGO3"
0.00179095697355248,0.437028423232365,0.794,0.567,1,"6","NTN4"
0.00179185889231619,0.543871868464714,0.619,0.418,1,"6","GGPS1"
0.00179251387314115,1.2686321237928,0.254,0.12,1,"6","SYNJ1"
0.00179315814148716,0.298375442580264,1,0.945,1,"6","SEC61B"
0.00179964543039412,0.288181598990035,0.968,0.848,1,"6","ATP1B1"
0.00185818927248785,0.932228508241359,0.27,0.132,1,"6","ACKR2"
0.00186621539481547,0.998322770681495,0.286,0.137,1,"6","USP25"
0.0018799445525802,0.613736386520493,0.365,0.195,1,"6","THADA"
0.00188501316317887,1.36302005184861,0.317,0.17,1,"6","EPHA4"
0.00188608266079605,1.31452500025949,0.254,0.12,1,"6","ITPK1"
0.00188616253570584,0.346095946333735,0.984,0.83,1,"6","MMADHC"
0.00189173690181358,0.434094063156123,0.333,0.17,1,"6","SHROOM4"
0.00190645423052908,0.596002152923182,0.444,0.273,1,"6","BVES"
0.00190834625000622,0.509706718861703,0.873,0.619,1,"6","TUSC3"
0.00190901451215124,0.39828854034325,0.667,0.436,1,"6","SWI5"
0.00192268016641067,0.281053115871146,0.286,0.138,1,"6","NCDN"
0.0019567582984799,0.672474005167015,0.397,0.219,1,"6","RNASEH1"
0.00198914110418757,0.297802447836693,0.937,0.682,1,"6","PSMD6"
0.00201550408276689,0.289131749195316,0.254,0.116,1,"6","SOX11"
0.002043047809033,0.448194208529811,0.984,0.887,1,"6","NDRG1"
0.00204576057371227,1.00731698329766,0.317,0.169,1,"6","LOC102724050"
0.00204760486891245,0.769683764108172,0.349,0.19,1,"6","VPS54"
0.00204780077624073,0.585339542078979,0.349,0.191,1,"6","METTL8"
0.00204863764517164,0.315454720947881,0.476,0.291,1,"6","POLR2D"
0.00206735698276336,0.263450441760104,0.587,0.362,1,"6","OAF"
0.0020867137939723,1.35440574480208,0.254,0.122,1,"6","WDR5"
0.00211388656490348,0.414131442979208,0.302,0.151,1,"6","CEP162"
0.00212187011139274,0.278659562189035,0.46,0.263,1,"6","NFYC"
0.00214187253736216,0.585860015760681,0.444,0.254,1,"6","DNAJA3"
0.00214636455129022,1.14257693128409,0.349,0.193,1,"6","FOXC2-AS1"
0.00219047702948691,0.399643162330188,0.921,0.744,1,"6","NME1"
0.00219959013153126,0.378330688059655,0.508,0.315,1,"6","LRP6"
0.00221138388552644,0.358979688388091,1,0.933,1,"6","SLC25A3"
0.00223561761302784,0.333879946685462,0.968,0.736,1,"6","NFIL3"
0.00224491859267405,0.259256920861142,0.984,0.786,1,"6","C1orf43"
0.00225752130052619,1.33245172170989,0.286,0.15,1,"6","EXOSC2"
0.0022624094587145,0.607186245053885,0.286,0.143,1,"6","C11orf74"
0.00226669621708311,0.602468035206121,0.667,0.469,1,"6","USP10"
0.00226718260677195,0.30179620774889,0.952,0.77,1,"6","FGFRL1"
0.00227739451904302,0.32947828568262,0.429,0.24,1,"6","B4GALT2"
0.00228825435448599,0.349890620475055,0.429,0.243,1,"6","SIAH2"
0.00228887474997953,0.89955488467787,0.492,0.307,1,"6","FDPS"
0.00229553873907045,0.412451414326529,0.524,0.325,1,"6","MCRS1"
0.00230660877383969,0.25228010631278,0.73,0.492,1,"6","MRPS15"
0.00232889459843998,0.916690579793078,0.349,0.194,1,"6","LRRC8D"
0.00235595678409589,0.468267468437475,0.365,0.196,1,"6","TRUB2"
0.0023809419881667,0.542563390600064,0.397,0.216,1,"6","CNEP1R1"
0.00239869863144974,0.301726904329887,0.984,0.875,1,"6","RHEB"
0.00240282414146251,0.275324381527961,1,0.96,1,"6","PRDX4"
0.00240812575032453,0.531868616769451,0.317,0.167,1,"6","FGF18"
0.00241301858910514,0.397752004724738,1,0.928,1,"6","LRRFIP1"
0.00242373435092827,0.300449643407754,0.476,0.291,1,"6","MTMR1"
0.00243332098387003,0.683812884363082,0.302,0.153,1,"6","METTL13"
0.00245489683820699,0.556559213461412,0.571,0.395,1,"6","WSB2"
0.00247147459762885,0.335710681523318,0.984,0.845,1,"6","SNRPB2"
0.00248749168906923,0.295806395835635,0.444,0.258,1,"6","RBMX2"
0.00248868914677954,1.34059796363935,0.27,0.139,1,"6","TMEM231"
0.00249752129688849,1.07808247558093,0.333,0.185,1,"6","ABHD16A"
0.00252571859621379,0.498259064385523,0.889,0.731,1,"6","AFF1"
0.00252617574733477,0.274357735682096,0.302,0.146,1,"6","FBXO38"
0.00254920080181502,0.881496832558658,0.476,0.301,1,"6","UBALD1"
0.0025551069160738,0.268610247487538,0.603,0.391,1,"6","NDFIP2"
0.00257237386330285,0.483762779764893,0.349,0.186,1,"6","CDC16"
0.00263861164727234,0.740222560188089,0.444,0.267,1,"6","PTGER2"
0.00264988220568764,0.476340787226662,0.619,0.423,1,"6","RCL1"
0.00265645077184104,0.39305802969084,0.381,0.21,1,"6","STX17"
0.00268409293155786,0.665153054301321,0.81,0.608,1,"6","LLPH"
0.00269510650853947,0.638644991412794,0.254,0.12,1,"6","FAM98B"
0.00276031583774413,0.715113836471293,0.46,0.284,1,"6","ARSB"
0.00276632001978464,0.296952634428754,0.571,0.38,1,"6","MXRA5"
0.00276892389968284,0.366579766652738,0.444,0.248,1,"6","HSF1"
0.0027715719886144,0.764688703112429,0.444,0.275,1,"6","TRAPPC3"
0.00278251336246881,0.321962892781294,0.571,0.358,1,"6","GLB1"
0.00281070136654519,0.486929253495273,0.952,0.803,1,"6","GLUL"
0.00282053268246868,0.416337703973251,0.587,0.385,1,"6","ITCH"
0.00284867555396518,0.476668467667752,0.667,0.446,1,"6","TEX30"
0.00286850514511384,0.368876471425552,0.825,0.619,1,"6","RANBP2"
0.00287909836597824,0.702582352209777,0.317,0.165,1,"6","R3HDM4"
0.00292926601597344,0.524644947518319,0.317,0.168,1,"6","CMIP"
0.00296394605843291,0.306330571114864,0.762,0.525,1,"6","CPSF6"
0.0029747647788031,0.502099214710189,0.508,0.324,1,"6","MYH10"
0.00297534802094022,0.792654566390039,0.27,0.135,1,"6","CDR2L"
0.00298969945549908,0.405325633345486,0.921,0.747,1,"6","C7orf73"
0.0030003801075024,0.967404022527023,0.302,0.156,1,"6","TMEM161B"
0.00300651031946349,0.330635400843207,0.905,0.745,1,"6","NAA20"
0.00303429331463037,0.39632950695732,0.429,0.252,1,"6","KIAA2018"
0.00304784298134732,0.67529992139064,0.46,0.281,1,"6","ADSL"
0.00308850890117981,0.374363780163038,0.873,0.707,1,"6","MED10"
0.00310519914043093,0.718789538704274,0.254,0.121,1,"6","ANKFY1"
0.00312753055952347,0.448936106788795,0.317,0.166,1,"6","CNDP2"
0.00314231554237894,0.268607041373711,0.444,0.257,1,"6","MTERF3"
0.00314554079368274,0.357539431975503,0.841,0.706,1,"6","PTBP1"
0.00321099979923412,0.396281537764231,0.968,0.8,1,"6","MAPK1IP1L"
0.00321275408475876,0.500060112394928,0.81,0.673,1,"6","SRPR"
0.00321397341950134,0.683014193077722,0.603,0.415,1,"6","CCDC93"
0.00323718048796675,0.613266790831494,0.333,0.181,1,"6","SH3PXD2A"
0.0032580630103253,0.727604095550831,0.952,0.874,1,"6","TUBB2A"
0.00326542262603882,0.560692086911724,0.333,0.18,1,"6","RFC2"
0.0032857799064992,0.353614826994551,0.857,0.609,1,"6","CDC26"
0.00328637345381082,0.265190502880261,1,0.98,1,"6","RPL7A"
0.00328703057957063,0.364622957834865,0.762,0.578,1,"6","LSM8"
0.00332554812157749,0.998054548177616,0.381,0.224,1,"6","MOB1B"
0.00332875404633883,0.647549891830017,0.286,0.142,1,"6","MTFR1"
0.00338564217489438,0.444937333421306,0.889,0.641,1,"6","SIL1"
0.00343312682234867,0.26257099593904,0.508,0.316,1,"6","CLMP"
0.0034334079444696,0.554071415859276,0.381,0.21,1,"6","TGFB2"
0.00343672622573704,0.780202582603906,0.381,0.228,1,"6","TMEM127"
0.00343734836615141,0.642687972639812,0.476,0.288,1,"6","BMS1P20"
0.00352871437721194,0.396103740804727,0.651,0.456,1,"6","MPV17"
0.00355077385619362,0.300024326539294,0.984,0.889,1,"6","TAGLN2"
0.0035512789515446,0.423668891690378,0.968,0.813,1,"6","KDSR"
0.0035662779260592,0.272113404324586,0.603,0.392,1,"6","CSNK2A1"
0.00361824438151125,0.841818591683976,0.46,0.284,1,"6","PTGES"
0.00368003288644123,0.430361337085974,0.778,0.602,1,"6","ITGA2"
0.00368220340029855,0.377802751100894,0.794,0.606,1,"6","TP53INP2"
0.00369493437236949,0.523426271476535,0.413,0.238,1,"6","LAS1L"
0.00371618735531658,0.75558461788389,0.429,0.262,1,"6","CUL4A"
0.00373662683177552,0.321674537022665,0.714,0.524,1,"6","RBM12"
0.00377487086101298,0.336151123840486,0.429,0.246,1,"6","ARHGEF40"
0.00381539277742872,0.273747737091868,0.921,0.773,1,"6","WISP3"
0.00385834086059194,0.285356911602702,0.984,0.845,1,"6","UBE2B"
0.00387029505072472,0.449994170694499,0.968,0.782,1,"6","ACSL3"
0.00388166418060058,0.496272553139956,0.937,0.857,1,"6","CPEB4"
0.0038934270350517,0.328896412884579,0.587,0.379,1,"6","EXOSC8"
0.0039450368139383,0.253319357551161,0.952,0.793,1,"6","SRP19"
0.00398721476568452,0.391244474929549,0.46,0.275,1,"6","ARAF"
0.00401017398345062,0.36650313405508,0.603,0.429,1,"6","TMA16"
0.0040251953248935,0.376041843967875,0.492,0.304,1,"6","DCAF12"
0.00404883256531783,0.334935360875359,0.429,0.254,1,"6","MAPK8"
0.00408102931161806,0.793918471812134,0.286,0.151,1,"6","CYB561A3"
0.00409054936157532,0.295223523701691,0.444,0.261,1,"6","TSFM"
0.004169915518597,0.514683103233573,0.365,0.212,1,"6","KALRN"
0.00418126012678496,0.272603303392562,0.556,0.362,1,"6","SYTL4"
0.00421410902467359,1.14799021633656,0.524,0.365,1,"6","N4BP2"
0.00422073508722213,0.438813304289558,0.698,0.544,1,"6","TMCO3"
0.00425370291703542,0.312127658825242,0.635,0.46,1,"6","FOXA3"
0.00428380433074721,0.417161423724152,0.302,0.155,1,"6","ZNF317"
0.00429686576723782,0.370836176984251,0.825,0.635,1,"6","CD320"
0.00432120125705883,1.39584541054968,0.27,0.142,1,"6","CLIC3"
0.00432273476949413,0.41673980999653,0.571,0.376,1,"6","PPP1R11"
0.00432305118330571,0.265801110918246,0.603,0.38,1,"6","GAREM"
0.00433676115718489,0.598897976404572,0.413,0.242,1,"6","GPSM1"
0.00434050489425776,0.414984971423657,0.571,0.38,1,"6","SMIM20"
0.00436398129047466,0.254357245000878,0.698,0.479,1,"6","CCNC"
0.00440817365493528,0.450256902318413,0.54,0.367,1,"6","CSTF3"
0.00443138626832083,0.493853606817319,0.317,0.171,1,"6","DMWD"
0.00447837750124099,0.457488468031173,0.683,0.508,1,"6","RABEP1"
0.00452124174819169,0.41598412577472,0.524,0.342,1,"6","AKT3"
0.00455951122024643,0.876454669782399,0.365,0.215,1,"6","FASN"
0.00456628606669235,0.715426333823206,0.524,0.354,1,"6","MRPL15"
0.00457386499969027,0.30671831363564,0.984,0.849,1,"6","VEGFA"
0.00459414429764847,0.413503476416883,0.54,0.351,1,"6","CERS5"
0.00462443449634035,0.320393120481759,0.27,0.14,1,"6","PALM2"
0.00465050008102061,0.300693654541801,0.746,0.521,1,"6","PSME3"
0.00465511787692551,1.02463010812263,0.349,0.208,1,"6","UTP14A"
0.00465728811045157,0.90703151119711,0.286,0.15,1,"6","CCZ1B"
0.00469954263718251,0.334745726594587,0.317,0.172,1,"6","FAM49B"
0.00474711573254745,0.59742871601547,0.381,0.23,1,"6","FOXA2"
0.00481508116952174,0.458775421911709,0.937,0.781,1,"6","SDC4"
0.0048561485679437,0.402242055099812,0.603,0.387,1,"6","ATXN2L"
0.00486815791449908,0.576370038992118,0.254,0.127,1,"6","PANK3"
0.00488307219972651,0.817250532282869,0.365,0.212,1,"6","SMARCAD1"
0.00490835571697075,0.404851594919788,0.587,0.418,1,"6","NOC3L"
0.00491688602355902,0.26523623163639,0.778,0.567,1,"6","DENND5A"
0.00493677584859139,0.372120247406482,0.429,0.256,1,"6","NUPL2"
0.0049529959869964,1.00893103540041,0.413,0.25,1,"6","TPRA1"
0.0049626043376415,0.416887378471963,0.556,0.367,1,"6","SENP2"
0.00499154460161997,0.34457851670476,0.921,0.752,1,"6","ZCRB1"
0.00500575003244212,0.354261462448483,0.81,0.591,1,"6","EMC3"
0.00502890215426836,0.511384952110046,0.254,0.129,1,"6","ZBTB41"
0.00504135865561579,0.421749140253475,0.937,0.813,1,"6","RGS3"
0.00505142021220609,0.403914440481957,0.714,0.552,1,"6","SPTLC1"
0.00505355625897618,0.5687591022767,0.937,0.756,1,"6","SREK1IP1"
0.00509219110622335,0.328340347869077,0.905,0.668,1,"6","ABI1"
0.00512954742571986,0.576308387106212,0.825,0.682,1,"6","TMEM87A"
0.00517212685785638,0.935150061812168,0.317,0.18,1,"6","STARD3"
0.00518273572537217,0.474310091975246,0.635,0.451,1,"6","HNRNPA0"
0.005183976959127,0.444798389045047,0.333,0.186,1,"6","ULK1"
0.00518826628268539,0.799606991817734,0.349,0.204,1,"6","SFT2D2"
0.00522270954697515,0.995985818307795,0.254,0.131,1,"6","DGKD"
0.00532250762754121,0.458281126484619,0.714,0.489,1,"6","PLK2"
0.00536227158400883,0.675415421174422,0.302,0.161,1,"6","AASDH"
0.00536560568906977,0.367243834442306,0.778,0.59,1,"6","PSMD9"
0.00537889395885158,0.606849301909861,0.476,0.3,1,"6","GNA12"
0.00539149797718767,0.415545594317402,0.524,0.355,1,"6","ATG13"
0.00539792174376578,0.281389100909724,0.587,0.382,1,"6","C16orf91"
0.00541156383622137,0.474081122152674,0.841,0.681,1,"6","CDC42"
0.00542016541584829,0.63650149893586,0.413,0.251,1,"6","ACVR2A"
0.00542681378393468,0.320914871708219,0.841,0.625,1,"6","TMEM208"
0.00543446840290615,0.313378864365414,1,0.876,1,"6","TOMM5"
0.00543961845338714,0.346113085024772,0.635,0.462,1,"6","SLC22A17"
0.0054680465652932,0.493590005143534,0.286,0.148,1,"6","STRIP1"
0.00546884655369106,0.59614412822042,0.476,0.313,1,"6","THAP7"
0.00548160126207244,0.263289669769548,0.635,0.436,1,"6","DAP3"
0.00550016395991187,0.36539387775168,0.429,0.265,1,"6","RABIF"
0.00551729246182634,0.329902573861971,0.873,0.675,1,"6","BCAP29"
0.00557210510146436,0.381738972595536,0.508,0.318,1,"6","IMPA1"
0.00558580472764053,0.342494530092521,0.683,0.505,1,"6","EVI5"
0.00558796941904547,0.361892446059063,0.508,0.338,1,"6","TMEM185B"
0.00568106800815779,0.69049015656276,0.381,0.219,1,"6","SLC39A4"
0.00571334834057305,0.537570464213353,0.571,0.406,1,"6","RGS10"
0.00574516002567021,0.60050055426986,0.54,0.376,1,"6","TRPC1"
0.00576066345475802,0.266924907220574,0.905,0.743,1,"6","SERINC3"
0.00577036403022337,0.38841298061833,0.667,0.476,1,"6","SECISBP2L"
0.00580312379368676,0.854839778256098,0.349,0.21,1,"6","ZDHHC5"
0.00581272318431393,1.10060763351955,0.317,0.182,1,"6","SMURF1"
0.00582430011991174,0.26874552748643,0.683,0.478,1,"6","PIGP"
0.00590621548571465,0.26119816404498,0.286,0.15,1,"6","SP1"
0.0059470646926061,0.290892912026204,0.873,0.681,1,"6","RPN1"
0.00596945525600212,0.330526182715353,0.46,0.296,1,"6","SP3"
0.00597528538630736,0.447477005183762,0.286,0.148,1,"6","PAGR1"
0.00599062299305964,0.315747364307248,0.778,0.598,1,"6","CDC42SE1"
0.00600031069824409,0.450056505891505,0.651,0.475,1,"6","GTF2F2"
0.00601693681390517,0.349063351376472,0.937,0.773,1,"6","FUNDC2"
0.00604023394751327,0.307034663745835,0.349,0.19,1,"6","COMMD10"
0.00613534281477048,0.739963800559011,0.365,0.216,1,"6","THAP1"
0.00620938651777554,0.272940941400205,1,0.891,1,"6","SERINC1"
0.00621926628894177,0.633006016627275,0.46,0.296,1,"6","MAK16"
0.00628311642183598,0.353042036100878,0.349,0.193,1,"6","COG5"
0.0063157447449918,0.36020938600718,0.73,0.531,1,"6","DNAJB14"
0.00644294463600959,0.743865588643768,0.365,0.215,1,"6","IREB2"
0.00646304069269093,0.331092065973663,0.889,0.684,1,"6","ADIPOR1"
0.00648329627418314,0.251630940466212,1,0.926,1,"6","EMP3"
0.0065292652650171,0.30237359657138,0.984,0.828,1,"6","POLR2K"
0.00660443556628713,0.644309667157539,0.381,0.237,1,"6","C8orf76"
0.0066205509586359,0.380742488585606,0.714,0.511,1,"6","PIEZO1"
0.00662611679470402,0.585923804961911,0.317,0.175,1,"6","CRADD"
0.00667739970492355,0.337964165114145,0.873,0.712,1,"6","USP12"
0.00669434405822837,0.326259286088923,0.73,0.541,1,"6","MPZL1"
0.00670369416071627,0.308340472021136,0.937,0.819,1,"6","EIF3J"
0.00677191469560353,0.888406059698216,0.365,0.231,1,"6","MEMO1"
0.00686377217733125,0.851531760183776,0.603,0.414,1,"6","ANGPTL5"
0.0069071927487819,0.460989925466206,0.27,0.142,1,"6","HHIPL1"
0.00691353034641841,0.292857237843034,0.476,0.296,1,"6","RABEPK"
0.00701774694592339,0.411781502413085,0.54,0.368,1,"6","ADPGK"
0.0070222738368107,0.693054725835895,0.27,0.147,1,"6","C5orf49"
0.00704476656456776,0.361196667659726,0.635,0.451,1,"6","ATXN7L3B"
0.0070906305700044,0.886513779330333,0.317,0.187,1,"6","STARD13-AS"
0.00710550786803642,0.80386569214417,0.286,0.159,1,"6","ZC3H18"
0.00711014708149797,0.382120034182388,0.952,0.79,1,"6","CSRP1"
0.0071559929491757,0.306123001578403,0.27,0.137,1,"6","LOC146880"
0.00722260369503911,0.885084425393899,0.302,0.166,1,"6","TRIB3"
0.00727931636703319,0.268835482249305,0.492,0.311,1,"6","AATF"
0.00730476502829012,0.277725121671685,1,0.937,1,"6","COX6A1"
0.0073336857875628,0.638418919688889,0.254,0.135,1,"6","MTA1"
0.00735136365485843,0.271596389553778,0.556,0.391,1,"6","C3orf17"
0.00746902044080925,0.291767634361291,0.921,0.735,1,"6","TM9SF3"
0.00749343470571752,0.385653006756146,0.365,0.211,1,"6","EDRF1"
0.0075518191389625,0.287961026826594,0.921,0.727,1,"6","ERP44"
0.00756228618573702,0.611298113615256,0.349,0.212,1,"6","NCOA5"
0.00756352771407104,0.945057709131612,0.254,0.135,1,"6","MVD"
0.00765316022084373,1.66565236126054,0.27,0.145,1,"6","E2F3"
0.00767861730378573,0.348094243912482,0.778,0.615,1,"6","ATP6V0A1"
0.0077076420131235,0.483427618448211,0.46,0.283,1,"6","SLC41A2"
0.00775112720638323,0.33364434819549,0.587,0.401,1,"6","TSEN15"
0.00789354043669657,0.287935437606377,0.286,0.152,1,"6","PRR14L"
0.00790301930591164,0.423919407865615,0.889,0.735,1,"6","BPGM"
0.00793673582971384,0.354223267091087,0.492,0.328,1,"6","BET1"
0.00797553145794106,0.316212069340803,0.762,0.573,1,"6","SESN2"
0.00799284826697698,1.0580851077922,0.317,0.186,1,"6","LINC01426"
0.00801027042358218,0.277778797789091,0.73,0.558,1,"6","TPD52"
0.00803842771356421,0.350666830993742,0.302,0.171,1,"6","SSC5D"
0.00822118732242478,0.86186718989748,0.333,0.197,1,"6","RASSF8-AS1"
0.00826064018877838,0.358022674607702,0.905,0.704,1,"6","PSMA5"
0.00829323423534732,0.284113914127298,0.524,0.34,1,"6","NPIPA1"
0.00830194791523624,0.352100248601884,0.968,0.895,1,"6","LITAF"
0.00833479189137611,0.369558663462849,0.365,0.216,1,"6","SAYSD1"
0.00837424877563659,0.821760386209327,0.286,0.158,1,"6","RNMTL1"
0.00839480823379394,0.48353539291717,0.571,0.382,1,"6","CKLF"
0.00841241747078124,0.399255919346629,0.794,0.658,1,"6","GLTP"
0.00844389104550773,0.461790871176318,0.556,0.403,1,"6","TKT"
0.0085003273374235,0.492239229807156,0.397,0.243,1,"6","TBC1D20"
0.008550931231077,0.284061467334659,0.683,0.479,1,"6","CHCHD1"
0.00855215959231716,0.561655761994318,0.698,0.559,1,"6","GTPBP4"
0.00857208623515418,0.446413934079146,0.27,0.144,1,"6","EVL"
0.00880758379937223,0.326448672265367,0.714,0.532,1,"6","DNAJC10"
0.00898444426929877,0.25497964605698,0.317,0.176,1,"6","GPR137B"
0.00908305350988713,0.402358319387525,0.651,0.417,1,"6","KIAA0355"
0.00916031312687565,0.255382467020653,0.492,0.312,1,"6","SMIM11"
0.00916971679221378,0.891585420898359,0.365,0.239,1,"6","ZNF562"
0.00922888814058463,0.363712670255229,0.524,0.338,1,"6","GGCX"
0.00924419034638475,0.799271399056917,0.302,0.172,1,"6","RASSF5"
0.0093358523415993,0.478149078929679,0.444,0.285,1,"6","TSR1"
0.00933906939506528,0.374579565635754,0.556,0.387,1,"6","SLAIN2"
0.00941142662423132,0.53687456750913,0.984,0.865,1,"6","HIST1H4C"
0.00941747060895465,0.627853200992933,0.571,0.396,1,"6","RBM48"
0.00941919177781785,0.684090668274416,0.46,0.311,1,"6","PTAR1"
0.00948866551929877,0.29146141504638,0.603,0.426,1,"6","ACTR2"
0.00959475614401663,1.50654681045584,0.365,0.23,1,"6","FAM180A"
0.00968980088272605,0.271958790641964,0.794,0.638,1,"6","OGT"
0.00970407672217124,0.252997840812362,0.794,0.571,1,"6","LSM14A"
0.00970796905104118,0.413195701560928,0.317,0.177,1,"6","FAP"
0.00974622231511397,0.31734173816395,0.476,0.33,1,"6","RUFY3"
0.00978654331435472,0.323527584279099,0.73,0.578,1,"6","CYB5R1"
0.00990275083005231,0.466892465437048,0.333,0.193,1,"6","ACBD5"
0.00995187687371659,0.331157598115858,0.524,0.368,1,"6","KIAA0513"
4.63486528458235e-35,3.7401228720231,0.69,0.13,1.11945901218517e-30,"7","SPOCK3"
2.6027264379256e-34,1.80900881271377,0.983,0.395,6.28636516552169e-30,"7","COL10A1"
1.86758771878039e-23,1.65278618382993,1,0.986,4.51078461717027e-19,"7","C2orf82"
3.62308013097001e-22,3.30530752022582,0.948,0.744,8.75082544033188e-18,"7","IBSP"
5.98018519151535e-22,2.40061868094895,0.724,0.215,1.4443941293067e-17,"7","FOXA2"
2.25852863481568e-21,2.44654448530703,0.845,0.328,5.45502421167031e-17,"7","LINC01384"
2.41908131547161e-21,3.77754546666947,0.276,0.029,5.84280710125857e-17,"7","FLJ41200"
6.37519786728902e-21,1.53848318036207,1,0.992,1.53980154088632e-16,"7","FGFBP2"
1.34140956292517e-20,4.43578175340735,0.552,0.137,3.23990651733316e-16,"7","AGR2"
1.16585997032007e-19,2.12772065085559,0.948,0.546,2.81590158631406e-15,"7","TSPAN13"
1.02249392329212e-17,1.76667659266765,0.845,0.407,2.46962957292745e-13,"7","MEG3"
1.46311498314073e-17,2.15368559635007,0.466,0.102,3.53386161877981e-13,"7","SCUBE1"
1.61447630330361e-17,1.09026377407176,1,0.975,3.89944461536921e-13,"7","MIA"
3.46679136536855e-17,1.85672289819625,0.983,0.564,8.37334118477465e-13,"7","CPE"
4.9158941876266e-17,1.79304780896527,0.845,0.389,1.18733592313745e-12,"7","MEF2C"
2.97344067393765e-16,1.35649590606863,0.81,0.371,7.18175125976161e-12,"7","SLPI"
3.6712503005703e-16,1.38854711515798,1,0.814,8.86717085096745e-12,"7","MFGE8"
7.15570954883243e-16,3.77167334624811,0.259,0.036,1.7283185273295e-11,"7","BLM"
7.26363609836591e-16,2.16992386429878,0.517,0.137,1.75438602683832e-11,"7","HOMER1"
1.02728045376097e-15,1.95694029257839,0.931,0.548,2.48119047996887e-11,"7","A2M"
2.55403130941502e-15,3.62850407941093,0.31,0.054,6.1687518216301e-11,"7","NXPE2"
3.36112993099777e-15,2.00094839159676,0.414,0.089,8.11813712233892e-11,"7","PTGER3"
3.95398358141626e-15,1.32927768717703,1,0.989,9.5500565441947e-11,"7","CRYAB"
9.25669337735778e-15,2.33275426154737,0.31,0.054,2.23576915143322e-10,"7","MYOC"
1.03633358542956e-14,1.34631479174312,1,0.968,2.50305650888802e-10,"7","PLAC9"
1.19719412223084e-14,1.14152770282496,1,0.915,2.89158296342415e-10,"7","NUCB2"
2.19321692895588e-14,2.22583156590126,0.741,0.361,5.29727684850713e-10,"7","RAMP1"
3.39738733138269e-14,3.3388867275996,0.362,0.077,8.20570962148861e-10,"7","SPINK1"
5.02177836483358e-13,1.22689171831036,1,0.991,1.21291012845825e-08,"7","CHAD"
8.60176088271074e-13,1.33625315108077,0.983,0.982,2.07758330600112e-08,"7","HERPUD1"
1.25691138125872e-12,1.14578146956036,0.983,0.894,3.03581805915419e-08,"7","SLC29A1"
1.49279955104894e-12,0.981339796982943,1,0.954,3.6055587556485e-08,"7","XBP1"
1.53417163893543e-12,0.848704025674961,1,0.983,3.70548475952075e-08,"7","SSR4"
2.46158958550706e-12,1.51031165549048,0.81,0.455,5.94547732587519e-08,"7","GLDN"
3.92997958685301e-12,1.27485747648739,0.948,0.714,9.49207969612606e-08,"7","PDE4DIP"
1.2989338099567e-11,1.36059342185836,0.983,0.932,3.13731483118841e-07,"7","PDPN"
1.31220145088038e-11,2.12718446639263,0.879,0.52,3.16936016431139e-07,"7","DSC2"
1.69506320627715e-11,1.75591269184442,0.862,0.525,4.09408616212121e-07,"7","SLC14A1"
1.887126115975e-11,2.05525696513764,0.638,0.283,4.55797570791443e-07,"7","HYOU1"
2.33654152870475e-11,1.99710356909168,0.793,0.504,5.64344875428058e-07,"7","CHRDL2"
2.43397982364025e-11,2.75909257984292,0.328,0.08,5.87879146803829e-07,"7","FICD"
2.68702937926228e-11,2.37276408840326,0.948,0.742,6.48998205973219e-07,"7","SPP1"
3.6879508736978e-11,2.17679670103755,0.293,0.063,8.90750774524229e-07,"7","RNF166"
3.7309932189393e-11,0.920742459297219,1,0.953,9.01146792170409e-07,"7","FGF2"
4.34744377085591e-11,1.38596523267374,0.983,0.778,1.05003809397483e-06,"7","RBP4"
4.90005621563912e-11,1.25281335178752,1,0.807,1.18351057776332e-06,"7","CYSTM1"
5.26012944762143e-11,1.96163051364353,0.724,0.368,1.27047906548401e-06,"7","MIS12"
5.36631380058247e-11,0.939627378757177,1,1,1.29612577225469e-06,"7","C2orf40"
5.54429196080022e-11,1.52371419264684,1,0.975,1.33911283729208e-06,"7","HSPA5"
5.777093389491e-11,1.78985388667661,0.345,0.086,1.39534136636376e-06,"7","SLC39A11"
6.24123492948285e-11,2.49213090042817,0.293,0.066,1.50744547251799e-06,"7","PCDH10"
7.28066017976369e-11,1.12397392408816,0.655,0.291,1.75849785321832e-06,"7","USP6NL"
8.1767641450664e-11,1.79387626207998,0.81,0.472,1.97493384395789e-06,"7","CTH"
1.13344137713262e-10,1.43206706162771,0.897,0.64,2.73760095818843e-06,"7","DDIT3"
1.20612320961195e-10,1.32898327349323,0.897,0.602,2.91314938817575e-06,"7","TP53INP2"
6.53414767795262e-10,1.67015166477718,0.724,0.371,1.5781926886559e-05,"7","MLLT11"
8.20831882422681e-10,1.36922807286584,0.845,0.549,1.9825552456155e-05,"7","THUMPD3-AS1"
9.17452276583139e-10,0.657918784483601,1,0.999,2.21592248363126e-05,"7","SERPINA1"
1.36430625881028e-09,1.20108492649782,1,0.987,3.29520890690447e-05,"7","HSPB1"
1.56200840205696e-09,0.954215181751359,1,0.951,3.77271889348818e-05,"7","SELK"
2.30661172953165e-09,1.66623136148487,0.828,0.534,5.57115931033779e-05,"7","ITPKC"
2.3067856555074e-09,1.6555377134561,0.603,0.277,5.57157939374703e-05,"7","LVRN"
2.63525003553767e-09,1.12874919072727,0.931,0.711,6.36491941083414e-05,"7","MAGI2-AS3"
2.65920114091418e-09,0.820367592711833,1,0.96,6.42276851565003e-05,"7","PNP"
3.01692714152886e-09,0.925761446979545,1,0.941,7.28678412493465e-05,"7","SPINT2"
3.12306186541239e-09,1.06678509143938,0.345,0.1,7.54313132353054e-05,"7","BMP8A"
3.18042820844362e-09,1.12157924464035,0.293,0.073,7.68168825185387e-05,"7","ALOX12P2"
3.87515891306387e-09,1.79337360332188,0.603,0.29,9.35967132272317e-05,"7","HOTAIRM1"
5.18062946172595e-09,1.24304542874992,0.862,0.579,0.000125127743389067,"7","NR4A3"
5.18232379629376e-09,0.863105857472709,0.983,0.815,0.000125168666651883,"7","LECT1"
5.66912499087503e-09,1.58744233015416,0.845,0.63,0.000136926375904605,"7","SERPINI1"
5.75898607640153e-09,2.2665110140288,0.328,0.098,0.000139096790703326,"7","RGS5"
8.4200078056687e-09,1.15944850464594,0.879,0.602,0.000203368448530316,"7","GNPTG"
8.63148705417626e-09,0.746097311721253,1,0.886,0.000208476306819519,"7","APOD"
8.84327273988232e-09,1.03576237474309,0.879,0.6,0.000213591566486378,"7","LTBP1"
1.07565490318189e-08,1.69736904819006,0.328,0.094,0.000259802928765522,"7","SNX22"
1.11188456283756e-08,1.65267950557122,0.759,0.455,0.000268553478462156,"7","FOXA3"
1.16547101105927e-08,0.971451124103967,0.897,0.616,0.000281496213301145,"7","RANBP2"
1.20776957094131e-08,0.988859067410154,0.914,0.627,0.000291712584469454,"7","NFATC1"
1.50247913359635e-08,1.26147839964606,1,0.95,0.000362893785137526,"7","FRZB"
1.51141417271073e-08,1.35197220364524,0.862,0.684,0.000365051865134822,"7","NEBL"
1.59568020729214e-08,1.6520489642761,0.483,0.185,0.00038540464046727,"7","EXTL1"
1.78079324029667e-08,0.709676164988198,1,0.939,0.000430114991328855,"7","S100B"
1.78544471199796e-08,1.38109300154564,0.69,0.367,0.000431238461288867,"7","LRIF1"
1.81586229561819e-08,0.851303159432208,0.948,0.857,0.00043858522026066,"7","CPEB4"
2.24528407815791e-08,1.44162506965138,0.655,0.331,0.000542303463397479,"7","KIAA0226L"
2.53357290291217e-08,1.32701141949972,0.879,0.627,0.000611933863240377,"7","STK40"
2.6978314744455e-08,1.36213243766691,0.845,0.552,0.000651607236022821,"7","WARS"
3.10675906026575e-08,1.18373026205185,0.879,0.568,0.000750375515825986,"7","SESN2"
3.52949566888535e-08,0.930478681809547,0.966,0.892,0.000852479088905878,"7","FGFR1"
3.57949733031704e-08,0.849238594598083,1,0.987,0.000864555990191475,"7","HAPLN1"
3.77512542426392e-08,0.648497080115846,0.983,0.965,0.000911806043722465,"7","SOD3"
3.92785097152633e-08,1.22795765117381,1,0.962,0.000948693845152756,"7","CYTL1"
4.13298634666661e-08,1.02431263442753,0.862,0.612,0.000998240192310386,"7","ATP6V0A1"
6.30847091772412e-08,1.09042951771706,0.862,0.605,0.00152368498075791,"7","DNAJB11"
6.32478784299054e-08,1.04125576733506,0.983,0.92,0.00152762600771751,"7","TIMP3"
6.70149156672303e-08,1.40895448243109,0.759,0.474,0.00161861125811061,"7","SLC7A11"
6.93476225494048e-08,1.52132709392953,0.379,0.129,0.00167495312743577,"7","C21orf62"
7.49127108688974e-08,1.83157680836852,0.552,0.265,0.00180936670561648,"7","AGPAT9"
7.57703295943141e-08,1.40747094660521,0.672,0.361,0.00183008077069147,"7","CSTF3"
7.82172343426773e-08,0.584764774081405,0.586,0.27,0.00188918086107869,"7","DKK1"
8.65029100240921e-08,0.966618566135966,0.897,0.693,0.0020893047858119,"7","TRAF3IP2"
9.24203840634707e-08,1.71845559567264,0.31,0.095,0.00223222953628501,"7","MUC12"
1.04010193974205e-07,0.875018076999837,0.931,0.751,0.00251215821505896,"7","MFI2"
1.63358159814502e-07,0.750162342987684,1,0.962,0.00394558963399966,"7","NDUFA1"
1.80505833157926e-07,0.874705066594849,0.793,0.489,0.0043597573882634,"7","NBPF10"
1.94147826430656e-07,0.852539702599253,0.983,0.943,0.00468925245177963,"7","ZBTB20"
2.04764261322625e-07,1.7917759797015,0.448,0.187,0.00494567120372537,"7","OSBPL6"
2.26448047611053e-07,1.16946060611019,0.707,0.434,0.00546939969394975,"7","TPST1"
2.46201730814108e-07,1.70036253877917,0.672,0.422,0.00594651040435315,"7","CYB5D1"
2.57984385134313e-07,0.605283163752591,1,0.945,0.00623109685414907,"7","SEC61B"
3.01775484272908e-07,1.37490705819117,0.431,0.171,0.00728878327164354,"7","LMO7"
3.09504088270723e-07,0.987479261552563,0.931,0.784,0.00747545224400277,"7","PGM3"
3.28126096650986e-07,0.627517729805643,0.983,0.871,0.00792522961241127,"7","TF"
3.52179245984918e-07,2.85956231445188,0.362,0.139,0.00850618532827373,"7","LOC102723505"
3.5792433937829e-07,1.54955591744737,0.621,0.334,0.00864494656900384,"7","SDF2L1"
3.76666023416082e-07,2.08123340348332,0.414,0.169,0.00909761446356862,"7","GGTA1P"
3.77023548988514e-07,0.745541388287271,1,0.981,0.00910624977871958,"7","CST3"
3.81032431847292e-07,1.0968994823831,0.759,0.456,0.00920307632640764,"7","CDH19"
3.88491207339992e-07,0.87689489569453,0.828,0.581,0.00938322813088282,"7","SCIN"
4.10186788276368e-07,1.86081808929308,0.448,0.194,0.00990724149723912,"7","FMN1"
4.22013884807236e-07,0.616605774963249,0.517,0.219,0.0101929013597492,"7","SPHK1"
4.91557149415223e-07,0.643277614755592,0.983,0.916,0.0118725798298259,"7","GSN"
5.75607684232811e-07,0.631462053793924,0.741,0.436,0.0139026523972751,"7","AASS"
6.25104318709453e-07,2.1086750777559,0.276,0.084,0.0150981446097894,"7","PPIEL"
6.8210853544093e-07,0.676414534894499,0.879,0.652,0.0164749674565048,"7","SLC7A5"
7.37099649483873e-07,0.924919810366666,0.448,0.178,0.017803167833984,"7","RBM41"
7.82153168759111e-07,0.980097957909786,0.948,0.89,0.0188913454850388,"7","DNAJB9"
8.16637443228905e-07,1.57154373697687,0.914,0.726,0.0197242441663077,"7","THBD"
8.49929955258676e-07,1.2527865491088,0.431,0.182,0.0205283582093628,"7","STON2"
8.84482519714595e-07,0.860591744432265,0.879,0.674,0.0213629062986666,"7","GOT1"
8.87595068377611e-07,0.693216977367055,0.983,0.892,0.0214380836865244,"7","FXYD6"
8.9213726323677e-07,0.937538376537559,0.948,0.731,0.0215477913189577,"7","GLIPR1"
9.83031930243791e-07,0.812211405421194,1,0.964,0.0237431702111783,"7","TNFRSF11B"
9.95857157016061e-07,1.23154341228789,0.414,0.159,0.0240529379134089,"7","ZNF331"
1.02281542252524e-06,1.45111610780966,0.552,0.29,0.0247040609002522,"7","STARD4"
1.02935890291479e-06,0.897372833485362,0.966,0.86,0.0248621055821008,"7","PTPRE"
1.05093809182612e-06,0.689939625679666,0.983,0.941,0.0253833077318763,"7","HSPA9"
1.05523969685381e-06,1.01448323686517,0.552,0.264,0.02548720439811,"7","ZBTB1"
1.11998013118513e-06,0.725881686196417,1,0.984,0.0270508801085144,"7","TM4SF1"
1.13966537692689e-06,0.856172367334208,0.897,0.706,0.0275263378489151,"7","S100A1"
1.18085581398028e-06,0.742010972057303,0.948,0.844,0.0285212104750657,"7","NR3C1"
1.19097837137361e-06,1.02310966451346,0.828,0.521,0.0287657006037869,"7","KIF21A"
1.28074152447999e-06,1.33761161743646,0.845,0.644,0.0309337500407653,"7","CSGALNACT2"
1.29099499588876e-06,0.867659740630653,0.897,0.642,0.0311814021357013,"7","RAPGEF2"
1.32657534848947e-06,0.970937795372999,0.931,0.758,0.0320407743920662,"7","KDM6B"
1.3498862144124e-06,1.37265979983519,0.621,0.362,0.0326038017367027,"7","C14orf142"
1.38847073824323e-06,0.922011114299691,0.655,0.346,0.0335357337407887,"7","FAM129A"
1.47111498365906e-06,0.827488630782452,0.5,0.221,0.0355318402003173,"7","IL17RB"
1.49984056643251e-06,1.55269870139988,0.414,0.18,0.0362256492010445,"7","RIC8B"
1.50268111263241e-06,1.78601804026197,0.345,0.133,0.0362942569134106,"7","RSPO3"
1.51746291502144e-06,1.33355779680032,0.517,0.256,0.0366512817865129,"7","MAP9"
1.63294155300059e-06,0.602047661376656,0.948,0.814,0.0394404373296233,"7","RAPH1"
1.64482901317973e-06,0.498428433973761,1,0.993,0.03972755515533,"7","ACAN"
1.69383257277206e-06,0.673272796444031,0.966,0.895,0.0409111381301636,"7","LITAF"
1.79320992237743e-06,1.13632291352304,0.759,0.512,0.0433113992551821,"7","LARP6"
1.86143746648297e-06,0.716690205476698,0.948,0.751,0.0449592991279631,"7","WWTR1"
1.98390116198006e-06,0.728135524131234,1,0.925,0.0479171647653043,"7","EIF1B"
2.04012693872368e-06,1.11483149190896,0.534,0.257,0.0492751859509931,"7","GSTT1"
2.16180790123614e-06,0.844047652207877,0.603,0.331,0.0522141462385566,"7","HAS2"
2.22917321002929e-06,1.07309668422815,0.655,0.39,0.0538412205418375,"7","SYNM"
2.66987913153377e-06,0.981166822131553,0.897,0.773,0.0644855906639352,"7","AKIRIN2"
2.85015200240898e-06,1.32399669912149,0.672,0.44,0.0688397213141841,"7","PER2"
2.90974755055228e-06,0.976937071963577,0.879,0.581,0.0702791325884892,"7","CCDC88A"
3.02301300885604e-06,0.496365682378373,1,0.945,0.0730148332029,"7","MAP1LC3B"
3.0415478804822e-06,0.851409225392112,0.948,0.731,0.0734625059572866,"7","TPD52L1"
3.1165327437222e-06,0.828473189185995,0.931,0.901,0.0752736153591222,"7","NPC2"
3.15437136392635e-06,0.607880086169718,1,0.979,0.0761875315529131,"7","HSP90B1"
3.1822367684291e-06,1.19630389571819,0.638,0.375,0.076860564667868,"7","ACSL1"
3.34403108788385e-06,1.86470188519598,0.31,0.112,0.0807683828656586,"7","HSD17B7"
3.81162729467637e-06,0.594656819864074,0.983,0.893,0.0920622340483184,"7","CTNNA1"
3.87738503289103e-06,0.864107547641911,0.948,0.855,0.0936504806994172,"7","DNAJC3"
4.0943947727421e-06,0.871413094417772,0.931,0.797,0.0988919169460398,"7","CLCF1"
4.15215118987422e-06,1.23099126208646,0.379,0.154,0.100286907689032,"7","ZNF791"
4.25554403779943e-06,0.394104583816542,0.759,0.528,0.10278415514497,"7","TAGLN"
4.27477929585772e-06,0.60648824351972,0.397,0.164,0.103248744332851,"7","VTRNA1-3"
4.30096173770239e-06,1.01048597287997,0.862,0.639,0.103881128850726,"7","ARL8B"
4.40445522201896e-06,1.40883497007732,0.621,0.376,0.106380806977424,"7","NBPF20"
4.4141006411237e-06,0.942107643443365,0.81,0.55,0.106613772785061,"7","MED13L"
4.62119180647259e-06,0.875256827370147,0.776,0.51,0.111615645701732,"7","UTRN"
4.85354249192923e-06,0.68278224475947,0.966,0.86,0.117227611807567,"7","ZRANB2"
4.87799795623414e-06,0.772166440431995,0.931,0.663,0.117818284636923,"7","CDK2AP2"
5.00618591810744e-06,1.20194434515549,0.5,0.253,0.120914408480049,"7","EFHD1"
5.03194727934191e-06,1.84447920232129,0.276,0.096,0.121536622637945,"7","ARMC5"
5.18994108880861e-06,1.07489895009509,0.81,0.631,0.125352647117994,"7","ANKRD11"
5.39240915081416e-06,0.72354691751466,0.466,0.214,0.130242858219615,"7","ALPK3"
5.46120688997404e-06,1.61424259850581,0.328,0.125,0.131904530013543,"7","POLB"
5.65099991119051e-06,1.16247886396822,0.776,0.584,0.136488600854984,"7","LDLRAD4"
5.84069979116048e-06,1.96003446635156,0.293,0.105,0.141070422055899,"7","C1orf56"
5.90674945987703e-06,0.957420769890699,0.5,0.239,0.14266571970441,"7","SKAP2"
6.02314901656024e-06,0.933891084979315,0.672,0.389,0.145477118196979,"7","GPT2"
6.06848918585886e-06,1.00117128908882,0.948,0.841,0.146572219306049,"7","CNPY2"
6.45617129581143e-06,0.558399822550889,0.862,0.538,0.155935905307733,"7","ISG20"
6.52025606586223e-06,0.462237302681118,1,0.933,0.15748374475877,"7","CCDC80"
6.88094027695225e-06,0.704275832609101,0.845,0.56,0.166195350509228,"7","TPBG"
6.88369604187096e-06,0.438866032374161,0.724,0.47,0.166261910499309,"7","CRISPLD1"
7.17311613674926e-06,1.07068297402305,0.414,0.181,0.173252274050905,"7","ACYP1"
7.29189796382119e-06,1.32973388343046,0.379,0.156,0.176121211520173,"7","MAP1B"
7.66399322029913e-06,1.43854964213086,0.552,0.3,0.185108428249885,"7","SLC7A5P2"
7.91708124868304e-06,1.33161693370922,0.345,0.14,0.191221263399441,"7","ZC3H12C"
8.07297660221505e-06,0.792199366591883,0.845,0.612,0.1949866038733,"7","FURIN"
8.10797333256148e-06,0.881804974408584,0.948,0.804,0.195831879901358,"7","FCGRT"
8.37511463908756e-06,0.729453381409567,0.966,0.925,0.202284143877882,"7","EDIL3"
8.43909165035457e-06,1.18029863002362,0.655,0.421,0.203829380631014,"7","ZBTB21"
8.48793271242415e-06,1.3360987099925,0.276,0.094,0.20500903880318,"7","FXYD3"
8.60587017888804e-06,1.96857834419159,0.259,0.088,0.207857582430683,"7","RIMKLB"
8.66561236779319e-06,0.797409151506814,0.879,0.692,0.209300535519309,"7","ELOVL5"
8.77654195806189e-06,1.36833847509606,0.431,0.197,0.211979817913069,"7","CPM"
8.85705493022084e-06,1.02943156708483,0.379,0.159,0.213924447729624,"7","S1PR2"
8.88725407344733e-06,1.77819378975763,0.397,0.182,0.214653847635973,"7","MFAP3L"
9.16614302661327e-06,1.54347856120835,0.569,0.336,0.22138985252179,"7","ANKRD42"
9.22054767646086e-06,1.65914089581625,0.586,0.365,0.222703888029559,"7","KIAA0513"
9.82376492593114e-06,0.655053355470665,0.483,0.261,0.237273394256015,"7","C4orf32"
1.01895768941867e-05,0.717567153892528,0.879,0.704,0.24610885072529,"7","TALDO1"
1.02522325363171e-05,0.595763737996653,0.931,0.884,0.247622172449667,"7","IDI1"
1.08561235664039e-05,1.28831372234114,0.397,0.179,0.262207952499354,"7","ULBP1"
1.0864786798162e-05,0.953453725000188,0.741,0.5,0.262417195536007,"7","SWAP70"
1.08905943059486e-05,1.89430071021378,0.397,0.182,0.263040524271576,"7","MAPK14"
1.10561170289384e-05,0.744670936624503,0.603,0.344,0.267038394599949,"7","KMT2E-AS1"
1.14829612898313e-05,1.30926861266512,0.397,0.172,0.277347964033296,"7","DENND5B"
1.19034619771536e-05,0.682878269216674,0.552,0.29,0.28750431713419,"7","ACTR6"
1.20170526484466e-05,1.4284938029834,0.414,0.187,0.290247872617932,"7","NCBP1"
1.22920295471231e-05,1.2885523520866,0.293,0.11,0.296889389651664,"7","RELN"
1.23374558694975e-05,0.886651197303848,0.793,0.588,0.297986571615974,"7","MXD1"
1.26310459624873e-05,0.994761476300317,0.845,0.612,0.305077653131957,"7","CPNE3"
1.26627749200284e-05,0.53120871076841,1,0.957,0.305844002643447,"7","UBL5"
1.31015842330668e-05,0.673995930678065,0.897,0.706,0.316442563981263,"7","STK26"
1.32925484894908e-05,0.681079148845375,0.845,0.643,0.32105492366667,"7","MSMO1"
1.33340969712819e-05,0.59651588009249,0.948,0.895,0.322058444147372,"7","SBDS"
1.33794276379071e-05,1.002301421213,0.707,0.52,0.323153315738369,"7","SSFA2"
1.37526960655067e-05,0.917094192891846,0.81,0.579,0.332168868070183,"7","SCD"
1.43508762706624e-05,1.0743875770852,0.638,0.397,0.346616714565308,"7","OLMALINC"
1.51204095074655e-05,1.99933262039865,0.31,0.12,0.365203250833813,"7","RCAN3"
1.52021053747567e-05,2.03627841884189,0.345,0.145,0.367176451116498,"7","BANK1"
1.54439787507944e-05,1.11818904585111,0.983,0.863,0.373018418767937,"7","BAG3"
1.57699336545443e-05,1.52562506481715,0.379,0.167,0.380891207558208,"7","LOC613037"
1.60924451635546e-05,1.40035740265835,0.31,0.119,0.388680828035334,"7","EFHC1"
1.76253303694582e-05,0.791294145738597,0.397,0.174,0.425704604413524,"7","CDKN1B"
1.76753073047547e-05,1.00034409966162,0.741,0.504,0.42691169733174,"7","LPAR1"
1.8915516851859e-05,0.473889449954574,1,0.97,0.456866478522951,"7","TMEM59"
1.91424880666956e-05,0.77755734754099,0.931,0.786,0.462348514274898,"7","FKBP2"
1.93223059351184e-05,0.806809963470461,0.828,0.613,0.466691655250914,"7","MARS"
1.99452270099792e-05,1.1013806524571,0.741,0.483,0.481737067972027,"7","MLLT4"
2.02123400282852e-05,1.59848593632513,0.431,0.212,0.488188648703173,"7","TTLL7"
2.02301939708589e-05,0.543652389689038,0.983,0.919,0.488619874978156,"7","MTHFD2"
2.11456243380116e-05,0.551316159084287,1,0.925,0.510730264635995,"7","SARS"
2.2487326629236e-05,0.530385121753984,0.983,0.945,0.543136400075937,"7","TSPO"
2.26652969863226e-05,1.71983563622521,0.345,0.147,0.547434918110651,"7","CDYL"
2.29645395649967e-05,1.24563899297599,0.5,0.271,0.554662524113365,"7","DLGAP1-AS1"
2.29792415857355e-05,0.884655413794961,0.828,0.676,0.555017622020271,"7","GLIS3"
2.34935823292646e-05,1.38459864572389,0.293,0.11,0.567440493998727,"7","LONRF3"
2.38821793197845e-05,1.31750631641816,0.552,0.324,0.576826277110756,"7","NEK1"
2.40328613501257e-05,1.3338109665866,0.328,0.133,0.580465700189585,"7","HIVEP3"
2.45112231261086e-05,1.11125526269294,0.534,0.298,0.592019572164902,"7","COG3"
2.46835369952708e-05,0.952805787058588,0.741,0.519,0.596181469046776,"7","MPP6"
2.53023201860624e-05,1.85784371434214,0.362,0.163,0.611126939453965,"7","TRIB3"
2.55528026672923e-05,1.55011054132259,0.431,0.217,0.617176842823111,"7","HHLA3"
2.64740428037835e-05,0.411115048973459,1,0.975,0.639427555839782,"7","PKM"
2.71023906385599e-05,1.90655879599188,0.293,0.114,0.654604041093138,"7","BRAF"
2.71399541023381e-05,1.64684820467771,0.379,0.172,0.655511311433772,"7","CSNK2A2"
2.72960885273201e-05,1.21868593789355,0.759,0.583,0.659282426200363,"7","MANF"
2.75711292845459e-05,1.2282653255175,0.345,0.141,0.665925485609636,"7","ATAD2"
2.78944729962346e-05,1.52140436958644,0.379,0.176,0.673735206278054,"7","LINC00662"
2.90848514210048e-05,1.10966643064129,0.448,0.212,0.70248641637153,"7","GPATCH11"
2.92542436618808e-05,1.17884029568928,0.414,0.189,0.706577747165407,"7","C2orf42"
2.97323122359294e-05,0.292631511340222,0.5,0.253,0.718124537434404,"7","PPM1K"
3.0007039589448e-05,0.452292349069867,1,0.979,0.724760027203937,"7","CALM1"
3.05237394583085e-05,1.25447894454683,0.586,0.369,0.737239879136525,"7","MAP2K6"
3.08894167822486e-05,1.63894715504286,0.586,0.348,0.746072083541651,"7","SETD8"
3.1005413501144e-05,0.634572596502619,0.948,0.883,0.74887375229313,"7","IFRD1"
3.1484134988445e-05,0.97359664821909,0.741,0.483,0.760436312375913,"7","KIF9"
3.1666100228818e-05,0.605948183770135,0.983,0.976,0.764831318826642,"7","C11orf96"
3.18576208491112e-05,0.782619022678779,0.552,0.286,0.769457116368583,"7","RASSF1"
3.20643025067006e-05,0.820580451227659,0.914,0.721,0.77444909844434,"7","SYNE1"
3.22034644572486e-05,0.662153106841451,0.931,0.754,0.777810277035926,"7","EPRS"
3.33029845668229e-05,0.500958417271422,0.621,0.354,0.804366986242474,"7","SPRED1"
3.39829987469731e-05,0.606956372223674,0.983,0.953,0.82079136873564,"7","CALR"
3.41908074228659e-05,0.888234012693456,0.741,0.474,0.825810571684481,"7","BMPR2"
3.47754526951603e-05,0.914437075123778,0.5,0.275,0.839931508946206,"7","FABP3"
3.57342090868886e-05,0.892660824000804,0.828,0.67,0.86308835207562,"7","MAPKAPK2"
3.60078513483247e-05,0.539731961589602,1,0.966,0.869697633616086,"7","SLC3A2"
3.60623559586291e-05,0.887960078775015,0.948,0.765,0.871014083468768,"7","GFPT1"
3.69013858682427e-05,0.834728531241493,0.897,0.736,0.891279172875665,"7","ELF1"
3.71481475866201e-05,1.42023559522134,0.328,0.137,0.897239208659634,"7","KIF1A"
3.73766419567833e-05,1.0610205186253,0.5,0.254,0.902758033182188,"7","NFKBIB"
3.83738611624506e-05,1.2372070070907,0.293,0.113,0.926843868656668,"7","ACAD8"
3.97540448064363e-05,0.606776449667388,0.983,0.81,0.960179444209855,"7","SPPL2A"
3.98013174906611e-05,1.31623641698488,0.517,0.286,0.961321221351939,"7","DCTN1"
4.13935797142327e-05,1.41372541398541,0.276,0.104,0.999779130837862,"7","TRIM5"
4.18272588381938e-05,0.802196749453673,0.759,0.534,1,"7","HLA-H"
4.36124260355078e-05,1.05328626233151,0.724,0.463,1,"7","AKAP12"
4.37370656664331e-05,0.555887806457295,0.966,0.813,1,"7","NFAT5"
4.38413308970374e-05,0.743198258987809,0.897,0.75,1,"7","ACLY"
4.39285177082458e-05,1.09498320436884,0.672,0.437,1,"7","KRIT1"
4.39989504098216e-05,1.50623161822209,0.397,0.19,1,"7","NUDT16L1"
4.47123304206516e-05,0.744947066039729,0.724,0.473,1,"7","C21orf59"
4.50048559174979e-05,0.794863885477435,0.81,0.576,1,"7","MAGT1"
4.61254511048118e-05,0.593237455754442,1,0.988,1,"7","CD63"
4.74942609862484e-05,1.14407200273881,0.345,0.146,1,"7","ATL1"
4.78466369364103e-05,1.4889945174302,0.431,0.221,1,"7","RASGRP3"
4.80131365571778e-05,1.1798424751762,0.483,0.263,1,"7","GCH1"
4.90243318111658e-05,1.03789762917514,0.724,0.489,1,"7","NDRG2"
4.96830368177248e-05,0.593043477479068,0.966,0.921,1,"7","CD81"
4.98356262486052e-05,0.609848501552711,0.931,0.81,1,"7","BCAS2"
4.99067687629573e-05,1.05769983350642,0.914,0.811,1,"7","LRPAP1"
5.00035540700461e-05,0.623462006298604,0.293,0.111,1,"7","LRRC8B"
5.02199477918934e-05,1.3050009014076,0.379,0.172,1,"7","RPGR"
5.08114170010921e-05,1.31928943266185,0.414,0.206,1,"7","RINT1"
5.08181749969977e-05,0.520832889635962,0.948,0.841,1,"7","MYADM"
5.08583497970421e-05,0.514089611847021,1,0.926,1,"7","C12orf57"
5.20343421741646e-05,0.520680573863707,0.983,0.946,1,"7","SHFM1"
5.20737358101689e-05,0.743214301245246,0.845,0.634,1,"7","HUWE1"
5.26709259805086e-05,0.887492398479191,0.328,0.133,1,"7","TAF1"
5.32307996938384e-05,0.894654380714496,0.638,0.421,1,"7","RBM14"
5.42363370486377e-05,1.36620924846851,0.362,0.163,1,"7","GOLPH3L"
5.45446226581759e-05,0.732315289725943,0.793,0.556,1,"7","MRPL40"
5.59375120852878e-05,0.855201759064999,0.776,0.54,1,"7","RHOU"
5.64321138249985e-05,0.821775162967363,0.81,0.601,1,"7","CACYBP"
5.69496055181195e-05,0.705955145857506,0.948,0.765,1,"7","TGIF1"
5.77378291836038e-05,0.433900967703511,1,0.965,1,"7","HSPA1A"
5.91124373492621e-05,0.566656719404776,0.931,0.773,1,"7","U2AF1"
5.95781664865882e-05,1.0192415444972,0.397,0.176,1,"7","MRAS"
5.97964189105206e-05,0.883556770427767,0.655,0.409,1,"7","INO80C"
6.03073250632614e-05,1.36814546483998,0.466,0.247,1,"7","SLC38A3"
6.25313414738776e-05,1.01991974001467,0.362,0.157,1,"7","ATF7IP2"
6.25627011440718e-05,0.961676857888922,0.897,0.795,1,"7","UPP1"
6.32433054014115e-05,1.66445612519091,0.793,0.598,1,"7","GIPR"
6.4909591827216e-05,0.704929703997956,0.845,0.636,1,"7","ARFGAP3"
6.71909433884499e-05,1.96907315279099,0.31,0.137,1,"7","NKD1"
6.9150672235821e-05,1.64131255714906,0.414,0.204,1,"7","SOAT1"
7.08630890133892e-05,0.432811840856292,1,0.994,1,"7","HSP90AA1"
7.12633422991245e-05,0.353980891175321,0.569,0.328,1,"7","LOC643406"
7.23322725412912e-05,1.55262420411118,0.517,0.292,1,"7","PLA2G4A"
7.30869692152363e-05,0.886375228798648,0.931,0.806,1,"7","TES"
7.359639258362e-05,0.868400592371134,0.828,0.633,1,"7","SREK1"
7.60075699151815e-05,1.31279339510873,0.431,0.219,1,"7","IQCK"
7.69407347739321e-05,0.573205290750885,0.379,0.174,1,"7","LINC01087"
7.76444571150747e-05,0.740881859452961,0.793,0.62,1,"7","UBE3A"
7.90955048436692e-05,0.805164479421429,0.828,0.631,1,"7","XPOT"
7.9913299760835e-05,0.814966876620192,1,0.938,1,"7","PTGS2"
8.01218367137077e-05,1.82140525696106,0.293,0.124,1,"7","PRRG4"
8.02220535481832e-05,0.683571508985951,0.69,0.405,1,"7","HEBP1"
8.04932457893037e-05,0.782078898762061,0.862,0.707,1,"7","PSD3"
8.13315698230378e-05,0.789187762885528,0.293,0.114,1,"7","SENP1"
8.13493697560883e-05,1.22139686904366,0.534,0.309,1,"7","NPIPB3"
8.16558620038874e-05,0.543940062666769,0.897,0.685,1,"7","SMOX"
8.25651896097837e-05,0.899795122508183,0.828,0.665,1,"7","ETS2"
8.31979134560751e-05,0.663050406536259,0.81,0.6,1,"7","HIPK1"
8.32922931657318e-05,0.913172396210038,0.655,0.406,1,"7","PLEKHH2"
8.36198585456414e-05,0.385426271495071,1,0.966,1,"7","RBM39"
8.42443872658114e-05,0.808001126438823,0.793,0.606,1,"7","SDF2"
8.44247905151549e-05,0.635870146652441,0.983,0.919,1,"7","PHLDA1"
9.06676390201527e-05,1.59464533616049,0.345,0.152,1,"7","AP4S1"
9.42581363474163e-05,0.95123945603859,0.672,0.419,1,"7","FER"
9.69812784366276e-05,0.673501352165987,0.862,0.663,1,"7","CP"
9.69963377499885e-05,0.697357593047301,0.69,0.454,1,"7","TTPAL"
9.72741362152294e-05,0.850579760677686,0.397,0.193,1,"7","DRAM1"
9.77526253836627e-05,1.98350305316188,0.31,0.136,1,"7","LOC146880"
9.86304715367738e-05,2.16295891132578,0.483,0.28,1,"7","F13A1"
0.000100983196514723,0.388385259603834,0.724,0.5,1,"7","UBE2E3"
0.000101275241164142,1.1984256753262,1,0.958,1,"7","FGF1"
0.000104688480253141,0.796776276225697,0.914,0.746,1,"7","PEA15"
0.000104850529794957,1.9139637314987,0.414,0.217,1,"7","DLGAP1-AS2"
0.00010610919660294,1.22494749587438,0.5,0.279,1,"7","SEC24B"
0.000106331627803738,0.876095508372107,0.707,0.507,1,"7","NRBF2"
0.000106842286758016,1.23105825555682,0.293,0.12,1,"7","LOC105377348"
0.000106879019433412,0.804017535969002,0.862,0.706,1,"7","FXYD1"
0.000107286977362728,0.881658268141672,0.483,0.253,1,"7","NRP1"
0.000108728723438337,0.486974395399525,0.983,0.95,1,"7","UGP2"
0.000111508447630508,0.761406335665802,0.81,0.592,1,"7","MRPL44"
0.000111931150079305,0.807878788239725,0.81,0.661,1,"7","IGFBP6"
0.000112699751158728,1.26033157580725,0.603,0.39,1,"7","NBPF8"
0.000113866644432111,0.832873471481256,0.897,0.774,1,"7","TSPAN6"
0.000113910397778148,1.52596189740331,0.586,0.376,1,"7","CPAMD8"
0.00011678062186628,1.20521076081233,0.414,0.199,1,"7","COX15"
0.000117814328633781,1.09159834387429,0.621,0.429,1,"7","SLC44A2"
0.000117967865365408,0.640617883608888,1,0.89,1,"7","KCNMA1"
0.000118993918299333,0.676522663134613,0.448,0.22,1,"7","LOC100190986"
0.000120059153815555,0.640989247618325,0.914,0.788,1,"7","AKAP13"
0.000121120236859773,2.16753034520722,0.345,0.158,1,"7","FAM213A"
0.000122395090483894,0.740845274438852,0.931,0.882,1,"7","TSPAN3"
0.000124354865965004,0.993857064939093,0.517,0.298,1,"7","DMTF1"
0.000126621383665803,0.743133063686706,0.431,0.22,1,"7","FOXP4"
0.000128839378908255,0.867818815967369,0.31,0.133,1,"7","GBA2"
0.000131539243840689,0.919109230588816,0.552,0.331,1,"7","HCG18"
0.000132046471923973,0.688802582930551,0.845,0.657,1,"7","GLTP"
0.000132386176548498,1.12896574625525,0.552,0.358,1,"7","CCAR1"
0.000138347794220402,1.20572056856946,0.534,0.305,1,"7","LOC100506844"
0.000138913047254527,0.887393446617664,0.603,0.366,1,"7","AFTPH"
0.000139180942769591,0.971480500592781,0.914,0.755,1,"7","RND3"
0.000141634286466816,0.986575908392735,0.672,0.466,1,"7","SLC35G2"
0.00014193401624392,0.774039218241512,0.793,0.612,1,"7","HK1"
0.000144142187467857,0.795925629647173,0.483,0.253,1,"7","TIFA"
0.000146716801328378,0.752025317053314,0.276,0.116,1,"7","LYZ"
0.000146818086526986,0.69274000054918,0.586,0.359,1,"7","GTF2A1"
0.000148458353429022,0.985270195193777,0.552,0.329,1,"7","RABGAP1L"
0.000148830996195035,0.493649122895568,0.966,0.926,1,"7","RPN2"
0.000153820109125479,1.63043085536051,0.31,0.135,1,"7","USP28"
0.000154621424408545,0.880356073400073,0.69,0.474,1,"7","RELT"
0.000158359813809952,1.01422153722078,0.483,0.253,1,"7","CNOT6L"
0.000158455620158794,1.21973896142861,0.259,0.1,1,"7","DUSP16"
0.000158560942590064,0.689382164305531,0.879,0.758,1,"7","CYP51A1"
0.000159846244156044,0.635217132742119,0.845,0.682,1,"7","GPAA1"
0.000160475043464832,0.396501148823485,0.638,0.384,1,"7","OTUD4"
0.000161489901738616,1.15267294574757,0.31,0.135,1,"7","TSPYL4"
0.000162941922330923,1.12214391192551,0.276,0.11,1,"7","ZNF708"
0.000169326859390334,0.526808524253108,1,0.954,1,"7","CDKN1A"
0.000171120217807983,0.366990991988111,0.983,0.792,1,"7","SRGN"
0.000174327255273919,0.648670287386586,0.879,0.755,1,"7","TNS3"
0.000176895809076553,0.685742125646746,0.828,0.755,1,"7","CHID1"
0.000179176840572183,0.861035552661336,0.793,0.602,1,"7","ITGA2"
0.000180286904458871,0.883301818076899,0.534,0.301,1,"7","HADH"
0.00018558082617754,1.03430686831301,0.534,0.308,1,"7","HCCS"
0.000187408333503159,1.02814583686549,0.431,0.224,1,"7","LETM2"
0.000188079458870236,1.03885803114462,0.672,0.455,1,"7","UNC5B"
0.000191525915066676,0.881969985838311,0.328,0.142,1,"7","TBC1D32"
0.000193944887770196,0.462391471207732,0.948,0.821,1,"7","PAPOLA"
0.000197032718582452,1.14082982524916,0.345,0.166,1,"7","PHOSPHO1"
0.000198038180358408,1.42119701758222,0.259,0.104,1,"7","MLPH"
0.000201588101612426,1.2590495087701,0.397,0.206,1,"7","PRPSAP2"
0.000203131231238762,1.20799561293235,0.569,0.359,1,"7","ARG2"
0.000203228655469709,0.628634717522496,0.379,0.184,1,"7","KIF16B"
0.000204868563020236,1.08513719872933,0.638,0.425,1,"7","SASH1"
0.000209276730863215,0.516435934672467,0.983,0.883,1,"7","GARS"
0.000211707516422169,0.893254777271685,0.345,0.163,1,"7","ICA1L"
0.000212507499445121,0.444393126128806,1,0.909,1,"7","GLS"
0.000214921265479933,0.621858358745335,0.931,0.785,1,"7","SF3B5"
0.000216216312665669,0.600183490424337,0.983,0.926,1,"7","PLD3"
0.000218271932872166,0.622417867490728,0.621,0.382,1,"7","POLDIP3"
0.00022087510091562,1.01276390886159,0.552,0.346,1,"7","DIP2B"
0.000222864444205057,1.19080830886386,0.431,0.227,1,"7","SCYL1"
0.000224041213808881,0.771997264571491,0.69,0.444,1,"7","PPP1R2"
0.000226635653750675,1.81233719683542,0.328,0.155,1,"7","GPC5"
0.000226889146016792,0.589551580566716,0.914,0.857,1,"7","LINC00493"
0.000228769602303289,1.01119011780883,0.414,0.208,1,"7","ATAD3C"
0.000229385709934438,1.36815276609771,0.552,0.368,1,"7","SENP2"
0.000229476049339365,1.14895819272417,0.569,0.381,1,"7","FST"
0.00023526725019509,0.320561675492626,0.759,0.492,1,"7","TACC1"
0.000242154171704555,0.486911461786057,0.603,0.341,1,"7","ROCK2"
0.000250770437341928,1.13592222751418,0.655,0.476,1,"7","LRRC8C"
0.000250981680519881,0.951288798787972,0.603,0.361,1,"7","ATXN1"
0.000252795176244698,0.636508576332771,0.759,0.54,1,"7","ZNFX1"
0.00025301706260261,2.75160565564202,0.293,0.135,1,"7","MCF2L2"
0.000253340420660978,0.764663742686159,0.724,0.504,1,"7","EVI5"
0.000258655817988345,0.638635899950553,0.707,0.469,1,"7","GLUD1"
0.00026342716890327,0.476716256064933,0.362,0.174,1,"7","IL17RD"
0.000271350409128369,0.468367740952947,1,0.952,1,"7","FXYD5"
0.000278273478465265,0.702821487321336,0.741,0.58,1,"7","PXK"
0.000280144903212247,0.666201688502051,0.793,0.631,1,"7","ZNF365"
0.00028025730543724,0.27081063026815,0.862,0.651,1,"7","IFI6"
0.000286430589440566,0.602530306203731,0.914,0.776,1,"7","CHD9"
0.000301011421044188,1.02646601066037,0.259,0.105,1,"7","SPEF2"
0.000301247957077899,1.21224529312937,0.483,0.292,1,"7","CST6"
0.000301436919089347,0.744343340384165,0.793,0.604,1,"7","LRRC8A"
0.000304116233526567,0.675604360753376,0.914,0.811,1,"7","RNF181"
0.000304486674890451,0.564336497386144,0.914,0.657,1,"7","TSPYL2"
0.000316562111106737,1.81389843270859,0.259,0.107,1,"7","CEP152"
0.000316955271263107,0.792154988037823,0.552,0.354,1,"7","ST8SIA1"
0.000321508506228645,0.525196547917909,0.948,0.896,1,"7","ATP6V0C"
0.000325369497408616,1.78287777721461,0.276,0.119,1,"7","ETV3"
0.000325631990446662,0.753427243145841,0.793,0.576,1,"7","SEC11C"
0.000326932759723516,0.834250541132763,0.638,0.417,1,"7","PDIA6"
0.000327509847326324,0.52796935543574,0.845,0.711,1,"7","COPB2"
0.000331864711790751,1.15314506975554,0.362,0.177,1,"7","PIM2"
0.00033241770785924,1.41106526120786,0.259,0.108,1,"7","LRRC49"
0.000337979298356146,0.489463289152539,0.31,0.138,1,"7","UST"
0.000349532554569812,0.514105095899169,0.931,0.709,1,"7","TSC22D2"
0.000350936262294079,1.14586248204559,0.793,0.737,1,"7","NPR2"
0.000353545164891709,0.696254891051941,0.793,0.587,1,"7","ULBP2"
0.000355987188282162,1.17111669155434,0.759,0.557,1,"7","MALL"
0.000357216534264811,0.481976500923822,0.983,0.904,1,"7","NFATC2"
0.000358349654313183,0.305034652750486,0.862,0.598,1,"7","AIMP1"
0.000367439117806716,1.30600320521323,0.5,0.316,1,"7","ACYP2"
0.000369896139381586,0.556921876799945,0.931,0.833,1,"7","MMADHC"
0.000371028221736884,1.11407241715089,0.397,0.207,1,"7","ZNF674-AS1"
0.00037287342487494,0.715917720914201,0.931,0.751,1,"7","SLC38A1"
0.000373303258687065,1.03495622340813,0.534,0.336,1,"7","SH2D4A"
0.000375993878661727,0.649716016940095,0.828,0.714,1,"7","NSRP1"
0.000378258013801743,1.16980627291108,0.414,0.22,1,"7","DOCK9"
0.000379572913663826,0.660556109998552,0.759,0.526,1,"7","C15orf57"
0.000380322337184353,1.09196869623545,0.655,0.433,1,"7","RHOD"
0.000381129064062519,0.348109573296407,0.966,0.95,1,"7","YWHAZ"
0.000389110152728364,1.60237166957573,0.397,0.227,1,"7","LRCH1"
0.000393269761999013,0.99605267249478,0.569,0.361,1,"7","PIBF1"
0.000395967459579771,0.755666095659909,0.741,0.542,1,"7","IBTK"
0.000398083555544813,1.26913777157779,0.276,0.123,1,"7","TACO1"
0.000399001713900849,0.339936857261546,0.983,0.853,1,"7","UFM1"
0.000409380003478418,1.22807499720194,0.397,0.212,1,"7","DNAJB2"
0.000417430531016869,0.527259397817076,0.931,0.891,1,"7","TAF7"
0.000420939727450768,0.620910662189532,0.931,0.916,1,"7","DNAJB6"
0.00042336673809567,0.544226226192585,0.931,0.781,1,"7","CDV3"
0.000427758666713723,0.97981093623611,0.31,0.144,1,"7","FGD1"
0.000429008823622816,1.45537627098318,0.362,0.197,1,"7","VIT"
0.000430044822063128,1.27344673850764,0.379,0.196,1,"7","CLDN12"
0.000433166887218136,0.81699107536601,0.672,0.453,1,"7","NUDT21"
0.000438434139601796,0.553971049983551,0.603,0.354,1,"7","UACA"
0.000444330354097866,0.588263842569341,0.793,0.676,1,"7","PSME4"
0.000446234301878051,1.46598573074962,0.31,0.148,1,"7","SNX18"
0.000453526329810772,0.77889691027493,0.81,0.692,1,"7","HEXB"
0.000454454670082465,1.48675024956532,0.672,0.474,1,"7","C11orf91"
0.000458516127728834,0.514706621289304,0.931,0.848,1,"7","CD164"
0.000470256815310533,0.498567173854782,0.897,0.691,1,"7","COL27A1"
0.000472041655255054,0.731579532427905,0.638,0.426,1,"7","ARL13B"
0.000472435817079792,1.2093927955098,0.638,0.444,1,"7","NUMB"
0.000475586174135084,0.97278363540958,0.638,0.41,1,"7","BEX5"
0.000480729905801306,1.17524844805856,0.431,0.243,1,"7","EIF2AK2"
0.00048910999791783,1.14869928752666,0.724,0.561,1,"7","MKLN1"
0.000489622858251513,0.374151714690918,0.948,0.876,1,"7","ELL2"
0.000490631715599172,0.835068795844587,0.586,0.384,1,"7","RHOQ"
0.000501343078205317,0.907979707360817,0.534,0.316,1,"7","LOC653513"
0.000520174138174337,0.33511692780239,1,0.983,1,"7","ATF4"
0.000523778108293538,0.39705798936471,0.707,0.457,1,"7","PRDM2"
0.00052605902227778,0.758819226758262,0.845,0.732,1,"7","ESYT2"
0.000528855894160027,0.812694256017494,0.69,0.471,1,"7","LYRM1"
0.00053534588813793,1.32335356698595,0.621,0.447,1,"7","BUD31"
0.000536662498595405,0.747157840951096,0.586,0.391,1,"7","LZTFL1"
0.000537517942125472,0.663125467804046,0.81,0.634,1,"7","SNW1"
0.000540642845109147,1.01994988643142,0.414,0.232,1,"7","GNAI1"
0.000552504017471125,0.477939263854695,0.931,0.824,1,"7","DDX17"
0.000563290567663417,0.835115882766485,0.672,0.485,1,"7","TMEM243"
0.000571055214076288,0.503590219397238,0.517,0.297,1,"7","NFYB"
0.000571626909343253,0.67384900539201,0.793,0.611,1,"7","UBQLN1"
0.000571637260210576,0.37237469306449,0.707,0.484,1,"7","MYO1D"
0.000587262521387872,0.39356713918402,0.983,0.874,1,"7","LINC00657"
0.000589139358285006,0.38473918346438,0.862,0.681,1,"7","RIOK3"
0.00059221566808977,0.691241039795354,0.776,0.623,1,"7","ZCCHC17"
0.000597129185133619,0.882863612635649,0.586,0.396,1,"7","CRNDE"
0.000597783065450961,1.19429703738271,0.259,0.108,1,"7","LSM11"
0.000601600829708048,0.955323919975062,0.448,0.253,1,"7","ST7"
0.000601976718890112,0.961423015362354,0.724,0.514,1,"7","ZSCAN16-AS1"
0.000606080151519642,0.781499007803713,0.534,0.32,1,"7","SCYL2"
0.000613298263893897,0.452046737271348,1,0.961,1,"7","PRDX4"
0.000624043728805126,0.848567742973901,0.603,0.388,1,"7","TJP1"
0.000628799492708564,0.472163664992858,0.931,0.713,1,"7","WBP2"
0.000629770146305346,1.36728340844821,0.362,0.186,1,"7","HMCES"
0.000630489755606719,0.917351738454028,0.707,0.53,1,"7","ROCK1"
0.000648869383880755,1.07782598374569,0.5,0.319,1,"7","MTMR6"
0.000679550285806683,0.498456648910178,0.914,0.771,1,"7","ACTR3"
0.000692283548406094,0.820267394686184,0.362,0.193,1,"7","SNORA12"
0.00070034646300595,1.12765619016175,0.276,0.12,1,"7","PON3"
0.000704458985399609,1.19967490217348,0.259,0.114,1,"7","SH3BGR"
0.00071341844559131,0.438205413700097,0.5,0.281,1,"7","PEX2"
0.000731511310928385,0.803948118517433,0.793,0.625,1,"7","SCPEP1"
0.000732321132632627,1.38482402095413,0.5,0.304,1,"7","DNALI1"
0.000741620818196395,0.747453047557444,0.759,0.604,1,"7","MAP4"
0.00075038661585318,0.719246843633116,0.879,0.722,1,"7","TMEM147"
0.000752196398087177,0.353715034130937,1,0.971,1,"7","SELM"
0.000757931560625698,1.00893581492193,0.5,0.288,1,"7","FBXO32"
0.000758377984542328,0.688263955273588,0.793,0.546,1,"7","MAT2A"
0.000764009783455963,1.76925847306743,0.259,0.114,1,"7","RAB39B"
0.000765794852188392,0.494284976203118,0.983,0.902,1,"7","JMJD1C"
0.000769329751448766,0.456585760611382,0.983,0.941,1,"7","PDIA3"
0.000784805609950707,1.41641380198873,0.414,0.232,1,"7","SEC22A"
0.000792344351916122,0.515566678464972,0.414,0.216,1,"7","UTP14C"
0.000793717099310652,0.755523627342424,0.897,0.757,1,"7","LIF"
0.000799602806636685,0.485026405327241,1,0.989,1,"7","SAT1"
0.000804186426544924,0.556506089858983,0.966,0.931,1,"7","SERP1"
0.000812466688371142,0.710981045174156,0.603,0.419,1,"7","SDE2"
0.000822198132442347,1.18452412634314,0.431,0.242,1,"7","GALM"
0.000826101394895291,0.80145936560226,0.431,0.23,1,"7","LRRC47"
0.000838777689442892,0.68750255801474,0.897,0.74,1,"7","UBL3"
0.000853053011174903,0.73519586189172,0.31,0.155,1,"7","NEK5"
0.000864005309598039,0.871023043185284,0.379,0.201,1,"7","PPP2R5A"
0.000899393259498336,0.429260160217548,0.914,0.794,1,"7","PPP2CA"
0.000902069145030209,0.790793299386765,0.569,0.399,1,"7","TRIM44"
0.000902526791302181,0.871488768149364,0.672,0.523,1,"7","ERP29"
0.000904690209933383,0.723774880742335,0.603,0.425,1,"7","LOC101928841"
0.000909269678341454,0.703970438359283,0.862,0.672,1,"7","ADK"
0.000927903068137378,0.314853972312786,1,0.999,1,"7","ACTB"
0.000940724335221003,0.633758335085974,0.931,0.904,1,"7","RCN3"
0.000955971342460941,0.643768087175786,0.724,0.503,1,"7","YTHDF3"
0.000960806627108615,0.682281704720236,0.362,0.187,1,"7","NME7"
0.000963925625956744,0.532320150314264,0.828,0.651,1,"7","FAT1"
0.000965476080245917,1.00718408176191,0.259,0.115,1,"7","MMP14"
0.000982841221289244,0.60365448761829,0.621,0.399,1,"7","TMEM123"
0.0009934655078899,0.545493612888419,0.931,0.848,1,"7","NOTCH2"
0.00100047666682674,0.823429858030358,0.397,0.213,1,"7","ACAP1"
0.00101172923653327,0.523549049034043,0.879,0.742,1,"7","SLC16A1"
0.0010201107515348,0.798910578317946,0.466,0.279,1,"7","TET3"
0.00102141038334835,0.370398062735385,0.948,0.916,1,"7","CTSD"
0.00104707088650324,0.820521458996282,0.69,0.507,1,"7","DIS3"
0.00104957182623177,0.858963111226957,0.569,0.377,1,"7","SMCO4"
0.00105743362820915,1.03158585894169,0.638,0.47,1,"7","MET"
0.00105756172142377,0.634916864427829,0.431,0.237,1,"7","FBXO33"
0.00106326333895694,0.779511923200285,0.707,0.507,1,"7","MORN2"
0.00108160528627422,0.627448423096269,0.5,0.281,1,"7","PLAA"
0.00109595304863794,1.35539037902745,0.259,0.116,1,"7","ZBTB33"
0.00110723033983727,1.60343510669383,0.31,0.152,1,"7","XPO4"
0.00110987416583239,0.780582438176719,0.517,0.318,1,"7","RNF139"
0.00111149232131585,0.764647444283866,0.914,0.746,1,"7","GOLGA4"
0.00111830542723832,0.387383378347848,0.966,0.8,1,"7","FAM177A1"
0.00111892183434595,0.91462168751371,0.5,0.335,1,"7","LARP1B"
0.00113336593732156,0.577511951747646,0.81,0.673,1,"7","ORC4"
0.0011350605369795,0.702807778807404,0.966,0.893,1,"7","BSG"
0.0011519146892631,0.960388103324152,0.603,0.421,1,"7","SMS"
0.00115708469126811,0.792609554304663,0.31,0.152,1,"7","GCNT1"
0.0011680481810504,0.9751670015198,0.638,0.479,1,"7","LPGAT1"
0.0011680647268669,0.983639008435436,0.328,0.166,1,"7","LOC101928936"
0.00117820295269537,0.353503870709306,0.897,0.766,1,"7","CEBPG"
0.00119833647152946,0.467402279305653,0.966,0.837,1,"7","PRDX5"
0.0012072832482384,0.649388432152642,0.603,0.388,1,"7","GALNT10"
0.00121736654542666,0.534330447756582,0.81,0.649,1,"7","RAB5A"
0.00122059565268975,0.671067893086741,0.776,0.676,1,"7","ZNF24"
0.00122591021637032,0.370669262220028,0.828,0.68,1,"7","KLF10"
0.00122865895266473,1.55926904196306,0.293,0.146,1,"7","C5orf49"
0.00123592179394805,0.278703339029971,1,0.991,1,"7","ANXA2"
0.00124027261332228,1.35981308674501,0.259,0.118,1,"7","SPECC1L"
0.00125125403535889,0.383283220608042,0.966,0.902,1,"7","GNG5"
0.00125335038157688,0.550424946765156,0.845,0.728,1,"7","ZC3H15"
0.00126810794123754,0.678024957812538,0.466,0.278,1,"7","SLMAP"
0.00127517582554832,0.431838262890131,0.948,0.856,1,"7","TARS"
0.00127611880063323,0.562516201383915,0.655,0.443,1,"7","COMMD3"
0.0012785794420037,0.449989701746179,0.983,0.907,1,"7","BIRC2"
0.00128107291231436,0.625910615281329,0.707,0.542,1,"7","OPTN"
0.00128364680781659,1.02342273474017,0.276,0.124,1,"7","TOR4A"
0.00128425653414074,0.362716461628224,1,0.944,1,"7","RAB1A"
0.00128477803989913,1.36564564571539,0.345,0.192,1,"7","APTR"
0.00128718447163878,0.536963233663746,0.931,0.914,1,"7","GOLGB1"
0.0012899121013099,0.456946788697213,0.793,0.569,1,"7","UBAP2"
0.00130423928603545,0.652250170926843,0.448,0.25,1,"7","DVL3"
0.00130447459950583,1.0110895995434,0.586,0.4,1,"7","MYO1E"
0.00130634724933715,0.661602522010421,0.862,0.687,1,"7","SYAP1"
0.00133807884034922,0.995436622812562,0.414,0.238,1,"7","ETFDH"
0.00133908666199379,0.642198820142614,0.655,0.455,1,"7","GS1-124K5.11"
0.00134470224230254,1.22823584152272,0.328,0.169,1,"7","ATAD2B"
0.00134593731122572,0.795582001537585,0.672,0.467,1,"7","STARD7"
0.00134707224314257,1.09248099582689,0.379,0.209,1,"7","LOC101928796"
0.00135725083017441,0.678392523471651,0.655,0.45,1,"7","LOC284454"
0.001377781458928,0.709667911951054,0.948,0.856,1,"7","BHLHE40"
0.00141301479650566,1.4363003287951,0.31,0.158,1,"7","DLEU2"
0.00141492093363371,0.90983725018746,0.638,0.469,1,"7","PTBP3"
0.00147099325266006,0.629471468685777,0.724,0.56,1,"7","SMIM4"
0.00147207311892195,0.426898774302703,0.948,0.803,1,"7","MRPS6"
0.00147519997669886,0.742558474850736,0.776,0.605,1,"7","XYLT1"
0.00147686893168038,1.04070084466647,0.431,0.25,1,"7","LRRC16A"
0.00149327133299594,0.750164734497677,0.534,0.339,1,"7","DNAJC21"
0.00150350581321972,0.771098691216734,0.569,0.366,1,"7","ATP1B2"
0.00151143655258251,0.844395088776984,0.276,0.14,1,"7","SATB2"
0.00151143931317889,1.08088065829929,0.328,0.17,1,"7","ECE1"
0.00151794254961802,0.644820379385141,0.517,0.335,1,"7","TRIM38"
0.00152600242122966,1.31251329108042,0.259,0.121,1,"7","TMEM8B"
0.00155541187506864,1.29754215302319,0.414,0.249,1,"7","ASCC2"
0.00156591128546402,0.563343867198914,0.69,0.496,1,"7","ZFC3H1"
0.00157306722171234,0.385192523157514,0.897,0.687,1,"7","EPS8"
0.00158448544661225,0.628528273896048,0.552,0.342,1,"7","RNFT1"
0.00159264743703799,0.539904729006392,0.828,0.625,1,"7","TROVE2"
0.00159315063805098,0.632631357484935,0.397,0.21,1,"7","COQ4"
0.00159696155888694,0.578675313754636,0.655,0.448,1,"7","TMTC1"
0.00161641575398036,0.603196782736544,0.69,0.505,1,"7","PHAX"
0.00162274765967394,0.3914727339398,0.879,0.732,1,"7","CFAP20"
0.00162334772352271,1.18228476376386,0.603,0.446,1,"7","AOC2"
0.0016314550982769,1.02274952695202,0.534,0.352,1,"7","PNMA1"
0.0016327955536403,0.731535984187378,0.69,0.556,1,"7","TCEAL3"
0.00163388248754675,0.593756805031991,0.328,0.16,1,"7","CBLL1"
0.00165150680128574,0.75354593878018,0.724,0.52,1,"7","SLC25A4"
0.00166526576358505,0.823631100105936,0.517,0.336,1,"7","LOC728392"
0.00166622466977506,0.846359580622961,0.448,0.273,1,"7","LYSMD3"
0.00167530017827972,0.39329966803487,0.983,0.932,1,"7","PMEPA1"
0.00168206864935371,0.654810620393801,0.724,0.543,1,"7","TMF1"
0.00168505155464755,0.808070918367638,0.534,0.335,1,"7","UBAP1"
0.00169439106289257,0.598750659878712,0.776,0.625,1,"7","TIMM44"
0.00172237795884524,0.810000317782462,0.741,0.598,1,"7","ATXN10"
0.00173672454147721,0.614468757190299,0.69,0.489,1,"7","MAP4K4"
0.00174674720348777,0.526327262462731,0.724,0.552,1,"7","BNIP2"
0.00174856532114767,0.347458402701681,0.81,0.616,1,"7","NKX3-1"
0.00176220491875321,0.837445477788265,0.362,0.193,1,"7","CCDC18"
0.0017695439640544,0.863643339411754,0.431,0.253,1,"7","GNL1"
0.00178137349905415,0.350546547195948,0.776,0.579,1,"7","CAMSAP2"
0.00178225145176087,0.883572009280739,0.414,0.242,1,"7","TFPI"
0.00180056901331117,0.961511242793241,0.534,0.343,1,"7","SGPL1"
0.00181586005052003,0.340512019444724,0.879,0.758,1,"7","GTF2B"
0.00181717008666794,0.670525870282735,0.707,0.529,1,"7","TOMM34"
0.00181717197237268,0.855009709052577,0.345,0.183,1,"7","ZNF621"
0.00182402039259646,0.561491830333104,0.845,0.726,1,"7","ARL1"
0.00185183722118824,1.33995173149229,0.397,0.217,1,"7","HS3ST3B1"
0.00189869248396211,0.857427922010332,0.552,0.37,1,"7","ARL4D"
0.0019200297353455,0.327394220592658,0.983,0.916,1,"7","PDLIM5"
0.00192564323862258,0.735242623486253,0.362,0.189,1,"7","DCAF5"
0.00195241662167788,0.396476098948261,0.707,0.554,1,"7","ZEB1"
0.00197640184087848,0.409592863250206,0.879,0.702,1,"7","CHURC1"
0.00199441644036846,1.06263643213306,0.414,0.234,1,"7","MRPL46"
0.00203632529179109,0.332549367245749,1,0.964,1,"7","ARF4"
0.00203847241522783,1.78554648313655,0.259,0.127,1,"7","TLR4"
0.00205808166106662,0.279476300564046,1,0.965,1,"7","RPL36AL"
0.00206671456179611,1.33405297477869,0.397,0.251,1,"7","CA5B"
0.00207615457564342,0.607636850675067,0.69,0.5,1,"7","DYNC1LI2"
0.00208057623710474,1.56552659810572,0.276,0.136,1,"7","LUCAT1"
0.0021164569365244,0.716438388521171,0.5,0.314,1,"7","NUDT9"
0.00214507886988119,0.506519923255623,0.845,0.682,1,"7","TCEAL2"
0.00218666809996342,0.336333501578963,0.983,0.969,1,"7","DST"
0.00218709263950448,0.666621157915743,0.328,0.163,1,"7","DOCK5"
0.0021930426041466,1.28494604835541,0.362,0.207,1,"7","KLF12"
0.00220382414180802,0.627317471081158,0.724,0.557,1,"7","TMEM205"
0.00222336987086406,0.468558002045584,0.983,0.84,1,"7","HNRNPH3"
0.00224355792144578,0.394923715015824,0.724,0.536,1,"7","NDUFS7"
0.00225727581009877,0.549193015705014,0.741,0.548,1,"7","PXDC1"
0.00226301912906222,0.96156073941587,0.448,0.279,1,"7","GZF1"
0.00227006933462739,1.09852764773528,0.483,0.321,1,"7","EID3"
0.00227330566457704,0.374997801333042,1,0.881,1,"7","PAIP2"
0.00227512460192483,0.531638284585421,0.828,0.684,1,"7","RPN1"
0.00228391838229106,0.608353737108491,0.414,0.239,1,"7","RNF19A"
0.00229364570912698,1.95507823299281,0.293,0.149,1,"7","WNT3"
0.00232668636580022,1.21426211325993,0.259,0.124,1,"7","STARD4-AS1"
0.00233448470434752,0.558433225420315,0.845,0.724,1,"7","PSMC6"
0.00237322631566328,1.1350845991535,0.345,0.19,1,"7","TBX18"
0.00237880551501982,0.991542526680452,0.793,0.666,1,"7","ZNF385D"
0.00239182694737916,0.664119377445353,0.69,0.571,1,"7","PPP2R2A"
0.0024028887481085,0.645395759027261,0.862,0.791,1,"7","WBSCR22"
0.00240896518697532,0.752262519918234,0.448,0.27,1,"7","SHC4"
0.00240930564746647,0.893702597112611,0.345,0.19,1,"7","TCTN2"
0.00242093515873751,0.826327100734601,0.586,0.406,1,"7","PCK2"
0.00242568941938146,0.702654469146341,0.966,0.864,1,"7","HIGD1A"
0.0024259128648465,0.866645919591264,0.707,0.594,1,"7","PSMA3-AS1"
0.00242686603550446,0.797872285239746,0.621,0.45,1,"7","BCL2"
0.0024323843755136,0.978343152410199,0.328,0.176,1,"7","AP5M1"
0.00243523383631715,0.493223551008211,0.69,0.504,1,"7","ZBTB43"
0.00243922688607626,0.491980982840007,0.793,0.654,1,"7","METRNL"
0.00245976567501511,0.556828743911651,0.362,0.194,1,"7","PCDH9"
0.00246616341112635,0.453835586938954,0.379,0.204,1,"7","LGI4"
0.00247284628865704,0.846079734772182,0.466,0.29,1,"7","TIMM17B"
0.00247634149518094,0.373670845977299,1,0.997,1,"7","HSP90AB1"
0.00249860709489212,0.414284023208512,0.931,0.828,1,"7","SPCS2"
0.00250012867614086,0.375752489029118,0.983,0.96,1,"7","HNRNPC"
0.00250361914722892,0.646523256372623,0.621,0.421,1,"7","NREP"
0.00250923360441624,0.701286984322785,0.414,0.235,1,"7","NOL12"
0.00252059017842283,1.50038576753143,0.448,0.293,1,"7","MTMR1"
0.00252291591297757,0.634909299045002,0.793,0.552,1,"7","ALKBH5"
0.0025383238359971,0.393865847048499,0.672,0.487,1,"7","RHOBTB3"
0.00255456693400267,1.1072950287675,0.431,0.272,1,"7","RNASET2"
0.00257042087813772,0.501928415027872,0.638,0.452,1,"7","BCL2L13"
0.00258768340356373,0.889977412559665,0.276,0.133,1,"7","TRAPPC2B"
0.00258921052134133,0.69633046396048,0.431,0.266,1,"7","JADE1"
0.00258947487216096,0.86689232864507,0.655,0.508,1,"7","NPC1"
0.00259168881599572,0.658463104484323,0.293,0.144,1,"7","CNNM3"
0.00260850001203821,1.36914806438811,0.328,0.184,1,"7","ST20"
0.00263040351658596,0.545104967413358,0.259,0.122,1,"7","NOL4L"
0.00265736524777198,0.573377438991144,0.414,0.242,1,"7","ADRBK2"
0.00266689625884603,0.597664750556002,0.759,0.653,1,"7","RNF11"
0.00267373966516431,1.27933605399707,0.259,0.124,1,"7","DAB2IP"
0.00267781666977201,0.454925586514228,0.931,0.772,1,"7","IARS"
0.00268966763760425,0.259158742278443,0.983,0.948,1,"7","COX6C"
0.00269081012847851,0.31145614699099,0.431,0.274,1,"7","TEX101"
0.00271307166917586,1.06314174856064,0.259,0.121,1,"7","DROSHA"
0.00275324833953216,0.49511234543352,0.879,0.71,1,"7","TBCB"
0.00280157213900157,0.637092744168293,0.603,0.423,1,"7","SMIM10L1"
0.00280870870321849,0.682282911338939,0.966,0.791,1,"7","TSPYL1"
0.00282288324678373,0.54820686695284,0.948,0.892,1,"7","ATRAID"
0.00282394083742335,0.472953102372905,0.448,0.26,1,"7","RBBP4"
0.00284682172277826,0.651850821647225,0.672,0.465,1,"7","HECA"
0.00286046842352754,0.722311623452671,0.397,0.233,1,"7","PRKACB"
0.00286868670652004,0.439144999149714,0.672,0.488,1,"7","ALG2"
0.0028949856631833,0.621557418175669,0.707,0.596,1,"7","CAPNS1"
0.0028975565704901,0.60832710942928,0.534,0.336,1,"7","TTC1"
0.00290363068409891,0.421983298803137,1,0.828,1,"7","POLR2K"
0.00290538449671485,0.656718145779191,0.966,0.896,1,"7","SKIL"
0.00290648356711998,0.378254587166855,0.448,0.26,1,"7","TSNAX"
0.00290961758510149,0.561638098229792,0.397,0.228,1,"7","SERPINA6"
0.00291563932742977,0.352986959374863,0.966,0.905,1,"7","CHD2"
0.00291963643132254,0.809877247146317,0.31,0.161,1,"7","ANKMY2"
0.00292019364588023,0.404476881003477,0.707,0.525,1,"7","ITPRIP"
0.00296468723746627,1.69771453307498,0.259,0.126,1,"7","SMPD4"
0.00297564675759042,0.614623347373552,0.724,0.582,1,"7","WBP4"
0.00299253940057378,0.376582261395164,0.879,0.638,1,"7","STC2"
0.00299853037085133,0.33929858629886,0.741,0.563,1,"7","ZFAND2A"
0.00299938334063574,0.622916330837029,0.448,0.273,1,"7","PDE12"
0.00302516593066584,0.412627594627432,0.466,0.279,1,"7","TCTEX1D2"
0.00302807289396727,1.26873194887956,0.293,0.159,1,"7","CISH"
0.00304602202055033,0.412805384929527,0.897,0.778,1,"7","SNX9"
0.00305365518747747,0.530364960909521,0.672,0.466,1,"7","PDHA1"
0.00305697198339959,0.289937474828985,0.69,0.501,1,"7","LRRC58"
0.0030669899295496,0.652841329788044,0.672,0.509,1,"7","RABEP1"
0.00307746766883813,0.620374225595844,0.724,0.559,1,"7","TPD52"
0.00309379746437168,1.13099834789603,0.328,0.178,1,"7","GNE"
0.0031124130453052,0.363703955629134,0.69,0.485,1,"7","SMARCA1"
0.00311374180662923,0.896315773511281,0.379,0.214,1,"7","FLJ32255"
0.00311703983530274,0.758868261623104,0.569,0.418,1,"7","MAD2L1BP"
0.00313282904672966,0.517955251464302,0.931,0.821,1,"7","HAX1"
0.00314467410832561,0.827334917337867,0.534,0.368,1,"7","SMAP1"
0.0031510426669,0.438165194808105,0.879,0.75,1,"7","CCT7"
0.0031547933311645,0.77197814357499,0.621,0.453,1,"7","PAFAH1B1"
0.00316516852271921,0.374200411513461,0.948,0.827,1,"7","TRMT112"
0.00316616878240754,0.458752607158378,0.897,0.76,1,"7","JUND"
0.00317918735864631,0.344623663008698,1,0.952,1,"7","RHOC"
0.00323673307997451,0.74510410659293,0.534,0.353,1,"7","KLHL28"
0.00324029098674675,0.742409870671036,0.345,0.182,1,"7","RAPGEF6"
0.00324935399386855,0.304387096976208,0.828,0.646,1,"7","CFAP36"
0.00331974270871221,1.45898765454387,0.345,0.199,1,"7","ST7L"
0.00332406441396838,0.74079915505162,0.517,0.341,1,"7","DYNC1I1"
0.00341111401616008,1.02138804240591,0.328,0.182,1,"7","PLEKHF2"
0.00344807202974159,0.254998265279456,0.586,0.379,1,"7","KRCC1"
0.00346585630188037,0.821853890734469,0.534,0.353,1,"7","ARHGEF2"
0.00347648851613168,0.370931718791508,0.655,0.445,1,"7","SMDT1"
0.00349176030725454,1.19339549883233,0.414,0.255,1,"7","TENM2"
0.00349960987369352,0.33288866623052,0.276,0.133,1,"7","RHOJ"
0.00353094953123849,0.988716798296442,0.293,0.152,1,"7","CD99L2"
0.00354490011066315,0.271698583916894,1,0.972,1,"7","CD59"
0.00355004717722664,0.485955406752065,0.517,0.336,1,"7","DNAL1"
0.00355256230191807,0.99538454928073,0.345,0.191,1,"7","WARS2"
0.00356221382280915,0.641514969175018,0.621,0.459,1,"7","REST"
0.00356806071435211,0.651650751607507,0.259,0.124,1,"7","DNAH6"
0.00358494608905218,0.734930853641872,0.655,0.483,1,"7","ZNF326"
0.00360447736210023,0.793378245906232,0.328,0.182,1,"7","GTF2E2"
0.00369272011642181,1.03533621272196,0.5,0.336,1,"7","SEC23B"
0.00370554299205137,0.948009280890006,0.655,0.511,1,"7","PARM1"
0.00370598594922677,0.426287333026205,0.914,0.807,1,"7","IFI27L2"
0.00374935905867466,1.19021633770116,0.293,0.152,1,"7","S100PBP"
0.0037603808032295,0.491036649731647,0.879,0.784,1,"7","TOP1"
0.00381101380659209,0.954527039398716,0.397,0.241,1,"7","STXBP1"
0.00382167854093508,0.371082204355991,0.983,0.949,1,"7","PAPSS2"
0.0039056531066794,0.790337715513077,0.621,0.449,1,"7","TEX30"
0.00391233119401411,0.284595453179204,0.948,0.887,1,"7","ATP1B3"
0.00391991694777144,1.15558894881058,0.552,0.391,1,"7","NTRK2"
0.00395907073530264,1.47890818447756,0.397,0.247,1,"7","SMARCD1"
0.00396065257296211,0.590579220164339,0.431,0.262,1,"7","EIF2B2"
0.00396551497258374,0.511575776364778,0.793,0.619,1,"7","VOPP1"
0.00397089507348292,0.326212823976189,0.914,0.841,1,"7","INSIG1"
0.00397435991566408,0.447608317103797,0.759,0.596,1,"7","SRP72"
0.00398237522118446,0.435821478004462,0.603,0.449,1,"7","SLC31A1"
0.00398272438507363,0.9884722847496,0.259,0.126,1,"7","DSC3"
0.00399790178966395,1.11271758435802,0.276,0.145,1,"7","DCLRE1C"
0.00400645221342039,0.589439980275291,0.534,0.346,1,"7","KIAA0232"
0.00401882000423573,0.583652730342859,0.397,0.238,1,"7","FAM168A"
0.00403969712024126,0.336919925689964,1,0.961,1,"7","SEC61G"
0.0040762037258518,0.818396232095422,0.517,0.365,1,"7","N4BP2"
0.00409979144806091,1.17050224930334,0.328,0.185,1,"7","THAP6"
0.00413462961043845,0.73139301659116,0.379,0.218,1,"7","PDE7B"
0.00418678295830861,1.21146792711623,0.293,0.152,1,"7","STAG3L2"
0.0041886524436352,0.855481633802959,0.638,0.44,1,"7","SUPT7L"
0.00421170998995985,0.750065589348037,0.586,0.433,1,"7","ATF1"
0.00427489123003182,0.598888722605923,0.741,0.583,1,"7","FRG1"
0.00428055396978746,0.880373864947156,0.5,0.328,1,"7","BET1"
0.00428564837583855,0.493762806411109,0.828,0.693,1,"7","TCF7L2"
0.00428834463963466,0.41969212928064,1,0.938,1,"7","SNRPG"
0.00429192727473706,0.317734186125927,1,0.946,1,"7","SUB1"
0.00429660590547868,0.310123110076124,0.931,0.778,1,"7","CTNNAL1"
0.00433879619374305,0.767179512067439,0.621,0.451,1,"7","SPEN"
0.00438660975612227,0.459430852016135,0.828,0.627,1,"7","FABP5"
0.00440044912237511,1.32831073182713,0.259,0.135,1,"7","ACAT2"
0.00440371538440234,0.984616607874528,0.448,0.284,1,"7","LAPTM4B"
0.00441229939657158,1.25557923293438,0.293,0.156,1,"7","PEG3"
0.00445040843416305,0.597526107746635,0.655,0.44,1,"7","DPM3"
0.00446437538797451,0.853927564965142,0.5,0.322,1,"7","BBIP1"
0.00448207585017351,0.393601256148226,0.69,0.519,1,"7","AARS"
0.00449690774054821,0.38945051312376,0.534,0.331,1,"7","MYO1C"
0.00450144675588877,0.44138276835637,0.966,0.842,1,"7","NDUFA6"
0.00451150931685896,0.615941181452795,0.466,0.286,1,"7","ZNF302"
0.00452096853110547,0.605861049069095,0.621,0.442,1,"7","NRIP1"
0.00452121702243271,0.925060898403845,0.603,0.416,1,"7","CCDC93"
0.0045324405005556,0.598287624465471,0.448,0.284,1,"7","UBR7"
0.0045913709770603,0.717422442210117,0.534,0.362,1,"7","SRXN1"
0.00462130475217926,0.417128833864515,0.793,0.676,1,"7","ATP2A2"
0.00463287853388587,0.499414875892333,0.276,0.136,1,"7","KIAA0391"
0.00466002436713347,0.93942108003507,0.534,0.379,1,"7","PIM1"
0.00468359857874654,0.779768671356215,0.5,0.349,1,"7","MICU2"
0.00472254697197087,0.644481413386019,0.483,0.315,1,"7","CCNB1IP1"
0.00473470138416055,0.563687846772737,0.741,0.593,1,"7","RPL26L1"
0.00475181729561408,0.531318571684422,0.862,0.751,1,"7","VMP1"
0.00475434030077134,0.3207285625797,0.879,0.785,1,"7","SDC4"
0.00477991821321478,0.808419611301091,0.466,0.297,1,"7","CERK"
0.00479283724843635,0.30766400606293,0.983,0.964,1,"7","BZW1"
0.0047985721099848,0.354324698578937,0.569,0.388,1,"7","SLAIN2"
0.00481974689214326,1.08963739573136,0.328,0.181,1,"7","GDAP2"
0.00483448470871736,0.567741300685322,0.828,0.697,1,"7","OTUD6B-AS1"
0.00488721686480076,0.620897216474117,0.655,0.494,1,"7","BAG5"
0.00490881496744341,0.30198241191723,0.914,0.846,1,"7","TUBB4B"
0.00490894068494574,0.382632046223661,0.948,0.867,1,"7","TSC22D3"
0.00499334050967268,0.367267398280691,0.983,0.895,1,"7","MRFAP1"
0.00501610625208945,1.70325443281556,0.379,0.251,1,"7","CD8B"
0.00501918382274903,1.12821617126581,0.328,0.186,1,"7","STARD10"
0.00504703673223091,0.347824561375294,0.879,0.704,1,"7","PRSS23"
0.00505887872814928,1.25180190282482,0.31,0.171,1,"7","ZNF2"
0.00506324336769657,0.354218670390341,0.897,0.807,1,"7","DAP"
0.00507861938089785,0.929370677734028,0.517,0.358,1,"7","SRSF8"
0.00508202960198673,0.797242049253543,0.603,0.52,1,"7","ENSA"
0.00508303433093381,0.286926691795401,1,0.913,1,"7","SLIRP"
0.00513296877898081,0.556443486293773,0.707,0.516,1,"7","SERTAD2"
0.00513651274271003,0.663768911988889,0.31,0.169,1,"7","GINS3"
0.00513836276596181,0.930421871135823,0.293,0.157,1,"7","CHD7"
0.00513995741039558,0.26225114885285,0.569,0.364,1,"7","MED29"
0.00516081586733385,0.389551959262412,0.862,0.706,1,"7","CTBS"
0.00516881704587389,0.567272272663288,0.828,0.734,1,"7","MDH1"
0.00518067253422252,0.376904339982173,0.879,0.766,1,"7","WDR1"
0.0051908664572671,0.581823607274977,0.397,0.237,1,"7","FKBP5"
0.00519982568477777,0.631962069507878,0.793,0.646,1,"7","TSG101"
0.00521670514173698,0.826732085308361,0.31,0.17,1,"7","ZNF385B"
0.00529042161339055,0.541529905954571,0.914,0.792,1,"7","NAA38"
0.00529472472925103,0.584374354643837,0.534,0.369,1,"7","TSR2"
0.00530751023054702,0.566512356569133,0.707,0.582,1,"7","JMJD6"
0.0053101484651492,0.695070764452386,0.276,0.142,1,"7","CUTC"
0.00532328401534276,0.500230828979557,0.31,0.176,1,"7","DIRAS3"
0.0053270458064575,1.07398901766676,0.483,0.318,1,"7","FAM126A"
0.00535102604271661,0.907357100636194,0.448,0.3,1,"7","FBXO28"
0.00535662107089949,0.696496043284811,0.466,0.308,1,"7","G2E3"
0.00540173547721834,0.686019920287477,0.621,0.442,1,"7","FNIP2"
0.00542384869962943,0.445869840578587,0.81,0.662,1,"7","RBM34"
0.00550732562340626,0.941145321138637,0.466,0.321,1,"7","ELMSAN1"
0.00553142912143847,0.703884827913099,0.379,0.222,1,"7","GABPA"
0.00557976332918313,0.506576645153226,0.31,0.165,1,"7","MSANTD4"
0.00559002976335746,0.850819128055108,0.724,0.62,1,"7","COPZ1"
0.00562748593812272,1.18833569061314,0.414,0.263,1,"7","TMEM126B"
0.00565795346209796,1.06718009953128,0.259,0.131,1,"7","HERC3"
0.00569486277677468,0.938819656340319,0.483,0.313,1,"7","C14orf132"
0.00573015974152687,0.369749292008936,0.414,0.25,1,"7","JOSD1"
0.00574685423268402,0.468360905344554,0.569,0.391,1,"7","SOCS2"
0.00576775026469509,0.612281287984404,0.776,0.664,1,"7","MACF1"
0.00577514530788661,0.349917343990552,0.966,0.931,1,"7","SSR3"
0.00578250219642873,0.653240025070243,0.741,0.641,1,"7","OGT"
0.00582171677111386,0.751342044018962,0.534,0.384,1,"7","DYRK4"
0.00583274998880729,0.428460171521368,0.828,0.675,1,"7","SCARB2"
0.00586870758190063,0.57331258701252,0.759,0.606,1,"7","SF3B2"
0.00590137590729431,0.309628070772763,0.828,0.677,1,"7","CAPG"
0.0059108812042947,0.568679405522908,0.862,0.734,1,"7","PNN"
0.0059301714500259,0.720000430146564,0.741,0.615,1,"7","GADD45A"
0.00595178834910582,0.641879088261209,0.672,0.496,1,"7","MRPS15"
0.00595561854129578,0.987655905047189,0.483,0.334,1,"7","PROSC"
0.0059657961685294,0.945101005247109,0.379,0.238,1,"7","CHST11"
0.00597691236523033,0.522449642341804,0.741,0.557,1,"7","PLRG1"
0.0059941883637032,0.523628259938836,0.69,0.565,1,"7","LAMP1"
0.00600954107884057,0.491644810908175,0.724,0.563,1,"7","SERPINB6"
0.00601779430140348,0.662965241517455,0.362,0.199,1,"7","BOK"
0.00602904581346063,0.345360815994099,0.741,0.529,1,"7","UFD1L"
0.0060561500517525,0.373917508350486,0.966,0.811,1,"7","COPE"
0.00608084342021742,0.715640508448834,0.638,0.468,1,"7","CDC42BPA"
0.00609435899800879,0.954003534126776,0.448,0.303,1,"7","GALNT7"
0.00615025585889079,0.558972797520697,0.5,0.322,1,"7","ZC3H14"
0.00615398709268086,1.36663140454197,0.293,0.164,1,"7","KLHL2"
0.00619093330976493,0.987210304649352,0.362,0.218,1,"7","LONP2"
0.00627388501581895,0.437428360297913,0.603,0.435,1,"7","FASTKD2"
0.00628402271487825,0.87700434042516,0.5,0.353,1,"7","ARID5A"
0.00637420879378952,0.727163487448081,0.483,0.317,1,"7","DCTN4"
0.00650500257121351,0.492538846319249,0.828,0.779,1,"7","SPAG9"
0.00650876017041018,1.22122551750463,0.345,0.204,1,"7","SFT2D2"
0.0065430464201662,0.483833063980777,0.828,0.622,1,"7","TUSC3"
0.00654712595448279,0.458800642530767,0.534,0.348,1,"7","MTUS1"
0.00656073422400246,0.308282684561742,0.845,0.728,1,"7","ARGLU1"
0.00656847379182177,0.632195468511667,0.431,0.279,1,"7","MREG"
0.00657957427969191,0.300977851612617,0.897,0.824,1,"7","ASNS"
0.00659653528793379,0.844828731492317,0.345,0.204,1,"7","GAN"
0.00661588671913707,0.444167768992486,0.724,0.515,1,"7","HNRNPUL1"
0.00662934194500929,0.491880276031297,0.724,0.573,1,"7","PPP6C"
0.00664971598928781,0.251980640862221,1,0.987,1,"7","ITM2B"
0.00665135902696037,1.56571910207657,0.328,0.185,1,"7","TM4SF19-AS1"
0.00666781293283529,0.36111315634311,0.948,0.731,1,"7","YIPF5"
0.00667480027099009,0.521408910009648,0.448,0.279,1,"7","AKT1S1"
0.0067016546944596,1.06399984685593,0.586,0.477,1,"7","CSNK1G3"
0.00671530830745734,0.301218743279711,0.879,0.74,1,"7","TRPS1"
0.00681079376679944,0.883270418446548,0.552,0.414,1,"7","SRP68"
0.00682280739753541,1.22210265368974,0.259,0.139,1,"7","GHR"
0.00683360466499882,0.436740223480219,0.828,0.729,1,"7","CAPN2"
0.00687681250002858,0.835402706577419,0.741,0.563,1,"7","MED13"
0.00689186167779846,1.03439879450298,0.586,0.488,1,"7","ADIPOR2"
0.00692803583952673,0.427122837089399,0.69,0.511,1,"7","RPL7L1"
0.00692966910758471,0.491668942040545,0.931,0.855,1,"7","TBCA"
0.00694510662762276,0.910103824213287,0.362,0.222,1,"7","RNASEH1"
0.00698213587905221,0.942656162242988,0.379,0.242,1,"7","INIP"
0.00701897957837274,0.515522894938962,0.448,0.279,1,"7","RUFY2"
0.0070685430211283,0.555675928188981,0.586,0.404,1,"7","FEM1C"
0.00708538247632228,0.350794044510682,0.914,0.796,1,"7","SRP19"
0.00708921907960376,0.533426678893232,0.793,0.645,1,"7","ETNK1"
0.0071287446787066,0.422604270914611,0.897,0.786,1,"7","ACSL3"
0.00714282192536764,0.781031128823001,0.672,0.535,1,"7","RERE"
0.00715397912679981,0.786267192246183,0.397,0.239,1,"7","TRPC4AP"
0.00715424272655544,0.443015444852618,0.897,0.787,1,"7","SLC20A1"
0.00717072184495589,0.646835724220258,0.328,0.192,1,"7","ZNF430"
0.00717505733906431,0.780836801043894,0.259,0.132,1,"7","HSDL2"
0.00718212715001014,0.834753469030552,0.517,0.34,1,"7","ALDH2"
0.0072338923367104,0.283725415245907,0.897,0.78,1,"7","HNRNPA3"
0.00723910960646598,0.974769343062419,0.517,0.382,1,"7","KIAA0907"
0.00727742743090479,0.328184062062568,0.897,0.854,1,"7","CRIP2"
0.00736946649889479,0.360176850190088,0.948,0.875,1,"7","SAR1A"
0.00738221773714809,0.46001136424337,0.845,0.769,1,"7","MLF1"
0.00738764028733978,0.680850961052196,0.466,0.307,1,"7","ARMC9"
0.00740441738038765,0.407798840030233,0.914,0.824,1,"7","SURF4"
0.0074459644831741,0.374459658210089,0.983,0.893,1,"7","VIMP"
0.00749150639101952,1.10359717373573,0.328,0.198,1,"7","RASSF8-AS1"
0.00759082500298595,0.966427510282622,0.397,0.253,1,"7","AP3B1"
0.00762390290498226,0.801669510345125,0.414,0.265,1,"7","EXOSC7"
0.00762508757181323,0.551102264406311,0.397,0.239,1,"7","APPBP2"
0.00764372647127922,0.349906898526508,0.948,0.815,1,"7","KDSR"
0.00767214001398818,0.762278901350473,0.517,0.357,1,"7","FAF2"
0.00776999791907431,0.699058464861217,0.845,0.739,1,"7","CWC15"
0.0077739432943929,0.385301841876773,0.328,0.182,1,"7","ADCY2"
0.00779505637055556,0.424020041662227,0.931,0.835,1,"7","FNDC3B"
0.00781794000592202,0.351153246855587,0.931,0.882,1,"7","CYB5R3"
0.00782451429038491,0.623849761201239,0.638,0.468,1,"7","TCTN1"
0.00789571561222233,0.455197819077561,0.741,0.605,1,"7","TMED5"
0.00790980551463648,0.687032928248648,0.379,0.238,1,"7","TTN"
0.0079134349072753,0.971766695049897,0.638,0.498,1,"7","RARG"
0.0079218964483927,0.364351919239563,0.81,0.631,1,"7","CARS"
0.00792856883799634,1.16263782685165,0.345,0.21,1,"7","BAZ2B"
0.00794768135924337,0.868669355138056,0.345,0.205,1,"7","MARCKSL1"
0.00795001311682863,1.43727482380967,0.466,0.321,1,"7","SNRNP40"
0.00799227542603204,1.43492736867344,0.362,0.23,1,"7","MIER3"
0.00807927865330651,1.23194635237924,0.448,0.284,1,"7","SLC41A2"
0.00812773192656129,0.291597029614128,0.379,0.212,1,"7","SSTR2"
0.00814322934216014,0.265884941056552,0.603,0.418,1,"7","IKZF5"
0.00814993772853699,0.779866844529838,0.414,0.264,1,"7","C5orf28"
0.00817207062946192,0.392248350588753,0.759,0.601,1,"7","MAPK6"
0.00823033484916052,0.898796729872076,0.466,0.296,1,"7","RPP14"
0.00824065443936283,0.96673546058614,0.517,0.348,1,"7","NDUFV3"
0.0082664300083666,1.11876319595873,0.276,0.152,1,"7","TRIM39"
0.00847207696032139,0.45220914672714,0.483,0.309,1,"7","POGZ"
0.0084916123713409,0.794900583391845,0.466,0.301,1,"7","RNF41"
0.00849307525348435,0.288059848898176,0.966,0.839,1,"7","RABGEF1"
0.0085020090877225,0.367226010789334,0.276,0.139,1,"7","UBFD1"
0.00857777460145095,1.00313700013852,0.328,0.191,1,"7","NUP188"
0.00858459997755296,0.697297347921412,0.517,0.378,1,"7","TRPC1"
0.00866515364478704,0.679453955825593,0.466,0.305,1,"7","MAD2L2"
0.0086738885612778,0.730095819895774,0.483,0.328,1,"7","PTOV1"
0.00868348061702578,0.439915889873568,0.569,0.385,1,"7","NBPF15"
0.00870898968331958,0.857559175561199,0.724,0.595,1,"7","CLIP1"
0.00871490720828428,0.291702929558607,0.931,0.848,1,"7","CUTA"
0.00872486692214522,1.18824457025255,0.328,0.195,1,"7","MLLT3"
0.00872924174480554,0.47465409894177,0.931,0.856,1,"7","DBI"
0.00886810563382525,0.581030944396334,0.448,0.276,1,"7","NMT2"
0.00894689028873578,0.321779378420333,0.448,0.285,1,"7","GPATCH2L"
0.00895958502922897,0.447574958519928,0.483,0.299,1,"7","KCNA6"
0.00898641678729704,0.861771854095524,0.379,0.225,1,"7","PPP2R5E"
0.00901141823957552,0.584439263104908,0.534,0.383,1,"7","EMC10"
0.0090643564049176,0.560928617526228,0.741,0.61,1,"7","DCUN1D5"
0.0090657774295202,0.768534090415563,0.31,0.178,1,"7","PLEKHA5"
0.0090905120088317,0.599914661394362,0.672,0.508,1,"7","PSPC1"
0.00914396036626851,1.34611625967646,0.31,0.187,1,"7","VRK2"
0.00925128194097914,0.423662354013363,0.5,0.341,1,"7","RPRD1A"
0.00928958610934545,0.477206291559226,0.793,0.627,1,"7","RPS19BP1"
0.00930140462057746,0.698123455984493,0.741,0.672,1,"7","IFT57"
0.0093133088277549,0.522045555926943,0.741,0.577,1,"7","MZT2B"
0.00937482260924479,0.438037962255951,0.724,0.554,1,"7","ARL2"
0.00938039423612821,0.33202723072964,0.914,0.824,1,"7","XRCC6"
0.00938767076491298,1.4760697918197,0.31,0.178,1,"7","CLASP1"
0.0094816914887289,0.939107164390463,0.724,0.61,1,"7","SMAD7"
0.00949332785983844,0.535806097421242,0.621,0.439,1,"7","SWI5"
0.0095333937082765,0.880739777662602,0.414,0.276,1,"7","ATN1"
0.00956666729546883,0.620344169793166,0.379,0.23,1,"7","TFIP11"
0.00963237715283662,1.04546932768684,0.586,0.477,1,"7","UXS1"
0.0096330918850747,0.49917622301635,0.724,0.566,1,"7","CDC5L"
0.00963444600636183,0.360496464198683,0.983,0.941,1,"7","TMEM258"
0.00970507824372451,0.268313820658808,1,0.98,1,"7","PRDX1"
0.00971809416636993,0.666144066428429,0.5,0.357,1,"7","THRB"
0.00973242597671456,0.3171720204096,0.362,0.214,1,"7","CCDC71L"
0.00976778476392746,0.381043969149219,0.741,0.575,1,"7","CALCOCO2"
0.00978418983712532,0.603688050803,0.483,0.343,1,"7","IFT20"
0.00985167968388203,1.18980660862809,0.259,0.138,1,"7","SPIRE2"
0.00986364347889058,0.283745122394686,0.983,0.97,1,"7","GADD45B"
0.00988320772566247,0.271550020643168,1,0.964,1,"7","NDUFA4"
0.00989180569155342,0.814944479920665,0.603,0.474,1,"7","KIF1B"
0.00995953995119983,0.550722104364529,0.828,0.727,1,"7","LRP10"
0.00999834029387373,0.324484432405766,0.552,0.386,1,"7","ZFYVE16"
4.02910444125322e-79,8.72351039514473,0.636,0.029,9.7314959569589e-75,"8","CXCL12"
2.34685916454971e-75,8.06351230527762,0.432,0.009,5.66836894013692e-71,"8","LDB2"
7.34505971839312e-71,6.82528823878988,0.727,0.05,1.77405227378349e-66,"8","GPNMB"
2.85609713845394e-69,8.00512649116039,0.682,0.044,6.8983314185078e-65,"8","LGALS3BP"
7.38416952867543e-61,8.53609559964096,0.25,0.002,1.78349846626098e-56,"8","PODN"
5.922950184441e-57,8.61256198319818,0.364,0.01,1.43057015804803e-52,"8","LOC643733"
9.32607059728401e-57,8.16970458909312,0.364,0.01,2.25252583136201e-52,"8","GGT5"
2.47858273676414e-56,6.29820305652781,0.523,0.029,5.98652088410644e-52,"8","BST2"
5.65139576888024e-54,7.7503457280135,0.659,0.057,1.36498162005765e-49,"8","SPARCL1"
1.46075840405071e-51,7.49784337274568,0.341,0.01,3.52816977330369e-47,"8","CPXM1"
3.1304782958107e-50,6.69467751136559,0.545,0.038,7.56104422787159e-46,"8","SPRY1"
4.69934762998369e-49,11.4420800821072,0.25,0.004,1.13503343306996e-44,"8","ACKR1"
9.72022203415057e-44,5.94417845830904,0.727,0.097,2.34772522790839e-39,"8","MARCKS"
3.04826179464107e-43,5.39254033601554,0.295,0.009,7.36246671259659e-39,"8","PDE1A"
1.3125738506945e-42,6.93542847248234,0.477,0.035,3.17025962158242e-38,"8","PDLIM1"
4.5838524151636e-41,9.23211587779807,0.25,0.006,1.10713787383446e-36,"8","VWF"
3.75718707952377e-40,6.15261266470126,0.409,0.026,9.07473395317377e-36,"8","PLXDC1"
1.6204327162449e-39,6.60706424320137,0.409,0.027,3.91383113954632e-35,"8","SLIT3"
2.18902099250555e-38,5.85434773014376,0.659,0.089,5.28714240319866e-34,"8","COL4A2"
3.24781908588652e-36,7.10082289181114,0.864,0.191,7.84445743814171e-32,"8","IFI27"
3.44217523117632e-36,3.75571977635683,0.318,0.016,8.31388583586016e-32,"8","CHN1"
4.68000911105089e-36,5.71645955062569,0.432,0.034,1.13036260059212e-31,"8","PSMB9"
9.25803241181382e-36,6.15404762952267,0.386,0.027,2.23609256842539e-31,"8","FBLN2"
1.43077890974247e-35,4.55586468208017,0.455,0.039,3.45576030070098e-31,"8","ANPEP"
1.54892055255017e-35,7.46980623386059,0.432,0.035,3.74110781057443e-31,"8","WISP2"
3.15533950488275e-35,3.94424977914202,0.773,0.148,7.62109150614331e-31,"8","SERPINF1"
3.90168666813427e-35,5.22538859456239,0.273,0.011,9.42374380954471e-31,"8","IFI44L"
9.28355899019079e-35,8.5397986000418,0.409,0.031,2.24225800290078e-30,"8","SFRP2"
7.48413259241881e-34,6.0428733300457,0.659,0.102,1.80764254504692e-29,"8","COL4A1"
6.4603704023002e-33,6.77133869772513,0.455,0.044,1.56037326326757e-28,"8","CLEC2B"
1.05510974831154e-32,4.9263668853403,0.705,0.123,2.54840657509687e-28,"8","AHR"
8.54316172545603e-32,8.07082859224381,0.432,0.04,2.06342985154939e-27,"8","CFD"
3.15466788111257e-31,6.54230523125334,0.341,0.023,7.61946933325118e-27,"8","SCARA5"
2.23416756442622e-30,3.93450305588974,0.886,0.244,5.39618491835865e-26,"8","IFI16"
1.02658144261318e-29,4.94444623368467,0.682,0.13,2.4795021583436e-25,"8","AQP1"
8.69670127209748e-29,6.86113183776449,0.659,0.125,2.10051425824971e-24,"8","COL14A1"
1.7467563994999e-28,6.05612645948196,0.364,0.031,4.2189407317121e-24,"8","XAF1"
2.64616799839671e-28,4.32991775846381,1,0.901,6.39128956652756e-24,"8","TMSB4X"
3.27188239322426e-28,4.70105652607189,0.25,0.012,7.90257754435455e-24,"8","DDX60"
6.6088549175941e-28,5.11937694262211,0.545,0.079,1.5962367282465e-23,"8","C1orf54"
7.81503981989871e-28,4.46150288091479,0.318,0.023,1.88756656770013e-23,"8","CELF2"
1.00869039992803e-27,4.59687969546965,0.455,0.053,2.43628992294618e-23,"8","EBF1"
1.30518843630383e-27,5.55253505790399,0.477,0.061,3.15242163020465e-23,"8","TMEM119"
2.16477808787125e-27,6.23887588300865,0.273,0.016,5.22858851563542e-23,"8","IFI44"
2.73554613295253e-27,5.09802777727251,0.386,0.037,6.60716457492024e-23,"8","CLIC2"
3.76560162346028e-27,4.42172803279306,0.614,0.109,9.09505760114362e-23,"8","PDGFRB"
5.52714370126929e-27,5.89709428970058,0.318,0.024,1.33497101816757e-22,"8","LAMB1"
1.5519581951437e-26,3.25499146750671,1,0.955,3.74844462873057e-22,"8","TMSB10"
1.84056659218431e-26,5.44286838578978,0.273,0.017,4.44552049010277e-22,"8","HTR2A"
2.21775171935553e-26,6.44339656318979,0.25,0.014,5.3565357277594e-22,"8","TRIM22"
4.90505239439858e-25,4.84026190462076,0.477,0.066,1.18471730481909e-20,"8","SRPX"
8.19161569707497e-25,5.79805209089662,0.295,0.023,1.97852093931452e-20,"8","LRRC17"
9.20717062690342e-25,5.36290472669434,0.909,0.422,2.22380792151598e-20,"8","COL1A1"
2.49070199448651e-24,5.67019948153937,0.318,0.028,6.01579252728326e-20,"8","APOE"
3.3628548063663e-24,6.55597814181459,0.273,0.02,8.12230321381653e-20,"8","C10orf128"
7.91618255677344e-24,5.36138782793589,0.364,0.038,1.91199557293749e-19,"8","COL21A1"
9.9926158217781e-24,2.1674205145069,1,0.997,2.41351649943406e-19,"8","B2M"
2.13274846731721e-23,4.36941451278425,0.545,0.096,5.15122737311126e-19,"8","EPHX1"
3.01669156716839e-23,6.90754300328384,0.295,0.025,7.28621514218181e-19,"8","FGL2"
5.3608935435203e-23,5.58076564447284,0.409,0.053,1.29481661756646e-18,"8","NOTCH3"
6.01737255685371e-23,3.97746555501426,0.432,0.057,1.45337599365688e-18,"8","ERAP2"
1.26526352386303e-22,4.44348012458042,0.477,0.073,3.05599098918638e-18,"8","FAM198B"
8.76807583917115e-22,4.88776250748928,0.409,0.056,2.11775335743501e-17,"8","BASP1"
9.72134887608036e-22,4.60289453707799,0.682,0.181,2.34799739403969e-17,"8","MMP2"
1.02906077869067e-21,5.81296800706192,0.295,0.027,2.48549049877158e-17,"8","COL5A3"
4.00007492530986e-21,7.13586991167184,0.273,0.023,9.66138096710091e-17,"8","EMCN"
4.17539194779041e-21,9.08262507235103,0.25,0.02,1.00848241714982e-16,"8","PCAT19"
6.25107800181085e-21,4.45502125185798,0.409,0.058,1.50982286977737e-16,"8","LIPA"
6.53206366285713e-21,9.25099992855522,0.341,0.039,1.57768933648988e-16,"8","DNASE1L3"
7.8101127494474e-21,6.27086639926975,0.295,0.029,1.88637653237403e-16,"8","MMP19"
1.82746013443634e-20,5.35386004805226,0.568,0.12,4.41386446270408e-16,"8","COL18A1"
2.25185152592487e-20,3.06589600640074,0.727,0.208,5.43889699056633e-16,"8","LAMA4"
2.74320430306445e-20,8.13596911854903,0.409,0.059,6.62566135319157e-16,"8","RNASE1"
2.45190892966547e-19,4.93099329183674,0.795,0.331,5.92209563782102e-15,"8","THY1"
3.09523662113214e-19,6.42550667971256,0.25,0.022,7.47592501102045e-15,"8","PECAM1"
3.14393141140164e-19,4.15110973495436,0.386,0.055,7.59353753795839e-15,"8","PTGFR"
4.91968406405823e-19,2.62308386116583,0.955,0.519,1.18825129199198e-14,"8","PSME1"
6.64082670329526e-19,4.406106322934,0.614,0.161,1.6039588736469e-14,"8","OLFML2B"
9.27168036047229e-19,4.1436810809368,0.682,0.212,2.23938895746487e-14,"8","PLTP"
1.70312352300709e-18,3.82705863655392,0.659,0.194,4.11355424511903e-14,"8","ECM1"
1.71544320004932e-18,3.63676840974434,0.295,0.032,4.14330996107911e-14,"8","FLRT2"
3.96371528501277e-18,4.27519388860319,0.432,0.078,9.57356152789134e-14,"8","C2"
5.23612558400603e-18,2.42442062940377,1,0.981,1.26468141230498e-13,"8","CST3"
5.94332323501647e-18,3.86432770953449,0.545,0.125,1.43549086095353e-13,"8","POSTN"
6.52532676574396e-18,4.04415029262407,0.341,0.045,1.57606217373014e-13,"8","NR2F2"
8.66896033914597e-18,3.88262321553189,0.568,0.138,2.09381399071393e-13,"8","OLFML3"
9.43118754204701e-18,3.5572613497427,0.909,0.643,2.27791472703061e-13,"8","IGFBP7"
2.02303408602906e-17,3.49126298728312,0.432,0.075,4.88623422798599e-13,"8","APOLD1"
4.23350758812895e-17,5.55942408539621,0.25,0.025,1.02251908776079e-12,"8","LINC00640"
6.94798872063005e-17,2.27610350635564,0.977,0.826,1.67814771569378e-12,"8","MTRNR2L2"
7.73114964236013e-17,3.69150126804477,0.386,0.062,1.86730457311924e-12,"8","ABCA1"
8.06197254020261e-17,1.14602262841258,1,0.995,1.94720822763514e-12,"8","MYL6"
1.58062094440138e-16,1.64940270231075,1,0.84,3.81767376701265e-12,"8","MTRNR2L8"
4.65786593328847e-16,3.62934089205355,0.364,0.059,1.12501435886716e-11,"8","CAPN1"
7.57945010227858e-16,2.33905272389778,0.977,0.82,1.83066458320335e-11,"8","MGST3"
8.93449443438341e-16,3.99139911766593,0.432,0.087,2.15794844073663e-11,"8","GLIPR2"
1.216554691079e-15,3.76106131433287,0.432,0.087,2.93834454536311e-11,"8","UBE2L6"
2.69836727924889e-15,7.50643873453434,0.25,0.029,6.51736648956983e-11,"8","CD36"
6.17817726316443e-15,3.91218420938206,0.432,0.089,1.4922151543721e-10,"8","ZEB2"
7.32740035993665e-15,4.00211626006401,0.273,0.035,1.7697870089355e-10,"8","C1QTNF2"
8.21314161661806e-15,3.28861046339291,1,0.956,1.98372009466176e-10,"8","LGALS1"
9.59551491346211e-15,4.38750841479181,0.273,0.035,2.3176047170485e-10,"8","IGF1"
1.0942027904706e-14,4.00614853680224,0.932,0.765,2.64282799982364e-10,"8","COL1A2"
1.50623560480882e-14,4.10476689606892,0.318,0.049,3.63801085629474e-10,"8","TWIST1"
1.56477258390405e-14,3.15018068559727,1,0.891,3.77939522190345e-10,"8","S100A4"
2.72993946809526e-14,8.7501104180421,0.295,0.044,6.59362279729047e-10,"8","FABP4"
2.99524463301604e-14,5.92525178029676,0.455,0.109,7.23441436212364e-10,"8","F3"
3.22905999551615e-14,3.67745118591299,0.273,0.037,7.79914860717016e-10,"8","FGF7"
3.83118388275202e-14,3.77153311891182,0.318,0.051,9.25345843201094e-10,"8","APOBEC3C"
4.34434145954663e-14,3.74049327334475,0.455,0.109,1.0492887927243e-09,"8","CDH13"
5.40998587580371e-14,3.1765310847002,0.932,0.704,1.30667388858287e-09,"8","PRSS23"
5.99128074970351e-14,3.25668407375564,0.318,0.052,1.44707403947589e-09,"8","TSHZ2"
6.15715671463446e-14,4.96469752984751,0.614,0.202,1.48713806128566e-09,"8","CRABP2"
6.8650805183939e-14,3.08295925484678,0.568,0.165,1.65812289760768e-09,"8","ADAM9"
9.23718014580779e-14,3.58987697024836,0.727,0.305,2.23105612061696e-09,"8","IGFBP5"
1.41850388900714e-13,3.68173838823823,0.432,0.101,3.42611244311895e-09,"8","PSMB8"
1.62660839022767e-13,2.98888578993814,0.932,0.657,3.92874724491689e-09,"8","ID3"
1.70275871563392e-13,4.32412847273036,0.614,0.212,4.11267312587061e-09,"8","PTN"
1.83360291248889e-13,6.13210293745403,0.25,0.034,4.42870111453441e-09,"8","PLAU"
3.46997535191154e-13,3.97843419259835,0.273,0.04,8.38103146747195e-09,"8","MEOX2"
3.67435476206312e-13,2.29287046487887,0.955,0.905,8.87466905681105e-09,"8","IFITM2"
4.04766559598659e-13,4.00481321516883,0.5,0.138,9.77632671398641e-09,"8","ANGPTL1"
4.16503133222156e-13,4.06583387231558,0.364,0.074,1.00598001767147e-08,"8","HSD3B7"
5.85026259669491e-13,3.96141560950425,0.386,0.084,1.41301392497972e-08,"8","NID2"
7.1445007074958e-13,4.0205798558051,0.341,0.063,1.72561125588146e-08,"8","SYTL2"
1.14833001275949e-12,4.81560158284299,0.273,0.042,2.773561479818e-08,"8","GUCY1A3"
2.37443616927478e-12,2.61003797392897,1,0.926,5.73497567964938e-08,"8","COL3A1"
2.54169392617196e-12,5.00605131345748,0.273,0.044,6.13895333988315e-08,"8","PDE5A"
2.60452273779674e-12,4.03737459540878,0.273,0.043,6.29070376860047e-08,"8","NID1"
3.07620235425033e-12,2.67049296143391,0.864,0.614,7.42995154622082e-08,"8","FKBP1A"
4.55076393300072e-12,3.92185924656727,0.682,0.325,1.09914601273766e-07,"8","MYL9"
4.74476960687931e-12,4.67507796388579,0.364,0.08,1.14600420314956e-07,"8","TNFAIP3"
1.01082860266836e-11,4.82555568898289,0.364,0.081,2.44145432402489e-07,"8","FILIP1L"
1.29178279171324e-11,3.42713175476126,0.295,0.053,3.12004297682499e-07,"8","LY96"
2.50216929991311e-11,1.38737053729409,0.955,0.902,6.04348951008013e-07,"8","COX4I1"
2.66266344941995e-11,2.0879651830769,1,0.954,6.43113102938401e-07,"8","ADIRF"
2.73743825654077e-11,3.03267671041693,0.5,0.155,6.61173462102292e-07,"8","MAP1B"
2.78745045657222e-11,4.83959049302797,0.409,0.098,6.73252908775888e-07,"8","RGS5"
3.24402546270536e-11,1.48811028283696,0.977,0.94,7.83529470007226e-07,"8","PFN1"
1.24728468459444e-10,1.97003994730584,1,0.975,3.01256669870096e-06,"8","IFITM3"
1.76496880233866e-10,1.49901388442659,0.886,0.564,4.26292914828857e-06,"8","MTRNR2L1"
1.84241954938157e-10,5.59461478384624,0.341,0.081,4.44999593762132e-06,"8","ISG15"
2.3034176524615e-10,4.24525568113041,0.409,0.116,5.56344465599027e-06,"8","AKR1C3"
2.31218612890891e-10,2.69940303444447,0.273,0.049,5.5846231571537e-06,"8","SH3PXD2B"
5.59887352601775e-10,2.61961684446979,0.341,0.078,1.35229592273907e-05,"8","ZFHX4"
5.90306491562628e-10,3.43278718151452,0.25,0.044,1.42576726907122e-05,"8","TNFRSF14"
6.46097160169672e-10,3.48417667628784,0.364,0.094,1.56051847095781e-05,"8","XG"
7.91617143373774e-10,3.45528008557702,0.318,0.073,1.91199288639068e-05,"8","C3orf14"
8.22949732351879e-10,1.79214353974701,0.932,0.809,1.98767048854949e-05,"8","NFKBIA"
8.41073220320324e-10,0.994536157699281,0.977,0.938,2.03144414903968e-05,"8","RHOA"
9.32560558653664e-10,2.91036187133933,0.614,0.263,2.25241351731619e-05,"8","IRF1"
1.1765311182656e-09,2.75126284507015,0.591,0.244,2.84167560994691e-05,"8","IGFBP4"
1.28398032580586e-09,2.54399863155303,0.295,0.063,3.10119768091889e-05,"8","GMFG"
1.65007692429491e-09,2.32500250187876,0.614,0.273,3.9854307952495e-05,"8","TRAPPC1"
1.68579590432453e-09,1.43804910470342,1,0.994,4.07170284771504e-05,"8","S100A6"
2.51532106268065e-09,5.92616165596933,0.545,0.232,6.07525496269258e-05,"8","CD74"
2.57044292215126e-09,3.07973179747046,0.682,0.371,6.20839078987194e-05,"8","CERCAM"
3.56366227713265e-09,3.2207685401602,0.886,0.653,8.60731349795848e-05,"8","IFI6"
3.93232979540828e-09,2.59601159502175,0.409,0.123,9.49775615484962e-05,"8","SFXN3"
3.95451556020325e-09,1.71614067886034,0.886,0.637,9.55134143255891e-05,"8","TMEM50A"
4.04961344361575e-09,2.70892271023849,0.273,0.057,9.78103135036511e-05,"8","TYMP"
4.10917323195874e-09,2.56416061710494,0.614,0.294,9.92488610714994e-05,"8","TPM1"
4.58219070014161e-09,6.28951809681779,0.273,0.06,0.00011067365198052,"8","MCAM"
4.63822637182458e-09,2.07136428216393,0.545,0.2,0.000112027081558679,"8","RBMS3"
4.88008495290955e-09,0.740908161180073,0.682,0.307,0.000117868691867624,"8","PRG4"
5.13980619655362e-09,3.1914915470998,0.25,0.049,0.00012414173906536,"8","UBA7"
5.22973942157764e-09,2.51094956737928,0.386,0.11,0.000126313896249365,"8","CADM1"
5.70382079116379e-09,2.42505168191438,0.682,0.379,0.000137764383568979,"8","HIGD2A"
5.80740112255532e-09,1.87019424719474,0.932,0.746,0.000140266159313079,"8","ATOX1"
7.07621545383722e-09,0.26721077597391,0.432,0.144,0.00017091183185653,"8","FYN"
8.18859421572449e-09,2.76335298791236,0.386,0.118,0.000197779116092394,"8","MRGPRF"
8.23112111803961e-09,1.98611526328854,0.864,0.749,0.000198806268364011,"8","LY6E"
8.25998743393573e-09,2.67317841765061,0.432,0.141,0.00019950347649185,"8","CDC42EP1"
1.27612081662161e-08,2.12339680024775,0.636,0.296,0.000308221460838618,"8","SEPT11"
1.30833341403823e-08,2.70008323725371,0.568,0.269,0.000316001769492653,"8","CYB5A"
1.68124305478385e-08,1.03204441056614,0.977,0.891,0.000406070635021944,"8","COX5B"
1.73668990336532e-08,3.35244553429992,0.432,0.148,0.000419462712359825,"8","STMN1"
1.81976161599237e-08,4.35434834947692,0.273,0.062,0.000439527023110637,"8","KCNE4"
2.11523301187728e-08,1.7390080206761,0.773,0.479,0.000510892229358719,"8","TCF4"
2.20473747742234e-08,2.38390467426769,0.591,0.269,0.000532510242921818,"8","RPS4Y1"
2.38815678740706e-08,1.99051944808799,0.909,0.849,0.000576811508862427,"8","CSTB"
2.44522192059473e-08,1.37491367166167,0.886,0.628,0.000590594450481246,"8","HES1"
2.86560537562648e-08,1.99382411413438,0.682,0.379,0.000692129666375064,"8","RSU1"
2.96958311371458e-08,3.0838808598288,0.477,0.183,0.000717243409455484,"8","MDK"
2.98261026049884e-08,2.36444379621465,0.364,0.105,0.000720389856218286,"8","UVRAG"
3.31734791136655e-08,3.0480744069069,0.273,0.064,0.000801239041032364,"8","RARRES3"
3.42677144011301e-08,2.7014668677869,0.295,0.073,0.000827668105930494,"8","KIAA1217"
3.65822390963118e-08,0.647850448724283,1,0.991,0.000883570820893219,"8","PPIA"
3.8010394537364e-08,1.94606787182991,0.795,0.515,0.000918065059260954,"8","DPYSL2"
3.96795939721445e-08,1.11530073852055,0.955,0.846,0.000958381233209205,"8","NEDD8"
4.58896496147591e-08,1.56781999931122,0.909,0.609,0.00110837270714528,"8","ZFP36L1"
4.69089327625902e-08,2.04134606812806,0.841,0.603,0.00113299145301484,"8","ISCU"
6.10107375167738e-08,2.63609798596366,0.591,0.289,0.00147359234324264,"8","RAB31"
6.82984273932588e-08,2.32593913157187,0.364,0.109,0.00164961191682938,"8","A1BG"
6.93469748005675e-08,2.42209466774179,0.273,0.065,0.00167493748235811,"8","RUNX1T1"
8.97413500170332e-08,3.50055151834412,0.364,0.115,0.0021675228269614,"8","CLEC3B"
1.04021305379992e-07,8.59738982851171,0.295,0.083,0.00251242658884294,"8","HLA-DRA"
1.41004399452249e-07,2.21665070776228,0.409,0.134,0.00340567925997017,"8","MAP1A"
1.41383993531155e-07,2.80303190714447,0.295,0.078,0.00341484759575798,"8","CREB3L1"
1.52819326026547e-07,2.35568754047767,0.614,0.315,0.00369104518151919,"8","PDHB"
1.55708104664973e-07,4.08340914457266,0.318,0.094,0.00376081785197309,"8","ENTPD1"
1.58859833885619e-07,2.8326531055247,0.841,0.683,0.00383694156783936,"8","GNG11"
1.66895992822312e-07,2.53585437342517,0.818,0.611,0.00403103891463729,"8","HCFC1R1"
1.73401513342643e-07,2.8872883886978,0.386,0.135,0.00418816675176486,"8","MUM1"
1.92688854822225e-07,2.55526255722671,0.909,0.878,0.0046540139105212,"8","COL6A3"
1.98955644696201e-07,1.34615996717542,0.886,0.738,0.00480537568634735,"8","SEP15"
2.24332651985942e-07,3.19874626804324,0.364,0.119,0.00541830654341646,"8","EPHA3"
2.43416018202234e-07,1.96018730950172,0.795,0.615,0.00587922708763856,"8","PRKCDBP"
2.52826568902707e-07,3.44973562762465,0.386,0.133,0.00610652011870709,"8","SSH1"
2.63568525613072e-07,2.70290574729754,0.386,0.133,0.00636597059913253,"8","AP2A2"
3.05342895633395e-07,3.05324188598172,0.523,0.24,0.00737494695823339,"8","TFPI"
3.12286901568389e-07,1.12818900354675,0.977,0.874,0.0075426655335813,"8","ARPC3"
3.14487177332053e-07,3.1184893567238,0.341,0.105,0.00759580879410108,"8","PHLDA3"
3.34035108182339e-07,1.28206440091328,0.977,0.915,0.00806794996792804,"8","GPX4"
3.62279778836147e-07,2.90558651935699,0.295,0.08,0.00875014349822947,"8","DDB2"
3.78988272250701e-07,2.9008748371144,0.341,0.109,0.00915370373967117,"8","SP110"
4.50867186461428e-07,2.14468876256027,0.636,0.354,0.0108897951546029,"8","VCAN"
4.53662540187485e-07,2.86457216655437,0.409,0.15,0.0109573113331483,"8","ELN"
4.54897604119779e-07,1.86335724336978,0.432,0.157,0.010987141832305,"8","MXD4"
4.74764547414943e-07,2.8112742661821,0.568,0.289,0.0114669881137131,"8","PDLIM2"
4.9414532388022e-07,0.623081130414127,1,0.988,0.011935092007679,"8","CD63"
4.97118837127883e-07,2.85910637199156,0.409,0.151,0.0120069112731498,"8","CALHM2"
4.97834515768523e-07,0.957556688976026,0.977,0.958,0.0120241970593571,"8","MYL12B"
5.19962004207105e-07,1.21668940249497,0.977,0.923,0.0125586422876142,"8","HLA-C"
5.97254161275933e-07,3.78512401732173,0.273,0.073,0.0144254797572976,"8","SNCG"
6.10192184807869e-07,4.4075451398161,0.273,0.075,0.0147379718396645,"8","ARL4C"
6.51917123190526e-07,1.44024941884422,0.841,0.626,0.0157457542764208,"8","DPT"
6.84381764645453e-07,0.921827245415159,1,0.927,0.0165298727614816,"8","UQCRQ"
6.98942864292166e-07,0.851706420579204,0.977,0.988,0.0168815670012487,"8","S100A11"
7.77203343528495e-07,2.74696112621429,0.295,0.087,0.0187717923562437,"8","KCNN3"
7.9368453680781e-07,1.09577304987457,0.955,0.822,0.019169862617519,"8","FIS1"
8.29822880576942e-07,2.0277956361159,0.364,0.116,0.0200427120345749,"8","SOCS5"
8.3036984643163e-07,0.829421822814662,0.909,0.877,0.0200559229008632,"8","SHISA9"
8.46841450064185e-07,1.39606956040296,0.955,0.952,0.0204537615434003,"8","HLA-B"
8.91418643905948e-07,2.55103762043804,0.273,0.073,0.0215304345062604,"8","CACNA2D1"
8.94092614141622e-07,0.791355968832503,1,0.971,0.0215950189093626,"8","RPS21"
9.65143126924452e-07,2.28529500784522,0.636,0.355,0.0233111019446063,"8","UACA"
1.01448586730398e-06,1.73380720255201,0.364,0.117,0.0245028771529929,"8","HAUS1"
1.08203697698844e-06,2.44255838161633,0.318,0.101,0.0261344391052019,"8","LRRC15"
1.09142388852101e-06,0.871490030599473,1,0.965,0.026361161179448,"8","CFL1"
1.13837728083902e-06,1.97645379152016,0.705,0.488,0.0274952264641049,"8","VAMP5"
1.19804954559624e-06,2.15270266362545,0.636,0.372,0.028936490674786,"8","EHD2"
1.37206134756147e-06,1.04596219890689,1,0.997,0.0331393977276523,"8","SPARC"
1.39526868906777e-06,2.891110911644,0.295,0.085,0.0336999246470539,"8","SEPT4"
1.40419790964901e-06,3.07703013299624,0.25,0.066,0.0339155921117526,"8","BCAS3"
1.47117155985936e-06,1.1248814259264,0.977,0.893,0.035533206685283,"8","LMNA"
1.48976207715224e-06,3.70747549695035,0.5,0.25,0.0359822234494581,"8","PPAP2B"
1.53193354727812e-06,2.01691687633565,0.364,0.121,0.0370007909674085,"8","SPNS1"
1.54012237343595e-06,2.52678410909565,0.523,0.254,0.0371985756855986,"8","NRP1"
1.61729327127191e-06,0.789510730845917,1,0.987,0.0390624843810305,"8","SERF2"
1.68382335913375e-06,2.06233085842269,0.341,0.112,0.0406693855931574,"8","CDH11"
1.75139176975059e-06,1.8227669725275,0.636,0.369,0.0423013654147861,"8","MYOF"
1.75140843840102e-06,1.16374438431795,0.932,0.87,0.0423017680126999,"8","SEPT7"
1.7847365749564e-06,1.11911301399008,0.886,0.724,0.0431067424949218,"8","MTRNR2L9"
1.87583047088653e-06,2.46890623677068,0.477,0.233,0.0453069333633224,"8","CAT"
1.93492605982572e-06,1.15793785911415,1,0.988,0.0467342691229706,"8","PTMA"
1.94904567520635e-06,2.79415840148044,0.341,0.115,0.0470753001932589,"8","S1PR3"
2.04320369450926e-06,1.47506280043238,0.909,0.727,0.0493494988334821,"8","PPIC"
2.07953836541008e-06,3.78182170997091,0.273,0.082,0.0502270901397497,"8","C1QTNF6"
2.10712602454399e-06,2.57736441574778,0.977,0.956,0.0508934148708109,"8","COL6A1"
2.11230264111938e-06,1.56434449676517,0.955,0.802,0.0510184456909564,"8","SEPW1"
2.11441943271805e-06,1.58785147822569,0.773,0.528,0.0510695725584391,"8","DRAP1"
2.14550839830026e-06,1.71370372921493,0.682,0.411,0.0518204643441461,"8","TCEAL8"
2.19603704368098e-06,3.41960432452922,0.273,0.08,0.0530408827160267,"8","TCN2"
2.25785927865662e-06,3.46297417436979,0.25,0.069,0.0545340751573933,"8","LPAR6"
2.43230051311148e-06,1.98330139036977,0.523,0.243,0.0587473542931817,"8","PHYH"
2.5476125577814e-06,0.825524933746017,0.955,0.906,0.0615324861080943,"8","NDUFS5"
2.58300961522881e-06,1.87054687475687,0.341,0.112,0.0623874312366216,"8","LACTB"
2.65794427583561e-06,1.57677851264228,0.864,0.679,0.0641973280942576,"8","ID1"
2.78965161519816e-06,2.29217749358468,0.5,0.238,0.0673784554618812,"8","SPON2"
2.82792583586557e-06,2.28700820488491,0.25,0.066,0.0683028927136611,"8","CASP7"
2.92605215823082e-06,1.12822444029671,0.909,0.729,0.070672937777749,"8","ATP6AP2"
3.05751445506657e-06,1.96093927245837,0.659,0.422,0.0738481466332229,"8","NREP"
3.62681002918676e-06,3.79901298375926,0.25,0.071,0.0875983426349478,"8","PAMR1"
3.81234795394365e-06,2.69512236249736,0.705,0.489,0.0920796401316009,"8","DKK3"
3.96426869834953e-06,1.9123123547164,0.364,0.131,0.0957489818712363,"8","NTAN1"
3.97753459442576e-06,2.15100927264359,0.364,0.132,0.0960693930591654,"8","PHKB"
4.13979186990964e-06,0.616672389949938,1,0.984,0.0999883930339276,"8","RPL27A"
4.13979365815715e-06,1.46999476276845,0.591,0.332,0.0999884362254697,"8","MTRNR2L10"
4.33560433101048e-06,1.85689935204569,0.432,0.176,0.104717851406896,"8","TBC1D5"
4.41001020368438e-06,2.9065685557527,0.295,0.089,0.106514976449589,"8","PLXND1"
4.53151274031893e-06,2.28978317434618,0.523,0.251,0.109449627216923,"8","ADAMTS2"
4.73445538822011e-06,2.18620665455587,0.386,0.146,0.11435130099168,"8","HEIH"
4.74355550436895e-06,0.767230914253744,1,0.973,0.114571096097023,"8","RPL28"
4.96731380489121e-06,3.10555372819666,0.341,0.121,0.119975530329537,"8","CCND1"
5.07279126117832e-06,0.392536483322896,1,0.998,0.12252312733124,"8","RPL41"
5.22273835485543e-06,2.40620866738791,0.591,0.357,0.126144799484823,"8","NDUFS8"
5.3391415264711e-06,1.35322948252897,0.955,0.916,0.128956285288856,"8","CRIP1"
6.60461201413148e-06,0.966896626186795,0.932,0.829,0.159521193977318,"8","HNRNPL"
7.20142912303629e-06,0.923335660628872,1,0.978,0.173936117608696,"8","CD9"
7.22830298938463e-06,0.947468116825438,1,0.976,0.174585202102607,"8","LGALS3"
7.28379128024192e-06,0.754220777180635,1,0.991,0.175925410791683,"8","ANXA2"
7.38117578938591e-06,1.42011254675842,0.932,0.93,0.178277538841038,"8","EMP3"
8.01143583595693e-06,1.11586943044129,0.886,0.853,0.193500209745868,"8","BANF1"
8.45001725746443e-06,0.74335953143665,1,0.948,0.204093266819538,"8","COX6C"
9.17445971656646e-06,1.72985506444914,0.864,0.779,0.22159072553423,"8","COL5A1"
9.52368119694001e-06,1.16168569530556,0.886,0.762,0.230025471949692,"8","LEPROT"
9.62070556083348e-06,0.860786368581721,1,0.983,0.232368901410811,"8","SRP14"
9.86955298003543e-06,1.10679927192671,0.818,0.565,0.238379313126796,"8","TGFBI"
1.00759546631432e-05,0.949388761435219,0.955,0.908,0.243364532978899,"8","COX6B1"
1.02112804098068e-05,2.33132859866958,0.477,0.228,0.246633055738063,"8","ZNF652"
1.06611013213496e-05,3.04942286569348,0.25,0.075,0.257497580214557,"8","SLC48A1"
1.09104201905388e-05,1.20979714179964,0.909,0.902,0.263519378862083,"8","NDUFB2"
1.14057144019536e-05,1.51861068334523,0.682,0.503,0.275482219950385,"8","RAB13"
1.21528393595671e-05,1.33112912791849,0.932,0.819,0.293527529051625,"8","MINOS1"
1.27623257636408e-05,2.25360506066627,0.568,0.324,0.308248454169217,"8","IAH1"
1.36982752444735e-05,3.12327074575161,0.341,0.132,0.33085444197977,"8","IRF2"
1.4069600534824e-05,1.6163547356772,0.682,0.5,0.339823061717603,"8","ZFP36L2"
1.42571981797111e-05,1.99655759615528,0.364,0.141,0.344354107634561,"8","VEGFB"
1.52264529481661e-05,1.39224918584435,0.818,0.595,0.367764518057056,"8","C9orf16"
1.55888435459077e-05,1.11264823480374,0.909,0.857,0.376517338164308,"8","OST4"
1.60137012135962e-05,1.04087942870688,0.955,0.833,0.386778925411989,"8","WBP5"
1.67151593381148e-05,1.40731598797372,0.841,0.648,0.403721243493486,"8","KMT2E"
1.70242287230758e-05,1.67985033587229,0.864,0.703,0.41118619634845,"8","SH3BGRL"
1.76318126573489e-05,0.995011421805865,0.977,0.914,0.425861171112949,"8","SUMO2"
1.76612096613382e-05,1.9071037632066,0.795,0.583,0.426571196950302,"8","PDGFRL"
1.76911770575789e-05,0.587026159687614,1,0.961,0.427294999471703,"8","GABARAP"
1.77322084452479e-05,2.86880472669832,0.318,0.119,0.428286030578072,"8","SLC39A10"
1.78997550980166e-05,1.22473685874759,0.886,0.76,0.432332784882394,"8","CCL2"
1.84320962037069e-05,2.34448872501917,0.818,0.663,0.445190419608134,"8","IGFBP6"
1.91758835263403e-05,0.368301612185291,0.818,0.71,0.463155114811696,"8","PARP15"
1.92024099275919e-05,2.28408105244693,0.364,0.148,0.463795806981128,"8","FBLN1"
1.94289345619734e-05,2.07429530524923,0.909,0.85,0.469267056475344,"8","HLA-E"
2.01278786555527e-05,2.19071003142851,0.273,0.087,0.486148653167565,"8","LOC728323"
2.02601771696738e-05,3.41883450997928,0.25,0.079,0.489344059179131,"8","RBPMS"
2.08376379401256e-05,0.924055917227959,0.545,0.265,0.503291469167855,"8","PIK3R1"
2.1252249392076e-05,2.87691044500523,0.318,0.119,0.513305579566812,"8","PXMP4"
2.1397317786876e-05,1.6258758819865,0.773,0.536,0.516809416506417,"8","POLR2E"
2.29983962159281e-05,1.57739065425677,0.818,0.61,0.555480263803312,"8","SCP2"
2.33381639943464e-05,1.68215058736866,0.477,0.22,0.563686674955449,"8","FBXW7"
2.33413427772284e-05,1.29677705318485,0.568,0.278,0.563763452098399,"8","SULF1"
2.35118965349386e-05,1.98504070305405,0.545,0.286,0.567882837008371,"8","LMF2"
2.39935850700412e-05,1.45072169728488,0.75,0.633,0.579517060196705,"8","ESD"
2.41696512398961e-05,1.00540673064554,0.955,0.845,0.58376958639721,"8","ATP5G2"
2.42164841202966e-05,2.3044737361108,0.568,0.322,0.584900740957524,"8","PDGFRA"
2.42413264253517e-05,0.991742491830279,0.818,0.756,0.58550075715152,"8","ABCC9"
2.43901532809777e-05,2.95453262733961,0.273,0.09,0.589095372195454,"8","AGPAT3"
2.71315540196062e-05,1.49404910651379,0.705,0.513,0.655308424235548,"8","BLOC1S1"
2.73214619023087e-05,1.73343436809629,0.591,0.341,0.659895269326463,"8","NDUFS2"
2.90858385321767e-05,1.68962017055266,0.614,0.386,0.702510258067663,"8","PDK4"
3.30388199686802e-05,2.43656897414619,0.386,0.17,0.797986618703534,"8","SSC5D"
3.31697163539708e-05,2.396935565416,0.318,0.124,0.801148159097457,"8","INAFM1"
3.36670875075516e-05,3.03176234005923,0.341,0.135,0.813161164569894,"8","SKA2"
3.36893895892018e-05,2.86212462229881,0.318,0.117,0.813699826747991,"8","EFHD2"
3.39216377749586e-05,2.06901002159962,0.318,0.116,0.819309317178575,"8","FAM127C"
3.50578523974207e-05,1.3542201478045,0.932,0.806,0.846752308954901,"8","PHPT1"
3.5085878784681e-05,1.48170832499859,0.432,0.203,0.847429230286401,"8","CCDC23"
3.61951647029679e-05,2.36239777136093,0.25,0.08,0.874221813070785,"8","FZD4"
3.64344424996828e-05,0.454350493613809,1,1,0.880001089694838,"8","MALAT1"
3.85205518661242e-05,0.678090881262,1,0.991,0.930386889222498,"8","RPS19"
3.87745370247496e-05,5.1825288417394,0.364,0.156,0.936521392758778,"8","RAMP2"
3.90301630967234e-05,2.15592538015635,0.432,0.201,0.942695529275161,"8","GYPC"
3.95668505445515e-05,1.60047926951979,0.795,0.672,0.955658141202552,"8","PLEC"
4.00860555614519e-05,1.22577743880014,0.795,0.572,0.968198499975747,"8","C8orf59"
4.12756793801027e-05,1.87480852826946,0.409,0.18,0.996931484067621,"8","SMIM3"
4.59494852788018e-05,2.66843066525148,0.273,0.094,1,"8","SAMD9L"
4.62681226033718e-05,2.17670105036692,0.409,0.18,1,"8","WWP1"
4.93852235736454e-05,2.1978730759768,0.25,0.079,1,"8","HRCT1"
4.97109620005402e-05,1.97609811086129,0.477,0.234,1,"8","CFI"
5.02475773948575e-05,2.22517516585265,0.386,0.171,1,"8","ANP32A"
5.08610567954078e-05,1.92055573478663,0.659,0.457,1,"8","GPX8"
5.19122759190712e-05,2.87763147466925,0.341,0.144,1,"8","C11orf74"
5.68103884942759e-05,2.37749522955218,0.273,0.095,1,"8","IRAK3"
6.03930078092021e-05,0.955276784703249,1,0.911,1,"8","MYL12A"
6.61005255631184e-05,2.03052873590312,0.364,0.157,1,"8","DAG1"
6.62886090650054e-05,2.2307528633059,0.386,0.183,1,"8","ASB8"
6.64062006970098e-05,1.9496516058835,0.25,0.08,1,"8","FHL3"
6.65796603472517e-05,2.15531446165544,0.386,0.174,1,"8","LOC654342"
6.69740806693046e-05,1.65933165727862,0.455,0.219,1,"8","AHNAK2"
6.70715031999718e-05,1.72151779939789,0.295,0.108,1,"8","MSX1"
6.74086046074509e-05,1.8518809287289,0.636,0.471,1,"8","GSTK1"
6.81465937165863e-05,2.84278770346493,0.432,0.213,1,"8","PMAIP1"
6.96975221862692e-05,1.38558037350483,0.818,0.787,1,"8","GPX1"
7.00092317108958e-05,2.06419367251631,0.386,0.174,1,"8","RIN2"
7.32873030982836e-05,2.09890850285502,0.636,0.459,1,"8","CYP1B1"
7.66333464429209e-05,0.499323570381729,0.841,0.87,1,"8","OPHN1"
7.68538595807515e-05,0.98652237164332,0.886,0.819,1,"8","BRK1"
7.80462940964339e-05,2.31866422144171,0.409,0.205,1,"8","MCUR1"
7.90103956909498e-05,0.83442220880648,0.932,0.923,1,"8","ATP5L"
7.97898648620648e-05,2.23031325375155,0.636,0.48,1,"8","CAPZB"
8.12227303142612e-05,1.24732666978496,0.614,0.343,1,"8","STX8"
8.15254258115476e-05,0.600614755804384,1,0.992,1,"8","RPL18A"
8.24119999452652e-05,2.61676158486826,0.318,0.126,1,"8","MGST2"
8.25394189264507e-05,1.73994229637622,0.614,0.407,1,"8","TNRC6B"
8.35258030351912e-05,2.10003499255193,0.273,0.092,1,"8","TMEM160"
8.56641558550604e-05,0.622393623466556,0.977,0.959,1,"8","RPL35"
8.60078415956536e-05,1.00162207138998,0.886,0.812,1,"8","TMEM14C"
8.60596996517259e-05,0.776675543452824,0.909,0.834,1,"8","ATP5J2"
9.03924886154427e-05,0.967758747884674,0.886,0.718,1,"8","KLF6"
9.17500927762283e-05,2.86908347236168,0.409,0.208,1,"8","BICC1"
9.51962700080953e-05,0.971900603032259,0.955,0.842,1,"8","DYNLRB1"
9.60965941507073e-05,1.79036439907135,0.614,0.393,1,"8","ATP5E"
9.85212154223017e-05,0.469987627929797,1,0.98,1,"8","RPS16"
0.00010023704951181,1.22751749925445,0.955,0.9,1,"8","ATP5I"
0.000100558030375154,1.51257176043093,0.659,0.419,1,"8","SHISA5"
0.000101165062501074,0.970516544125245,1,0.991,1,"8","ANXA5"
0.000103951234750886,1.66971625366683,0.523,0.283,1,"8","RSRC1"
0.000105158271824853,1.24215848683367,0.886,0.751,1,"8","C7orf73"
0.000105769525932564,0.406806054678981,1,0.999,1,"8","RPS27"
0.000108185769893586,1.91850011221635,0.477,0.273,1,"8","DDAH2"
0.000108532864082421,1.99055531425201,0.273,0.099,1,"8","GADD45G"
0.000111749766512839,1.02976139319286,0.977,0.917,1,"8","GSN"
0.000114208904802808,1.31471492043103,0.773,0.623,1,"8","ZNHIT1"
0.00011771332932794,2.24858076849958,0.318,0.13,1,"8","ISCA2"
0.000119360943289286,0.762079270995797,0.955,0.849,1,"8","YWHAB"
0.000122814325084946,1.87504469161869,0.364,0.162,1,"8","SIGIRR"
0.000123603063760533,2.2109661565741,0.409,0.189,1,"8","PLEKHJ1"
0.000126461934570049,1.63202226761693,0.455,0.24,1,"8","DYNC2LI1"
0.000129520785297313,0.956040104550876,0.886,0.852,1,"8","CCL5"
0.00015806790931784,1.62301025515547,0.455,0.226,1,"8","KATNBL1"
0.000167926105270967,1.94019740950357,0.545,0.374,1,"8","FAM195B"
0.000177598495790528,0.910912927919431,0.932,0.941,1,"8","UQCR11"
0.00018546781454826,2.5746757876828,0.318,0.14,1,"8","RNASEH2B"
0.000185767578949876,0.580045695204905,1,0.96,1,"8","DYNLL1"
0.000191379095463446,1.92589313381223,0.545,0.333,1,"8","MYO1C"
0.000192419344911216,3.04023391604072,0.295,0.121,1,"8","DTYMK"
0.000192626677475054,1.14588562680997,0.773,0.557,1,"8","TMEM205"
0.000194482220059326,2.2507089276954,0.773,0.751,1,"8","CFLAR"
0.00019836145510301,0.504914783701503,1,0.985,1,"8","RPS15"
0.000202911711422829,1.97511931146287,0.386,0.189,1,"8","EIF2AK4"
0.000205915631428114,1.76316829853534,0.614,0.443,1,"8","FBN1"
0.000207934035277263,1.50040841454937,0.5,0.272,1,"8","C16orf45"
0.000208455548825803,1.87689226333387,0.727,0.539,1,"8","RAB11A"
0.00021350577790871,1.42965808632955,0.364,0.161,1,"8","GMNN"
0.000213803899666424,1.77110994595147,0.659,0.528,1,"8","SERPINH1"
0.000214070088335875,1.1935677241188,0.773,0.66,1,"8","NDUFA12"
0.00021587387306585,1.04680448654239,0.909,0.893,1,"8","TAGLN2"
0.000218923820791215,2.5515598685316,0.25,0.09,1,"8","TKFC"
0.000227040332854032,1.69818279071487,0.341,0.143,1,"8","GEMIN8"
0.000231705679068351,0.814986590253955,1,0.927,1,"8","CAV1"
0.000232763302331341,1.5177215755992,0.614,0.382,1,"8","MXRA5"
0.000234617782421605,0.819179876237174,0.977,0.965,1,"8","DAD1"
0.000239281998173108,2.06153308211117,0.295,0.12,1,"8","CXXC5"
0.000247193638056597,1.98543610681061,0.409,0.204,1,"8","IFI27L1"
0.000247467949047055,0.745080985808279,0.977,0.914,1,"8","NDUFA13"
0.000253996554656059,0.930001895524585,1,0.978,1,"8","TXN"
0.000268507771239337,3.55025894807484,0.295,0.128,1,"8","ANGPT2"
0.000269501913072187,3.05228243711361,0.386,0.206,1,"8","ARL4A"
0.000272137752570674,1.83970274186619,0.591,0.447,1,"8","ZMYM6NB"
0.000278772464032171,1.97716656391369,0.432,0.238,1,"8","WIPI1"
0.000282938971167606,1.57325980890704,0.545,0.318,1,"8","FNDC1"
0.000283717504500398,1.27275823551335,0.705,0.531,1,"8","DYNC1H1"
0.000296057229554291,1.14543557799716,0.705,0.511,1,"8","PTEN"
0.000304504070124793,1.61963786661997,0.659,0.482,1,"8","KCTD12"
0.000305260205721323,1.3731157062951,0.477,0.256,1,"8","LYST"
0.000306556696287729,0.538863712873511,1,0.991,1,"8","RPL11"
0.000310599220162797,0.448458905233402,1,0.984,1,"8","RPLP2"
0.000312267026282665,1.84769595770629,0.5,0.287,1,"8","SOCS3"
0.00031438665292518,2.02837985903006,0.477,0.286,1,"8","C4orf27"
0.000314619126952901,1.46319879306098,0.795,0.696,1,"8","ANKRD12"
0.000316226993996963,1.79378898065198,0.5,0.293,1,"8","KIFAP3"
0.000319138039793715,1.53654947490988,0.773,0.671,1,"8","MYH9"
0.0003240893618337,0.895884916476069,0.818,0.657,1,"8","VPS29"
0.000331672554105941,2.15213108363312,0.25,0.091,1,"8","CSNK1G2"
0.00033335995075601,1.44797547076588,0.682,0.476,1,"8","ARF5"
0.000352819288346803,1.95503367677659,0.318,0.137,1,"8","ZMYND8"
0.00036858052339895,0.542156386050725,1,0.986,1,"8","RPL39"
0.000380770546678878,1.40085366883495,0.432,0.225,1,"8","SLC44A1"
0.000386302249738609,1.40111558298447,0.386,0.183,1,"8","NIN"
0.000387586244525245,1.06615168165849,0.886,0.702,1,"8","NDUFV2"
0.000391568553435147,2.03954608429604,0.432,0.213,1,"8","ABRACL"
0.000393228218122645,1.3500419249441,0.364,0.16,1,"8","ANKRD26"
0.000402040413160801,0.833133637755866,0.909,0.877,1,"8","RBX1"
0.000405913125549363,2.31397242052585,0.455,0.248,1,"8","TRIQK"
0.00040636605590628,0.763358035016905,0.841,0.756,1,"8","LPP"
0.000433161886466847,1.19086998454137,0.841,0.78,1,"8","RAP1B"
0.000436570784810638,1.0557006158686,0.795,0.728,1,"8","NDUFA2"
0.000442034004945096,1.07217389716186,0.886,0.86,1,"8","ARL6IP5"
0.000454739169854947,1.28262304098325,0.977,0.893,1,"8","ZFP36"
0.000467011154673013,2.37526165455434,0.318,0.147,1,"8","C9orf142"
0.000469234911703645,3.25249328497741,0.25,0.098,1,"8","DOT1L"
0.000477840008323959,1.65732251912113,0.705,0.6,1,"8","APRT"
0.000490340340409102,1.52335081109264,0.409,0.206,1,"8","MED15"
0.000495947085621782,1.315309488275,0.773,0.625,1,"8","POLR2G"
0.000523727903487596,0.824199732427375,0.909,0.857,1,"8","DBI"
0.000534661114363034,0.839519998951002,0.795,0.938,1,"8","CTSL"
0.000569172704835756,1.11636817439114,0.773,0.685,1,"8","CDC42"
0.000573398622855775,1.32849507129951,0.864,0.811,1,"8","AHNAK"
0.000576367782035194,1.92698417695864,0.409,0.227,1,"8","MICU1"
0.000583008431860583,0.46447563220197,1,0.991,1,"8","RPL37"
0.000587516326362428,1.09919489777724,0.568,0.35,1,"8","LINC00998"
0.000606027474311868,0.809268440669346,0.841,0.842,1,"8","METTL21A"
0.000608857645303354,1.86346810733813,0.273,0.114,1,"8","TWF2"
0.000662707948587292,2.32975501915046,0.341,0.169,1,"8","PPP1R14B"
0.000678059353582993,3.4713549344473,0.341,0.17,1,"8","LPXN"
0.000682455918341014,6.06628473366884,0.273,0.121,1,"8","CXCL3"
0.000698294025329686,2.87748400410063,0.341,0.178,1,"8","ZBTB8A"
0.000700084227109359,1.68830808427678,0.477,0.268,1,"8","KIAA1109"
0.000716005564637468,1.77216682085658,0.591,0.45,1,"8","BLVRB"
0.000728540176657721,2.16545914020641,0.25,0.101,1,"8","RUNX2"
0.000732189433991962,1.81423081332179,0.477,0.305,1,"8","LINC01116"
0.000735498655110034,2.2193742588771,0.386,0.211,1,"8","ADD3"
0.000769678467930633,0.846579530439369,0.909,0.906,1,"8","RPS27L"
0.000794857171439468,1.83617514195353,0.295,0.13,1,"8","DPAGT1"
0.000869686475456634,0.549687189511785,1,0.991,1,"8","RPS12"
0.000871225560759224,0.75926190661538,0.932,0.884,1,"8","KRTCAP2"
0.000874831162489461,1.19159595887807,0.614,0.414,1,"8","SMC3"
0.000875610367040951,1.52284156560161,0.977,0.941,1,"8","PCOLCE"
0.000877576574047018,1.74025594944561,0.318,0.145,1,"8","WDR34"
0.000884730820867163,2.26759427107763,0.25,0.1,1,"8","CENPW"
0.000899418716558016,1.29320237813405,0.864,0.785,1,"8","DYNC1I2"
0.000920194075195643,1.41549770660752,0.432,0.233,1,"8","PTGIS"
0.000926773934036263,1.98949100173729,0.386,0.207,1,"8","PIN1"
0.000932131827579223,1.43294203032408,0.659,0.515,1,"8","GRINA"
0.000944431305985032,2.83629647443247,0.25,0.105,1,"8","NNT-AS1"
0.000957910619845261,1.3818835722288,0.5,0.346,1,"8","MTRNR2L6"
0.000961440665832208,1.22893919499116,0.773,0.671,1,"8","FKBP7"
0.000967428700381238,1.16168535750996,0.659,0.446,1,"8","MKKS"
0.000974494849351895,2.05371850651637,0.295,0.13,1,"8","SNRK"
0.00103684734305746,1.48915369946722,0.409,0.233,1,"8","SH3D19"
0.00103966433845778,1.67205011238402,0.659,0.555,1,"8","JAK1"
0.00107167763377257,1.86448302633753,0.364,0.191,1,"8","ABHD14B"
0.00109089410234492,1.0451411873934,0.636,0.424,1,"8","MT1M"
0.00109877902478206,2.08160025288709,0.341,0.173,1,"8","BACE2"
0.00110800637159896,1.03097564023694,0.909,0.85,1,"8","ATP5H"
0.00110929167316658,1.58199291260375,0.5,0.319,1,"8","MIS18BP1"
0.00115081970132144,0.861912957617487,0.955,0.916,1,"8","COX7B"
0.00115225005225489,1.18807215467733,0.841,0.72,1,"8","ABI3BP"
0.00117375762225665,2.10217313331923,0.25,0.103,1,"8","AHDC1"
0.00118008787771417,1.3494548326926,0.591,0.458,1,"8","LIMA1"
0.00118804592116494,0.734903041051794,0.955,0.944,1,"8","TCEB2"
0.00119114665027377,2.04616956024663,0.386,0.219,1,"8","TMEM173"
0.00119413650892529,2.82786725043136,0.25,0.106,1,"8","HEG1"
0.00120961779677658,0.747226182104116,0.864,0.778,1,"8","SSB"
0.00121402707922747,0.921815379907102,0.886,0.707,1,"8","DAB2"
0.00122899752770195,0.626748284636152,0.909,0.914,1,"8","UGDH-AS1"
0.0012390521749905,2.1194652598313,0.364,0.19,1,"8","WIPF1"
0.00126209928954259,1.58893062640215,0.318,0.146,1,"8","CCBL2"
0.00128896758810516,1.40372871567153,0.341,0.161,1,"8","BTBD6"
0.00129244909148592,0.867933054969298,0.295,0.129,1,"8","RAB32"
0.0012988172941928,1.20159639994223,0.773,0.612,1,"8","FKBP11"
0.0013099986565222,1.53170689926486,0.614,0.46,1,"8","ZNF106"
0.00131713426075727,1.80766066030159,0.523,0.34,1,"8","MYO1B"
0.00132920980882573,0.401729457797743,0.977,0.993,1,"8","RPL13"
0.00133998090693641,1.46692823312501,0.477,0.316,1,"8","UROD"
0.00141114254886921,1.69796486414196,0.364,0.194,1,"8","STK17B"
0.00141404867232085,0.81232111965204,1,0.988,1,"8","SH3BGRL3"
0.00141487221194477,0.51971788313535,0.909,0.824,1,"8","UQCR10"
0.00143976733037872,0.461268455025535,1,0.991,1,"8","RPL32"
0.00144605542714055,1.29038295401106,0.545,0.343,1,"8","ITGAE"
0.00144801561407538,1.14906330595502,0.614,0.454,1,"8","CDC123"
0.0014492668855616,1.70245418399946,0.932,0.961,1,"8","COL6A2"
0.00145200211676763,1.43569438326849,0.727,0.671,1,"8","C19orf70"
0.0014537778073267,2.07219166829581,0.295,0.141,1,"8","CD40"
0.00147080076714462,1.86311512138101,0.25,0.107,1,"8","PPAP2A"
0.00152549512966816,0.681858417717685,0.977,0.966,1,"8","LAPTM4A"
0.00155286922236298,1.15249650360078,0.318,0.152,1,"8","PGPEP1"
0.00155288636270449,0.924798175842532,0.591,0.363,1,"8","MRPS14"
0.00155693233618045,1.11469969010378,0.295,0.139,1,"8","KLF7"
0.00155888562302019,1.61040358122127,0.455,0.272,1,"8","CEBPD"
0.00158911676819951,1.46867117432854,0.318,0.148,1,"8","EXT1"
0.00164564686849121,2.20644271938178,0.318,0.165,1,"8","MAPK13"
0.00165097517315003,2.38067388136216,0.25,0.112,1,"8","AGAP3"
0.00165957707992664,0.306439113816717,0.136,0.408,1,"8","NBPF8"
0.00166699972645686,1.14486777645513,0.773,0.706,1,"8","CAP1"
0.00166936913586056,1.7786130972063,0.318,0.155,1,"8","KANK2"
0.00168189189413741,1.30286946058037,0.614,0.464,1,"8","CLEC11A"
0.00168924982325778,1.3413424252754,0.727,0.596,1,"8","TUBB"
0.00171027668330575,2.30038646928705,0.295,0.135,1,"8","WBP1L"
0.00172083959122436,1.42056210048476,0.273,0.126,1,"8","BNC2"
0.00175655255416732,1.35394988068586,0.659,0.573,1,"8","PSMD13"
0.00175814285845105,3.25775348705276,0.273,0.13,1,"8","SRD5A3"
0.00179600032761461,1.14665045392405,1,1,1,"8","FTL"
0.00181886721332616,1.70322092068772,0.5,0.315,1,"8","MPG"
0.00182221115055179,1.54270210700931,0.477,0.301,1,"8","RNF145"
0.00183557546638526,2.67818834623787,0.273,0.123,1,"8","GM2A"
0.00184708102300526,0.882674803336855,0.341,0.163,1,"8","ADGRE5"
0.00185274425484685,0.801269639010752,0.864,0.817,1,"8","ATP5F1"
0.00187611772627468,1.8712047019996,0.886,0.806,1,"8","CALD1"
0.0018919961860252,2.12562926566401,0.341,0.176,1,"8","KIAA0930"
0.00189828283481421,1.30600979303667,0.614,0.443,1,"8","LINC00674"
0.00195060858928394,2.50218472454568,0.25,0.111,1,"8","ARHGAP35"
0.00196352809150757,1.9323264000069,0.273,0.126,1,"8","LOC374443"
0.00196999028306412,1.66914009512986,0.545,0.374,1,"8","LAMC1"
0.00197422065802317,1.34521657467176,0.318,0.148,1,"8","GUCD1"
0.00200478758011398,1.10840450791942,0.25,0.099,1,"8","ABTB1"
0.00200551420920028,2.27583768309424,0.273,0.127,1,"8","MAML2"
0.00203395540249456,0.699454203130132,1,0.967,1,"8","RPL23"
0.00203975315458551,0.578140432060873,1,0.986,1,"8","RPL27"
0.0020770093559249,1.24411510608482,0.659,0.557,1,"8","PSMG2"
0.00208213968159601,1.83950578647468,0.568,0.448,1,"8","THBS2"
0.00208402030279614,2.43849276153902,0.364,0.212,1,"8","SUCLG2"
0.00209565976515304,0.959661447843159,0.818,0.795,1,"8","AP2M1"
0.00211917656765207,1.67955411441308,0.568,0.407,1,"8","LAMTOR2"
0.00212182488403633,1.79721109912973,0.295,0.138,1,"8","COQ6"
0.00214224718596448,2.1416460246956,0.591,0.464,1,"8","ANXA4"
0.00215606290707535,1.49924037205403,0.341,0.178,1,"8","PLEKHA5"
0.00217538298806288,0.481211173413934,1,0.97,1,"8","RPS28"
0.00217732296498524,2.23632180487386,0.318,0.162,1,"8","ETHE1"
0.00218315891203435,1.30853099092537,0.636,0.477,1,"8","MRPL55"
0.00224999929354654,1.22300843993486,0.568,0.388,1,"8","C15orf61"
0.00227808168593104,1.77023865109154,0.341,0.188,1,"8","PDIA5"
0.00232372639750823,2.35051555905706,0.295,0.143,1,"8","SMC6"
0.00232567511198988,0.434745345142667,1,0.97,1,"8","RPS26"
0.0023507549633284,1.77179412233287,0.386,0.232,1,"8","EVA1B"
0.002384644407747,0.527816979509573,0.386,0.229,1,"8","BRIP1"
0.00239321693697125,1.40238749169275,0.568,0.451,1,"8","FSCN1"
0.00239786515408982,2.49986811041625,0.295,0.145,1,"8","RUSC1"
0.00244250851046507,1.07239071328719,0.977,0.921,1,"8","CD81"
0.00244945643132292,1.22740120274096,0.841,0.706,1,"8","CHURC1"
0.00245049879466465,0.972536944144411,0.5,0.302,1,"8","SNTB2"
0.00245092114552043,1.00207784536325,0.886,0.858,1,"8","TPM3"
0.00247162631182689,1.67319387694573,0.386,0.203,1,"8","RPA1"
0.0025086194843729,1.29512055646898,0.523,0.343,1,"8","FAM96A"
0.00253980686990472,1.35690958799136,0.909,0.891,1,"8","COL5A2"
0.00258907401187569,0.999877605944854,0.886,0.839,1,"8","FSTL1"
0.00260595309682471,1.45100890341045,0.477,0.308,1,"8","C19orf24"
0.00261913099522824,1.39999936224505,0.432,0.248,1,"8","HERC1"
0.00264622710905304,0.653748177413692,0.341,0.178,1,"8","PCDH11Y"
0.0026516998088095,0.61803442787039,1,0.972,1,"8","PFDN5"
0.00266533961194869,0.95302261839058,0.545,0.334,1,"8","TIA1"
0.00266999951943969,1.2146024453763,0.341,0.165,1,"8","ZNF331"
0.00269649672965282,1.75494437552377,0.409,0.237,1,"8","INTS10"
0.00279122293998548,1.77749257331526,0.477,0.322,1,"8","VAT1"
0.00279502938168956,1.90960512738203,0.409,0.237,1,"8","GMPPA"
0.00289932017812329,1.91861221838749,0.318,0.165,1,"8","AKIP1"
0.00292187962116399,0.698074633729797,0.977,0.931,1,"8","TIMP2"
0.0029232911370736,1.05057420117557,0.773,0.735,1,"8","ZNF706"
0.00293848608423133,0.521347121338287,0.909,0.941,1,"8","COX6A1"
0.0029509306722526,1.96146684634194,0.318,0.165,1,"8","COMMD8"
0.00306844640065951,1.24576937368198,0.795,0.696,1,"8","FAM127A"
0.00311289882993285,1.06269032939322,0.705,0.544,1,"8","OPTN"
0.00312147230693123,0.680436892082662,0.932,0.902,1,"8","C4orf3"
0.00313356903203193,1.52920833156359,0.477,0.28,1,"8","STAT1"
0.00319226211661493,0.869584155775964,0.955,0.879,1,"8","USMG5"
0.00321828024577103,2.42686228173663,0.341,0.194,1,"8","CLN8"
0.00326129746703879,2.12227999067922,0.364,0.217,1,"8","SLC50A1"
0.00328866383266836,0.446077882240584,0.977,0.966,1,"8","NDUFA4"
0.0032922056795675,2.08045215186719,0.318,0.173,1,"8","CCDC3"
0.00331846726458717,0.75491014472166,0.455,0.256,1,"8","MRPS27"
0.00338312675715828,1.70890629182921,0.364,0.208,1,"8","NSMCE4A"
0.00342796025757069,0.32875446909549,1,0.997,1,"8","RPLP1"
0.00344072261492273,0.861331040876777,0.864,0.855,1,"8","GUK1"
0.00347362431623831,0.631639738217566,0.341,0.169,1,"8","SERTAD4"
0.00355431839496,1.25615465912195,0.773,0.648,1,"8","PRRX1"
0.00355928721505804,0.803783529298136,0.886,0.808,1,"8","FCGRT"
0.00357940773327804,0.80427422874112,0.318,0.154,1,"8","ERCC4"
0.00361777757461128,0.43628303094715,1,0.973,1,"8","TMA7"
0.00366474880642342,1.19683876834206,0.386,0.214,1,"8","SH3KBP1"
0.00367279559576692,1.28461067401814,0.5,0.319,1,"8","DUSP6"
0.00377984650924558,1.21369951211413,0.523,0.351,1,"8","ARHGAP1"
0.00382520048275541,1.4280401009647,0.523,0.367,1,"8","ANTXR1"
0.00384936090080094,1.07986862791201,0.75,0.652,1,"8","AP2S1"
0.00390991348244068,1.17504058633727,0.477,0.295,1,"8","PHF11"
0.00394417491347374,3.03102022285173,0.295,0.158,1,"8","CTSS"
0.00400508234320927,0.918511171215049,0.795,0.743,1,"8","RWDD1"
0.00401223577753507,0.565194404029945,0.841,0.834,1,"8","TTC3"
0.00402367021101476,1.51941473354365,0.568,0.422,1,"8","CUX1"
0.00406320442477112,0.446560973402482,1,0.988,1,"8","RPS18"
0.00407327069989962,0.534284215086943,1,0.974,1,"8","RPS15A"
0.00407937839630396,2.09008314948898,0.364,0.212,1,"8","IFT52"
0.00408442264672459,1.64447050077122,0.318,0.17,1,"8","NTPCR"
0.00416739889051683,1.92203923111526,0.25,0.115,1,"8","LOC154761"
0.00419555568467634,1.05656215453118,0.75,0.643,1,"8","TRAPPC5"
0.00419714580318264,1.53131701926587,0.523,0.377,1,"8","PPP2R3C"
0.00421875283087066,1.29237876182175,0.636,0.476,1,"8","MEAF6"
0.00424462163641889,1.63457009723249,0.568,0.413,1,"8","SNX6"
0.0042582844313246,2.48370068971424,0.273,0.135,1,"8","TRAPPC2B"
0.00426694854264935,0.65726788865687,0.386,0.211,1,"8","HINT3"
0.00427557483920817,1.33304249133446,0.705,0.586,1,"8","FRG1"
0.0042842180673895,1.3029156919737,0.432,0.265,1,"8","CYFIP1"
0.00435651431949613,1.84473805761622,0.273,0.13,1,"8","NEDD4"
0.00444849447145669,0.783160989252923,0.932,0.958,1,"8","HLA-A"
0.00448497868625464,1.96744721395507,0.614,0.495,1,"8","ATL3"
0.00448693942776691,0.535634405904081,1,0.948,1,"8","ITGB1"
0.00450128518736171,1.93002927342344,0.318,0.17,1,"8","FLYWCH2"
0.00456392228680729,1.44816537206019,0.75,0.684,1,"8","SEPT2"
0.00457824838819885,1.90857989848876,0.409,0.254,1,"8","ITGBL1"
0.00462644554893232,1.40210194398891,0.477,0.307,1,"8","REV3L"
0.00472458884887,0.829751503094623,0.75,0.622,1,"8","SYPL1"
0.00472742048244016,1.73340017199512,0.386,0.226,1,"8","LTBR"
0.004763558859202,1.72290733773591,0.364,0.208,1,"8","SYNE2"
0.00479024329660115,1.12967032178776,0.273,0.13,1,"8","PTPRF"
0.00481255904563517,1.82439164028031,0.409,0.266,1,"8","FAM127B"
0.00482708442227219,1.469982255358,0.545,0.391,1,"8","PGLS"
0.00485753339036102,0.44720560676716,0.977,0.975,1,"8","DSTN"
0.00495674789209885,1.1117849848918,0.364,0.198,1,"8","CREB1"
0.00496834685112025,0.752004624385876,0.75,0.744,1,"8","CAST"
0.00500543092164431,1.28332354306313,0.273,0.136,1,"8","LINC00924"
0.00506315745298961,1.8823722650466,0.25,0.116,1,"8","CC2D2A"
0.00512471300905985,1.90925541305494,0.341,0.198,1,"8","CIZ1"
0.00515330960390065,1.85972269257026,0.273,0.132,1,"8","PHF12"
0.00515660277060209,1.30618096660093,0.545,0.388,1,"8","IFNGR2"
0.0052213559337743,1.57109238306664,0.409,0.269,1,"8","PLEKHA4"
0.0052503063690604,1.14953371227157,0.682,0.527,1,"8","C16orf13"
0.00529916465695888,0.348708699336338,1,0.996,1,"8","RPL10"
0.00533131990876289,1.20031954281359,0.727,0.638,1,"8","SPATS2L"
0.00556942009810724,1.05381850149036,0.591,0.429,1,"8","SASH1"
0.00560418159514668,1.88042849933555,0.386,0.234,1,"8","CASP4"
0.00569216237655801,1.94790793183001,0.25,0.119,1,"8","SESN1"
0.00575496374832413,1.20811882334067,0.705,0.604,1,"8","ATP5D"
0.00575563261648932,1.60887764835489,0.614,0.518,1,"8","TXNIP"
0.00576647365370938,1.78347575820974,0.5,0.369,1,"8","KLF9"
0.00584455793071438,2.09662044056896,0.386,0.24,1,"8","ST5"
0.00588985741586756,1.70983330066995,0.25,0.12,1,"8","CORO1B"
0.0059477065300727,1.30057051235309,0.75,0.656,1,"8","NDUFB10"
0.00606561688358696,1.37134721808894,0.477,0.322,1,"8","SLC2A3"
0.00611806995264679,1.11504559581367,1,0.901,1,"8","SDCBP"
0.00618386825693083,0.963365732851347,0.909,0.849,1,"8","CLIC1"
0.00620009620199881,1.48822846139122,0.409,0.24,1,"8","TCEAL1"
0.00620172467217566,0.857329804529675,0.477,0.333,1,"8","LOC643406"
0.00628116400624377,0.938548930479419,0.909,0.832,1,"8","LAMTOR4"
0.00630921124945024,0.867662061297796,0.773,0.656,1,"8","SCAF11"
0.00638458133132179,1.479007493553,0.477,0.295,1,"8","RNF213"
0.00642403943118374,3.56787617415622,0.318,0.191,1,"8","C1QTNF3"
0.00644259617391836,1.28420723867963,0.614,0.542,1,"8","HLA-H"
0.00646737293783426,1.43480438353216,0.409,0.258,1,"8","ZDHHC20"
0.00650959484672499,0.704476878206185,0.955,0.915,1,"8","ATP5J"
0.0065728401633893,2.77509578463915,0.295,0.157,1,"8","PYCARD"
0.00657311839129294,2.46178159443387,0.409,0.259,1,"8","STEAP4"
0.00660359605292985,1.5533506320447,0.386,0.232,1,"8","RAP2C"
0.00662886857672717,0.411620083781482,0.977,0.991,1,"8","RPL36"
0.00663906934210345,1.42762227816864,0.818,0.786,1,"8","MXRA8"
0.00663917788776832,1.72236954878093,0.341,0.2,1,"8","GPCPD1"
0.00664589729038008,3.02571772071661,0.318,0.194,1,"8","RIT1"
0.00664753371372899,2.21369628543175,0.25,0.123,1,"8","PLEKHM3"
0.00669439631174817,1.45120889348282,0.318,0.167,1,"8","HIBADH"
0.0066980015539183,1.18086036786289,0.841,0.814,1,"8","ANAPC11"
0.00676944791878858,0.509556095782181,0.932,0.87,1,"8","NDUFB4"
0.00686692259201291,1.05345230986349,0.455,0.269,1,"8","EPN2"
0.00687106192048626,0.292701755547546,0.295,0.551,1,"8","MED19"
0.00689505850017906,2.94776919784111,0.273,0.148,1,"8","TRIP10"
0.00697097025109153,1.47941927765669,0.614,0.5,1,"8","TACC1"
0.00729912850284216,1.27348042808292,0.432,0.29,1,"8","SPC25"
0.00733667518099747,1.51141555170926,0.386,0.229,1,"8","ZBTB7A"
0.00736832539353282,1.11202881061444,0.705,0.557,1,"8","ARL2"
0.00737602585545541,0.610081970599164,0.955,0.881,1,"8","CYB5R3"
0.00757589272461924,1.73199555937152,0.341,0.198,1,"8","ATF7IP"
0.00758326260960072,1.13940893859166,0.773,0.746,1,"8","ARHGDIA"
0.00764420666480163,0.918637891126397,0.682,0.544,1,"8","RBFOX2"
0.00774221656568893,1.2042231645687,0.591,0.454,1,"8","MIEN1"
0.00778236059851344,1.73169326853062,0.409,0.252,1,"8","ADH5"
0.0079243644147417,1.24060716236739,0.545,0.396,1,"8","SLC39A13"
0.00794340475438281,1.47464567387078,0.636,0.553,1,"8","ATP6V0D1"
0.00794550803128537,1.27607218568519,0.614,0.494,1,"8","ARPC1B"
0.00802709380894752,2.08971422538323,0.25,0.123,1,"8","PRUNE2"
0.008235385327185,1.57014973331791,0.318,0.176,1,"8","ELMO1"
0.00831796049233034,0.346451881026685,0.341,0.538,1,"8","ZC3HAV1"
0.00844850866288645,1.89483971616536,0.25,0.123,1,"8","MBOAT7"
0.0085905006352999,1.10710290132169,0.477,0.32,1,"8","CD276"
0.00866961543263976,0.846588345918129,0.955,0.9,1,"8","COX7A1"
0.00874108318221879,1.23897291090763,0.477,0.318,1,"8","PMVK"
0.00874979610851511,1.74595015822131,0.273,0.14,1,"8","GNPTAB"
0.00885322952088234,1.29778430050093,0.364,0.222,1,"8","PTPRA"
0.00907913289337398,1.64838427145934,0.477,0.354,1,"8","PDZD11"
0.00908398084397665,1.46509032907688,0.523,0.388,1,"8","MAGOHB"
0.00913576550555669,0.865695040442613,0.773,0.683,1,"8","RNH1"
0.00913768298829594,0.595291706124704,0.114,0.314,1,"8","DMTF1"
0.0091536875058306,0.698953850609564,0.818,0.731,1,"8","CAPN2"
0.00922399460140104,0.903721716636054,0.455,0.276,1,"8","ATN1"
0.00926641355552126,0.784560266147645,0.795,0.669,1,"8","LINC01420"
0.00934693116858784,1.7396973234758,0.364,0.22,1,"8","XPO1"
0.00948334300911134,1.40519967729537,0.273,0.149,1,"8","IGFBP3"
0.00948337117705364,1.60671977481792,0.5,0.358,1,"8","MRPL15"
0.00949569702864319,0.97086037186207,0.386,0.229,1,"8","TNFAIP8"
0.00951347952704235,0.484213095060286,0.795,0.672,1,"8","DNAJB4"
0.00966826785437027,1.69448412916857,0.273,0.142,1,"8","SCRN2"
0.00980783538078882,2.37412720610798,0.5,0.363,1,"8","DUSP23"
0.00981138900134744,1.48235996556565,0.25,0.122,1,"8","CEP41"
0.00991083498151983,1.25253564747508,0.727,0.679,1,"8","HMGN3"
0.00992244052438646,1.34584229729748,0.432,0.276,1,"8","CCS"
0.00996915266530438,1.2937107843443,0.523,0.382,1,"8","IDH3G"
0.00998022297139782,1.25230921808539,0.341,0.196,1,"8","UBR2"
8.57424931730086e-58,9.21005494357401,0.286,0.004,2.07093843760768e-53,"9","ROPN1"
2.55331070933696e-51,7.45475340098226,0.548,0.036,6.16701135626156e-47,"9","MATN4"
1.52865521134168e-45,6.49255185273252,0.714,0.081,3.69216093195356e-41,"9","ALPL"
3.99120171789317e-38,6.20114667625592,0.405,0.026,9.63994950922738e-34,"9","SMPD3"
8.45182780711981e-35,7.94045713677067,0.786,0.147,2.04136997025365e-30,"9","MMP13"
2.5991820224961e-34,4.40244241788446,0.643,0.089,6.27780433893484e-30,"9","RUNX2"
5.12752176661758e-34,5.00216688985982,0.381,0.026,1.23845033229114e-29,"9","MEPE"
9.03744649863041e-34,6.85858150632904,0.476,0.044,2.1828144528142e-29,"9","IL17B"
1.6449922747511e-27,5.29634071316534,0.262,0.014,3.97314984120632e-23,"9","SERPINI2"
1.93134950440096e-26,5.60725405171765,0.262,0.015,4.66478845797964e-22,"9","SLC8A3"
6.36882789140486e-26,4.05467094353055,0.786,0.205,1.53826300061101e-21,"9","PTH1R"
2.38065220718043e-25,4.00301835671531,1,0.419,5.7499892760029e-21,"9","COL1A1"
5.3352883890496e-25,3.69864326973415,0.476,0.062,1.28863220460715e-20,"9","TMEM119"
7.97903985461686e-25,6.30358772719589,0.357,0.034,1.92717749608561e-20,"9","CAPN6"
1.81766849634421e-23,6.12915368669603,0.929,0.404,4.39021471922017e-19,"9","COL10A1"
1.96128904534411e-23,3.56106902129539,0.738,0.18,4.73710143121962e-19,"9","MMP2"
6.15443940957282e-23,4.19412962186248,1,0.745,1.48648175059412e-18,"9","IBSP"
9.32355736140772e-23,5.99015690669079,0.262,0.019,2.25191880950081e-18,"9","IRX3"
2.31635611811709e-21,3.05407284940692,1,0.997,5.59469493208821e-17,"9","SPARC"
3.09938001359591e-21,3.59012224506476,1,0.763,7.4859325468382e-17,"9","COL1A2"
3.49756025186015e-21,4.39239882572084,0.262,0.02,8.44765727631783e-17,"9","SP7"
3.80467577473742e-21,4.81618451703925,0.524,0.097,9.18943339872329e-17,"9","BMP8A"
1.2759955658058e-19,4.87346961970812,0.786,0.276,3.08191209009075e-15,"9","COL9A1"
3.42565060128937e-17,3.1022954767291,0.476,0.092,8.2739738972942e-13,"9","SNX22"
1.23669808809978e-16,5.95399840015222,0.333,0.046,2.98699689218741e-12,"9","CA12"
2.55944192507776e-16,3.76893093223018,0.262,0.028,6.18182008164031e-12,"9","SFRP4"
4.34286297739255e-15,4.23204361085159,0.262,0.03,1.04893169492962e-10,"9","LEF1"
1.42366607766529e-13,2.8431724993625,0.952,0.901,3.43858067738498e-09,"9","COL11A1"
1.46005207295891e-13,3.35946232247321,0.952,0.782,3.52646377181765e-09,"9","RBP4"
3.31610970809931e-13,3.65533037420564,0.524,0.146,8.00939977797226e-09,"9","STMN1"
1.0749822263486e-11,2.24120346500391,0.833,0.44,2.59640457129978e-07,"9","AOC2"
1.22316646890791e-11,3.16660847527757,0.333,0.065,2.95431397235327e-07,"9","SCUBE3"
2.47762810279625e-11,4.68710224876029,0.405,0.099,5.98421515668377e-07,"9","LRRC15"
6.44765688416604e-11,2.40186435739341,0.976,0.83,1.55730256723262e-06,"9","COL9A2"
1.04853688809444e-10,1.08705524386431,0.333,0.069,2.53253114581451e-06,"9","RNF144A"
1.72244235854756e-10,2.99563381897339,0.476,0.142,4.16021502859993e-06,"9","OLFML3"
3.12584871538649e-10,1.90827766604191,1,0.992,7.54986240227298e-06,"9","FGFBP2"
3.32812126660322e-10,2.94144152181942,0.452,0.136,8.03841129522676e-06,"9","LPAR4"
3.35499342256131e-10,2.27698735975966,0.667,0.275,8.10331561351233e-06,"9","SULF1"
3.50566303530483e-10,3.73960831636916,0.5,0.157,8.46722792917175e-06,"9","SERPINF1"
6.09214147787205e-10,3.07042604036797,0.405,0.104,1.47143493115044e-05,"9","P2RX4"
1.17358849758685e-09,2.19996201873161,1,0.997,2.83456829822152e-05,"9","COL2A1"
1.26378715729988e-09,2.66003875758398,0.5,0.156,3.05242512102639e-05,"9","LOXL4"
3.24536084191371e-09,2.84590042069805,0.31,0.069,7.83852004147419e-05,"9","CRYBB2"
5.44015089860017e-09,1.61299423516759,0.548,0.21,0.00013139596465389,"9","PMAIP1"
7.14978891486561e-09,3.25262600581346,0.476,0.164,0.000172688851660749,"9","PHOSPHO1"
1.05742331912669e-08,3.43475725380665,0.381,0.111,0.000255399454268669,"9","CADM1"
1.1016930780368e-08,2.00419373183225,0.429,0.125,0.000266091929138228,"9","SRD5A3"
1.44904535986916e-08,3.41059682539891,0.429,0.142,0.000349987925769198,"9","NINJ2"
2.49493264968302e-08,1.04389238678171,0.976,0.931,0.000602601082877941,"9","PARK7"
2.64155879753032e-08,3.22086909517872,0.976,0.744,0.000638015696367498,"9","SPP1"
3.30644058574286e-08,4.4081327350041,0.262,0.058,0.000798604594674472,"9","SMIM5"
6.04667962715614e-08,0.716612814136465,0.81,0.397,0.00146045453034702,"9","IL11"
7.9818050243312e-08,2.29170515467884,0.881,0.829,0.00192784536752671,"9","MTRNR2L2"
9.46374317984237e-08,2.43431735701892,0.548,0.232,0.00228577789022733,"9","ITGA11"
1.0990309665617e-07,2.6630129737961,0.357,0.109,0.00265448949353647,"9","PGAM2"
1.15127138130196e-07,1.28287585422864,0.476,0.167,0.00278066576725862,"9","ZNF385B"
1.47815811786765e-07,2.56242017664314,0.357,0.105,0.00357019530208574,"9","SMIM10"
3.72358441516757e-07,2.46075508070329,0.429,0.159,0.00899357343795424,"9","EPYC"
4.21519679120733e-07,2.17054848756822,0.833,0.565,0.0101809648098031,"9","TGFBI"
4.60758709810771e-07,2.03432866680231,0.905,0.935,0.0111287051180596,"9","PDPN"
4.88283799401712e-07,1.0656396725728,0.881,0.848,0.0117935186069495,"9","ATP5G2"
5.95399384140639e-07,2.51019290633056,0.452,0.175,0.0143806813251488,"9","PLEKHA5"
6.54559116593022e-07,2.54813119779752,0.524,0.237,0.0158095663430713,"9","ENPP2"
7.19181697336237e-07,1.95508118587612,0.357,0.108,0.0173703955357621,"9","SOX6"
7.42100524689657e-07,2.21050425092504,0.286,0.076,0.0179239539728293,"9","NIM1K"
7.83279075108402e-07,1.44961920682558,0.643,0.341,0.0189185395010932,"9","MTRNR2L6"
9.42759102462863e-07,1.4932799874658,0.881,0.844,0.0227704606017855,"9","MTRNR2L8"
1.07732785144965e-06,2.52650659324907,0.333,0.104,0.0260206995960633,"9","CD24"
1.23126485925592e-06,0.775739045066135,0.976,0.928,0.0297387401456082,"9","UQCRQ"
2.09502089435207e-06,2.53630142082088,0.786,0.576,0.0506010396612855,"9","CPE"
2.78485638068773e-06,1.30532757711659,0.857,0.805,0.0672626361627507,"9","SEPW1"
3.52483039462202e-06,0.515288728837119,1,1,0.0851352285213055,"9","EEF1A1"
4.23616430510463e-06,1.66734885989412,0.357,0.121,0.102316076461192,"9","CCND1"
4.26135236869133e-06,3.07766476600753,0.262,0.074,0.102924443761002,"9","SRPX"
4.90487037738558e-06,1.9718332015482,0.786,0.568,0.118467334224994,"9","MTRNR2L1"
5.08032546446567e-06,1.32009591031115,0.833,0.753,0.122705100943239,"9","C7orf73"
6.73281523640255e-06,3.03460438209993,0.381,0.148,0.162617686404831,"9","KCNN4"
9.1275463031629e-06,1.26964434306729,1,0.966,0.220457625860294,"9","HSPA1A"
9.40341870229539e-06,0.796787796529908,0.976,0.981,0.227120771916541,"9","S100A13"
1.0282740207578e-05,1.10660868465136,0.905,0.779,0.248359024233631,"9","RGS2"
1.03412271489269e-05,2.49353392319723,0.667,0.429,0.24977165932803,"9","SLC44A2"
1.18147906248715e-05,0.304124554163104,0.976,0.892,0.285362637962522,"9","S100A4"
1.23471561233653e-05,1.93645937781373,0.595,0.332,0.298220861847642,"9","MTRNR2L10"
1.32391595502388e-05,2.05929743984812,0.786,0.713,0.319765420616917,"9","COL9A3"
1.47074407247214e-05,1.78093721779408,0.857,0.726,0.355228815824197,"9","RNU6-2"
1.6556871559459e-05,1.32195155506895,1,0.987,0.399898118775614,"9","HAPLN1"
1.77151744815395e-05,1.20018925039243,0.952,0.956,0.427874609252623,"9","TMSB10"
1.82795415883334e-05,1.30817134301182,0.548,0.251,0.441505767983017,"9","ADAMTS2"
1.89606766492944e-05,0.74368773909478,0.952,0.977,0.457957223110407,"9","RPL29"
1.90735552900308e-05,1.79632075245628,0.595,0.368,0.460683580920114,"9","CTSA"
2.51560559743137e-05,2.10316987739145,0.31,0.105,0.6075942199476,"9","NMI"
2.55447569945385e-05,1.68049939644273,0.405,0.158,0.616982515689089,"9","SPTLC3"
2.61874610321888e-05,2.83173011446331,0.286,0.093,0.632505746310455,"9","RRAD"
2.81815240974748e-05,2.77969605566543,0.357,0.141,0.680668351526308,"9","CLIC3"
2.97548361326566e-05,1.45959348750443,0.262,0.081,0.718668557112055,"9","FAM60A"
3.28119280982011e-05,1.73971539687859,0.262,0.08,0.792506499355851,"9","GNG7"
3.46550401553011e-05,0.43614386649263,1,0.998,0.837023184870988,"9","RPL41"
3.82738434094788e-05,1.09888751807749,0.857,0.729,0.92442813986914,"9","PPIC"
4.19251605523586e-05,1.74349098172704,0.571,0.316,1,"9","IQCB1"
4.38093893692309e-05,0.518508121357426,1,0.984,1,"9","RPL27A"
4.5059698969177e-05,2.84146635405136,0.452,0.24,1,"9","SPON2"
4.75593033085256e-05,0.768064418645418,0.381,0.143,1,"9","CDC42EP1"
5.25750073194309e-05,1.22316504542865,0.81,0.557,1,"9","A2M"
6.87804636749251e-05,0.708977709202705,0.952,0.941,1,"9","UQCR11"
7.25082277385677e-05,1.88117322592882,0.381,0.16,1,"9","BTBD6"
7.71572041625451e-05,1.59198654432124,0.929,0.95,1,"9","COL11A2"
0.000104251607543335,0.474192504706429,1,0.991,1,"9","RPL26"
0.000110856052343861,1.28804144373357,0.786,0.728,1,"9","MTRNR2L9"
0.000115837653237962,1.80840989819222,0.262,0.089,1,"9","NID2"
0.000131386608700132,1.45665563956362,0.524,0.281,1,"9","F13A1"
0.000157946315954917,0.750447374229991,1,0.989,1,"9","RPL37A"
0.000167633611092581,1.69952165596857,0.31,0.12,1,"9","CSRP2"
0.000175067020927629,1.97860271956386,0.548,0.373,1,"9","RAMP1"
0.000176926587419953,1.16253434711662,0.833,0.708,1,"9","TALDO1"
0.000189177896720603,1.24079062304668,0.69,0.462,1,"9","CLEC11A"
0.000198326764338746,2.51185167672908,0.857,0.821,1,"9","LECT1"
0.000207064552740174,1.66563415581302,0.333,0.136,1,"9","AHR"
0.000211891624529434,1.59814969267501,0.31,0.125,1,"9","ZNF827"
0.000212608371245064,1.50752888075674,0.405,0.186,1,"9","BMP1"
0.000213373327788022,0.5106211238955,0.976,0.981,1,"9","RPS7"
0.000236326494919602,0.457054405485132,0.952,0.972,1,"9","RPS26"
0.000242617344981703,1.97862406418419,0.429,0.219,1,"9","LAMA4"
0.000245821939804683,1.4940460516933,0.357,0.152,1,"9","CHADL"
0.000245983649516023,0.814792306862102,0.452,0.701,1,"9","FBXO2"
0.000270592160496779,1.37096185130876,0.524,0.298,1,"9","TPM1"
0.000304981623285649,1.20401361351777,1,0.986,1,"9","C2orf82"
0.000307235714559236,1.73892851430552,0.405,0.188,1,"9","HAPLN3"
0.000354135623224337,0.439145420078185,1,0.992,1,"9","RPL18A"
0.000359515994299937,2.2837128617346,0.286,0.115,1,"9","SH3BGR"
0.000373523334093254,1.03692907866006,0.905,0.863,1,"9","OSTC"
0.000389029613894349,2.23252742259365,0.262,0.101,1,"9","DOK1"
0.000397244723249872,1.83856827706223,0.262,0.098,1,"9","SLC8B1"
0.000413151330298594,0.45375608850114,1,0.98,1,"9","RPS16"
0.000423331151403891,1.24250357796117,0.976,0.942,1,"9","PCOLCE"
0.000440392592229936,1.38506989256337,0.31,0.123,1,"9","SRGAP2"
0.000450415627050017,1.53109809457024,0.405,0.2,1,"9","FAM188A"
0.000483311794900838,1.31978829957551,0.286,0.116,1,"9","SATB1"
0.000512986801184133,0.877421395328517,0.31,0.122,1,"9","GLCCI1"
0.000546473049790818,2.10941817083924,0.31,0.134,1,"9","TRAPPC2B"
0.000556936385242214,1.20729929567,0.619,0.387,1,"9","VPS25"
0.000563291334140614,1.28253991157074,0.833,0.74,1,"9","GRN"
0.000573597148456789,2.28537194614467,0.738,0.521,1,"9","GJA1"
0.000586722175110534,1.29799941806503,1,0.991,1,"9","CHAD"
0.000650552248144772,1.4524775964269,0.524,0.306,1,"9","BCKDHB"
0.000675279322720675,2.14188081351676,0.286,0.115,1,"9","INTS4"
0.000683922132030576,1.57267299538198,0.524,0.343,1,"9","FAM96A"
0.000737437003333541,1.84303394252741,0.31,0.133,1,"9","TMEM59L"
0.000740015741439582,1.7340490251551,0.833,0.767,1,"9","SOX4"
0.000742621808915942,1.36984344472263,0.31,0.131,1,"9","PLXNB1"
0.000750269870115644,1.18924284962376,0.643,0.44,1,"9","TXN2"
0.000818348255560067,2.40633743416812,0.286,0.118,1,"9","PPIL6"
0.000829240976056305,2.57275358455939,0.381,0.202,1,"9","WLS"
0.000876930043844625,0.659148006553792,0.881,0.879,1,"9","SNRPD2"
0.000916143159918986,0.378474985996886,0.786,0.504,1,"9","P3H4"
0.000944555709832138,0.316050414702388,1,0.99,1,"9","RPL6"
0.00095983964588839,0.615407558389353,0.952,0.983,1,"9","RPL12"
0.000972800266866274,2.14608948743321,0.429,0.242,1,"9","MOXD1"
0.000995998229227196,1.63833995156273,0.619,0.38,1,"9","ABHD2"
0.00102008362260301,0.581094436567783,0.929,0.822,1,"9","MGST3"
0.00105364294842909,2.23684292369444,0.381,0.214,1,"9","SH3KBP1"
0.0010867354360021,0.561988537928743,0.262,0.105,1,"9","TNNI2"
0.00109317988509417,1.23496314561701,0.405,0.206,1,"9","HMG20B"
0.00110600584147842,1.56153484367624,0.357,0.173,1,"9","GPX7"
0.00116001672270319,1.64575866656639,0.31,0.139,1,"9","NUDT1"
0.00116236657546629,1.31631710593431,0.476,0.256,1,"9","FRG1B"
0.00126747657620716,1.75630934774631,0.476,0.258,1,"9","RAB3GAP2"
0.00127859966090218,1.86437342001677,0.333,0.155,1,"9","GAB1"
0.00131048713638565,1.6672323751265,0.357,0.177,1,"9","LMO7"
0.00133421414617206,1.61046296943108,0.405,0.199,1,"9","JPX"
0.00137834027889069,5.80944531092693,0.286,0.128,1,"9","PENK"
0.00139785713073732,0.65066870323269,0.905,0.92,1,"9","GSN"
0.00161672830339121,0.40656562008355,0.952,0.982,1,"9","RPL7A"
0.00173966720176027,0.519120701421525,0.905,0.945,1,"9","TCEB2"
0.00174036350831701,1.12166299557326,0.81,0.608,1,"9","CTHRC1"
0.00175600868049138,0.845796311279319,0.833,0.669,1,"9","FKBP7"
0.00189990153141811,0.859160228370314,0.429,0.235,1,"9","OSBPL1A"
0.00191367786166905,1.05763382083425,0.5,0.3,1,"9","RNF145"
0.00195517042119044,0.435697596915101,0.976,0.971,1,"9","RPL14"
0.00195660547183171,0.549836022161467,0.976,0.975,1,"9","RPS15A"
0.00195849863064702,0.743044285375468,0.357,0.173,1,"9","DSG3"
0.00198535203347232,1.5687210666958,0.405,0.225,1,"9","LTBR"
0.00212997073708328,1.31573342691422,0.357,0.178,1,"9","LRRC27"
0.00218148157107424,0.37169401162824,1,0.991,1,"9","RPL32"
0.00223849520459233,2.05090417347044,0.69,0.671,1,"9","LOX"
0.00232803394751507,0.513737893542262,0.905,0.928,1,"9","RPSA"
0.00237576327467906,0.375622975781093,1,0.988,1,"9","RPS13"
0.00242055865373287,2.44847454463169,0.548,0.405,1,"9","MEF2C"
0.00256966954453806,1.2301117758298,0.357,0.182,1,"9","SH3PXD2A"
0.00257709946979162,1.02467887115043,0.5,0.292,1,"9","PDLIM2"
0.00267568159820908,0.836800765445495,0.452,0.26,1,"9","IFI16"
0.00273014180807164,1.25826949998034,0.405,0.212,1,"9","PDGFD"
0.00273264413292238,0.507695090514678,0.405,0.213,1,"9","ARIH2OS"
0.00274191883154882,0.688965582933296,0.929,0.918,1,"9","EEF2"
0.00278837399562686,0.918860221952182,0.69,0.528,1,"9","SERPINH1"
0.00281709592658084,1.16661448556451,0.5,0.32,1,"9","PDHB"
0.00282939825545933,1.21326440724976,0.476,0.31,1,"9","SRPK2"
0.00284749618993936,1.73229279205138,0.452,0.293,1,"9","ADAMTS6"
0.00285603005961722,0.352366810840515,0.952,0.973,1,"9","EEF1G"
0.00303012579499892,0.996979861779115,0.69,0.634,1,"9","FABP5"
0.00308409389994169,0.776703123367011,0.667,0.475,1,"9","CRISPLD1"
0.00309626029236983,0.629447887762629,0.929,0.777,1,"9","COL5A1"
0.00312864072102567,1.65317853526264,0.69,0.588,1,"9","SCIN"
0.00313362563949109,1.34182462339386,0.357,0.193,1,"9","ERCC6L2"
0.00325762858698202,0.561337888018936,0.31,0.14,1,"9","SATB2"
0.00332353571327075,2.15824750800405,0.452,0.287,1,"9","C4orf27"
0.0033376916518224,1.48048327935424,0.452,0.272,1,"9","SHC4"
0.00333845730706983,1.00978013229738,0.286,0.129,1,"9","FAM21A"
0.00338825139768712,0.918359336764793,0.619,0.46,1,"9","CYP1B1"
0.00339935370420311,0.455006009904363,1,0.987,1,"9","RPL5"
0.00349492475165679,1.32347809238274,0.5,0.347,1,"9","TLK1"
0.00353030766414462,1.2274404089071,0.357,0.188,1,"9","GNAQ"
0.00354460061517358,2.25812949608799,0.405,0.249,1,"9","KCTD5"
0.00356187730280512,1.40201614268674,0.286,0.13,1,"9","GSTZ1"
0.00357862364929099,0.762017823968881,0.952,0.935,1,"9","CCDC80"
0.00358388278208262,1.03647763456149,0.548,0.334,1,"9","TIA1"
0.00370801924483399,0.988871592993792,0.714,0.643,1,"9","TMEM50A"
0.00382491766656874,2.39447785367234,0.262,0.117,1,"9","SENP1"
0.00391038136665224,0.45516345739632,0.952,0.969,1,"9","RPL23"
0.00435530253732561,0.98573650567771,0.714,0.555,1,"9","ARRDC3"
0.00442695476349478,1.00677071437036,0.786,0.645,1,"9","PODNL1"
0.00466086899544237,2.14898553164892,0.286,0.142,1,"9","SCRN2"
0.00470912769477829,1.04720799723168,0.81,0.661,1,"9","ID3"
0.0047565517601386,2.64086835515609,0.31,0.156,1,"9","CDK6"
0.0047810555854876,1.34530726739603,0.429,0.264,1,"9","RMRP"
0.00505876274134275,1.72419514671528,0.524,0.401,1,"9","CRNDE"
0.00521659666050011,0.556691366968819,0.905,0.942,1,"9","EEF1D"
0.00523017769639714,0.869610706717058,0.286,0.133,1,"9","NOA1"
0.00527106341397619,1.47161610225017,0.476,0.297,1,"9","DIP2C"
0.00531490178306743,0.271798035052068,0.357,0.609,1,"9","CAPNS1"
0.00532189635543982,0.518015960072841,0.905,0.872,1,"9","SPCS1"
0.00533043158262494,1.52228821614743,0.286,0.136,1,"9","MVD"
0.00535631894661554,1.34470903336058,0.762,0.788,1,"9","MXRA8"
0.00552790430551922,0.775886680046566,0.738,0.588,1,"9","FAM32A"
0.00557464430937665,1.28377963466821,0.405,0.249,1,"9","MICA"
0.00563345261942621,0.882837870713824,0.786,0.686,1,"9","GPAA1"
0.00564387019904685,0.700602740611223,0.333,0.164,1,"9","GNPDA1"
0.00573211181953282,0.602853153657252,0.952,0.992,1,"9","RPS4X"
0.00580640840820384,1.67213603431645,0.262,0.129,1,"9","ANGPT2"
0.00586668744463604,1.35380115452707,0.357,0.194,1,"9","NUDT16L1"
0.00592824250582504,1.13712223814033,0.571,0.395,1,"9","ZFYVE21"
0.00606433537488248,0.280425802114926,0.976,0.995,1,"9","RPL34"
0.00608186563983211,0.760449174569081,0.738,0.624,1,"9","ZNHIT1"
0.00618167724800055,1.57090513235114,0.31,0.16,1,"9","TANC1"
0.00619903272408128,1.30244586477771,0.524,0.366,1,"9","MRPS14"
0.00624567150329105,0.966398222478733,0.476,0.302,1,"9","SEPT11"
0.0062866074879421,1.34242379344778,0.262,0.48,1,"9","MAN1A2"
0.0063076356451674,0.611822494473066,0.786,0.693,1,"9","TMED3"
0.00632668221551701,0.30245417188456,0.976,0.988,1,"9","SERF2"
0.00634499454529506,0.695761595987836,0.857,0.898,1,"9","BSG"
0.00641881921619698,0.499794544893373,0.524,0.306,1,"9","USP22"
0.00658900579701534,1.75737416948186,0.262,0.129,1,"9","RNU6ATAC"
0.00664711615696355,0.49811319905473,0.929,0.875,1,"9","ARPC3"
0.00670421966399572,0.864127643261297,0.738,0.54,1,"9","BAMBI"
0.00670978821599237,0.367223953965099,0.976,0.971,1,"9","HMGB1"
0.00676206753337182,1.23362239667374,0.643,0.472,1,"9","CKB"
0.00680641139275506,0.40125478428944,1,0.993,1,"9","RPS3A"
0.00682008701437765,1.73167858244262,0.333,0.184,1,"9","MPST"
0.00693644037245414,1.92787660826591,0.286,0.148,1,"9","C9orf142"
0.00700629971678852,0.624106547660177,0.833,0.761,1,"9","PET100"
0.00703368954532752,1.05428143515864,0.571,0.374,1,"9","EVI2A"
0.00706586967725105,0.787361634686927,0.357,0.189,1,"9","DHRS4L2"
0.00707837082767497,0.735333793065841,0.81,0.872,1,"9","LOC102724699"
0.00727910748099425,1.19100585285105,0.262,0.125,1,"9","SMG9"
0.00739361626292636,1.55625722683708,0.476,0.327,1,"9","VGLL4"
0.00744500397637833,0.344096170588899,1,0.991,1,"9","RPS19"
0.00745514062413041,0.68012836840461,0.286,0.135,1,"9","SNX30"
0.00751316179901339,0.849462659042731,0.667,0.6,1,"9","C9orf16"
0.0075195797680046,1.48467273896347,0.429,0.266,1,"9","CRYBB2P1"
0.00752243997246258,1.36100285810323,0.5,0.345,1,"9","RARS2"
0.00757376412973668,1.17173922783292,0.405,0.228,1,"9","RFTN2"
0.00762239001821669,1.38105001952156,0.333,0.183,1,"9","PHYKPL"
0.00782349623208247,1.53474641186878,0.429,0.272,1,"9","ATP5EP2"
0.00786452453081977,1.41260955096087,0.524,0.398,1,"9","DGCR6L"
0.00788359738790249,0.668133957347333,0.667,0.499,1,"9","RARG"
0.00797405820778401,1.32235804317383,0.429,0.249,1,"9","PDDC1"
0.00815805516568213,1.22948714617241,0.357,0.197,1,"9","DERA"
0.00824218651967683,1.32765590746519,0.619,0.562,1,"9","TSPAN13"
0.00843142927313549,1.65598538037583,0.262,0.129,1,"9","TUT1"
0.00847055074742224,0.827930005822645,0.833,0.718,1,"9","PLOD1"
0.00849190786316065,0.788200300077084,0.452,0.277,1,"9","MCEE"
0.00861872030599964,0.537902149274325,0.333,0.546,1,"9","TBX15"
0.00875158420707535,1.69676230274348,0.333,0.187,1,"9","CSAD"
0.00924637438780715,0.823738062440871,0.381,0.593,1,"9","STOM"
0.00956235325698987,1.74200315827472,0.286,0.153,1,"9","GLMP"
0.00960514176061352,1.94323763589638,0.381,0.231,1,"9","FAM180A"
0.00966860126799357,1.30782725860449,0.381,0.229,1,"9","PCNT"
0.0097201048502277,0.916993234682586,0.643,0.616,1,"9","SCP2"
0.00986520582332157,1.29165138009437,0.452,0.294,1,"9","RAB31"
0.00995909511468082,1.1286281399697,0.262,0.126,1,"9","PARP2"
